Date,0,1,2,3,4,5,6,7,8,9,10,11,12,13,14
2024-12-12,0.9576037526130676,0.033488765358924866,0.008907506242394447,0.821142530142248,0.14186175484930139,0.036995715008450565,0.8335182373980288,0.11217822686982763,0.05430353573214374,0.68,0.26,0.06,0.23421333730220795,0.5228818655014038,0.24290479719638824
2024-12-13,0.9771504402160645,0.017058780416846275,0.005790810566395521,0.8855567755311354,0.10068083144662957,0.013762393022235012,0.9134368966475578,0.05364553942261274,0.03291756392982965,0.9,0.08,0.02,0.24950098991394043,0.5165184736251831,0.23398056626319885
2024-12-16,0.9779540300369263,0.020177410915493965,0.0018685504328459501,0.9145612764301164,0.07466270151652463,0.010776022053358822,0.9282390644119664,0.06716258449485474,0.004598351093178902,0.7,0.24,0.06,0.2297363579273224,0.5718998908996582,0.19836370646953583
2024-12-17,0.9655929207801819,0.024998076260089874,0.009409029968082905,0.8758882309995416,0.08145371258687481,0.04265805641358371,0.8114900928798254,0.1477663147347411,0.04074359238543349,0.74,0.2,0.06,0.23245541751384735,0.5337716937065125,0.23377281427383423
2024-12-18,0.0279510710388422,0.9591313600540161,0.012917604297399521,0.12434589516208501,0.8352875899550843,0.04036651488283071,0.11861148409001668,0.8402311098472663,0.04115740606271699,0.16,0.82,0.02,0.24594327807426453,0.496028870344162,0.2580278515815735
2024-12-19,0.005958982277661562,0.9754661321640015,0.018574919551610947,0.045066602620747125,0.9162280910517703,0.03870530632748266,0.025807522072662393,0.85484832946321,0.1193441484641277,0.1,0.82,0.08,0.2549002170562744,0.4689045250415802,0.2761952877044678
2024-12-20,0.004574418533593416,0.9827854037284851,0.012640231288969517,0.039475558345813566,0.8986659722937421,0.061858469360444264,0.02257861578903703,0.8646842212725113,0.11273716293845168,0.08,0.84,0.08,0.2450481355190277,0.4315313994884491,0.3234204351902008
2024-12-23,0.009915238246321678,0.9494105577468872,0.04067419096827507,0.03362258212629051,0.7153333564592428,0.2510440614144667,0.021405762492607797,0.8722828592323034,0.10631137827508881,0.12,0.72,0.16,0.25325697660446167,0.3980658948421478,0.3486771881580353
2024-12-24,0.0033898453693836927,0.04978330433368683,0.9468268156051636,0.017321874619281124,0.2672332840671551,0.7154448413135638,0.025603565061379095,0.21180784761197707,0.7625885873266438,0.1,0.2,0.7,0.27154916524887085,0.37734419107437134,0.3511066436767578
2024-12-26,0.0010596889769658446,0.02156086266040802,0.9773793816566467,0.008548588619531792,0.11428916534740556,0.8771622460330626,0.014999860089878818,0.11864103626793106,0.8663591036421902,0.12,0.24,0.64,0.258684366941452,0.4010620713233948,0.3402535021305084
2024-12-27,0.010366873815655708,0.9648725986480713,0.024760570377111435,0.01923111822478798,0.8439960823489068,0.13677279942630516,0.014230626457690085,0.812502188907833,0.1732671846344767,0.02,0.84,0.14,0.2706712484359741,0.38762813806533813,0.3417005240917206
2024-12-30,0.009430162608623505,0.009562446735799313,0.9810073971748352,0.025929873390129317,0.04074087486573512,0.9333292517441355,0.027315461263346167,0.04771355738235812,0.9249709813542957,0.06,0.14,0.8,0.28717097640037537,0.3426375091075897,0.3701914846897125
2024-12-31,0.0063750105910003185,0.0218392014503479,0.9717857241630554,0.03530925591668387,0.07971729146601333,0.8849734526173028,0.028791161778488655,0.05478533522064467,0.9164235030008666,0.12,0.08,0.8,0.2903580367565155,0.32901275157928467,0.38062921166419983
2025-01-02,0.9813759326934814,0.014261127449572086,0.004362968262284994,0.8834514256232846,0.09960393905890574,0.016944635317809688,0.9385766194911546,0.02192661038689676,0.039496770121948785,0.86,0.04,0.1,0.3474022150039673,0.33337217569351196,0.319225549697876
2025-01-03,0.9850242137908936,0.013628860004246235,0.0013469128170982003,0.947346595995458,0.04598624800580325,0.006667155998738611,0.9428500298265604,0.03935529954705419,0.017794670626385206,0.84,0.12,0.04,0.36289697885513306,0.32395339012145996,0.31314966082572937
2025-01-06,0.9861832857131958,0.008772943168878555,0.005043809302151203,0.9236531541983349,0.05678054568840714,0.01956630011325803,0.8547820427160735,0.05738392611653844,0.08783403116738817,0.82,0.1,0.08,0.3445163667201996,0.3379250764846802,0.31755852699279785
2025-01-07,0.9875920414924622,0.00867677666246891,0.0037311483174562454,0.9601676320037937,0.023336857520229393,0.01649551047597677,0.906602002998161,0.04223874189343743,0.05115925510840168,0.76,0.18,0.06,0.3499763607978821,0.3432949483394623,0.30672866106033325
2025-01-08,0.9702394604682922,0.02793436124920845,0.0018261544173583388,0.7827129423851457,0.19498846057406427,0.022298597040790156,0.8670870243275284,0.09709612135905642,0.03581685431341526,0.64,0.3,0.06,0.3151301145553589,0.3731648921966553,0.3117050230503082
2025-01-09,0.018111146986484528,0.9796822667121887,0.0022065239027142525,0.10143047672886123,0.8843188743162202,0.014250648954918512,0.03717150414498389,0.9300415216940087,0.03278697416100744,0.14,0.84,0.02,0.2910093069076538,0.389407217502594,0.3195834457874298
2025-01-10,0.01626083441078663,0.9527834057807922,0.030955780297517776,0.10523601747637008,0.7657396767906889,0.129024305732941,0.1461729008511103,0.6416227946389524,0.21220430450993735,0.06,0.82,0.12,0.2969232499599457,0.37009376287460327,0.3329830467700958
2025-01-13,0.029007000848650932,0.9445011615753174,0.026491861790418625,0.12329115954539789,0.7240670520876645,0.1526417883669376,0.08878174434336264,0.8567572007919673,0.05446105486467008,0.14,0.66,0.2,0.33903321623802185,0.33676496148109436,0.3242018222808838
2025-01-14,0.9211742877960205,0.067631796002388,0.011193953454494476,0.6230285398163171,0.3201610681308127,0.05681039205287023,0.7473410143292907,0.19963566926972168,0.05302331640098767,0.62,0.32,0.06,0.34084048867225647,0.35186877846717834,0.3072907030582428
2025-01-15,0.009776797145605087,0.9691957235336304,0.021027473732829094,0.0716106820753052,0.7971703717850587,0.131218946139636,0.0957772707638299,0.8745286535546474,0.029694075681522866,0.04,0.84,0.12,0.32268208265304565,0.34301871061325073,0.33429911732673645
2025-01-16,0.015363172627985477,0.9799067974090576,0.0047300225123763084,0.0625801245552183,0.9108029909078033,0.026616884536978542,0.03610174624467187,0.9439663990592403,0.019931854696087825,0.08,0.84,0.08,0.30192098021507263,0.35238519310951233,0.34569379687309265
2025-01-17,0.9610888957977295,0.020688166841864586,0.018222931772470474,0.8285327232572453,0.08452511901943985,0.08694215772331483,0.6706224250667248,0.16382241789057872,0.16555515704269644,0.76,0.12,0.12,0.26935362815856934,0.40474778413772583,0.32589858770370483
2025-01-20,0.9788377285003662,0.013838429935276508,0.007323884405195713,0.9038445404353884,0.04398446738633092,0.052170992178280653,0.906400703921579,0.04719649091128281,0.04640280516713826,0.88,0.08,0.04,0.26034826040267944,0.4399489164352417,0.299702912569046
2025-01-21,0.02406611293554306,0.9545458555221558,0.021388040855526924,0.07986434189470959,0.8059041324004582,0.11423152570483201,0.05501712447380037,0.888034515697278,0.05694835982892172,0.16,0.74,0.1,0.24565613269805908,0.4139153063297272,0.34042856097221375
2025-01-22,0.015739116817712784,0.972626268863678,0.011634602211415768,0.03421577394900538,0.9305490179077127,0.03523520814328184,0.04086008640930845,0.8652487225580936,0.09389119103259781,0.1,0.76,0.14,0.25386670231819153,0.38289040327072144,0.36324289441108704
2025-01-23,0.009809914045035839,0.9666423201560974,0.023547746241092682,0.08785488828404488,0.7857067238844192,0.126438387831536,0.07682575072391719,0.665430322817763,0.2577439264583197,0.1,0.78,0.12,0.25187456607818604,0.41287750005722046,0.3352479040622711
2025-01-24,0.003586689941585064,0.031152892857789993,0.96526038646698,0.06148007484507694,0.07223327998588368,0.8662866451690394,0.03414578673739865,0.16595564656141346,0.7998985667011879,0.08,0.22,0.7,0.25488314032554626,0.3864274024963379,0.35868948698043823
2025-01-27,0.0023206218611449003,0.011884722858667374,0.9857946634292603,0.02409303538008932,0.050197968030059686,0.9257089965898511,0.051299787552627776,0.056169738489021126,0.8925304739583512,0.04,0.1,0.86,0.24967962503433228,0.35519829392433167,0.39512205123901367
2025-01-28,0.004834896884858608,0.006687866989523172,0.9884772300720215,0.02256455299716032,0.02106011644663431,0.9563753305562054,0.019932346287109822,0.02059466310476721,0.959472990608123,0.06,0.06,0.88,0.2697236239910126,0.36899590492248535,0.3612804710865021
2025-01-29,0.009745007380843163,0.012088833376765251,0.9781661629676819,0.04177186619337482,0.036175570105054025,0.9220525637015712,0.04715994480062666,0.10007121565577265,0.8527688395436006,0.06,0.18,0.76,0.2769433856010437,0.3940528333187103,0.3290037214756012
2025-01-30,0.00493126455694437,0.009219135157763958,0.9858496189117432,0.027737539279744972,0.02435767745509263,0.9479047832651625,0.06850167701001064,0.12003209865902567,0.8114662243309636,0.04,0.1,0.86,0.26155537366867065,0.4095028340816498,0.32894188165664673
2025-01-31,0.008865422569215298,0.024692285805940628,0.9664422869682312,0.04492246668473464,0.11954649868979098,0.8355310346254744,0.14853139756167705,0.05729243718646584,0.7941761652518571,0.1,0.2,0.7,0.28768110275268555,0.41058847308158875,0.30173051357269287
2025-02-03,0.03549066558480263,0.9471983313560486,0.01731107570230961,0.15591045337325865,0.7828514752008443,0.06123807142589699,0.30204046798441786,0.5888781663779619,0.10908136563762028,0.24,0.7,0.06,0.3149019181728363,0.42159250378608704,0.26350560784339905
2025-02-04,0.9937191009521484,0.0034296074882149696,0.0028513255529105663,0.951790989240166,0.030774970630383907,0.017434040129450212,0.9348240808175516,0.050564087858976384,0.014611831323472014,0.94,0.04,0.02,0.3100435733795166,0.44710132479667664,0.24285513162612915
2025-02-05,0.9955891370773315,0.0032718207221478224,0.0011390696745365858,0.9710759160947158,0.022430496378915026,0.006493587526369405,0.9565219116572227,0.031580924939337826,0.011897163403439458,0.98,0.0,0.02,0.2936854958534241,0.4606376588344574,0.24567683041095734
2025-02-06,0.9884175658226013,0.00658016512170434,0.005002222489565611,0.9329778645460982,0.03953008782643735,0.027492047627464457,0.8802084223285227,0.09371879000496398,0.02607278766651332,0.92,0.06,0.02,0.28823184967041016,0.45544934272766113,0.2563188374042511
2025-02-07,0.9864876866340637,0.005489439703524113,0.008022811263799667,0.9450125765388949,0.0332264033740237,0.021761020087081452,0.929129202775926,0.05521614235871873,0.015654654865355146,0.86,0.12,0.02,0.27350056171417236,0.4779532551765442,0.24854625761508942
2025-02-10,0.981090784072876,0.015741631388664246,0.003167562885209918,0.895354455692051,0.08157763963419237,0.02306790467375653,0.8293587281058012,0.15657089972283808,0.014070372171360635,0.88,0.12,0.0,0.2744640111923218,0.4646923243999481,0.2608436942100525
2025-02-11,0.9736353754997253,0.02592451684176922,0.0004401215410325676,0.8750691199156694,0.12183233084479793,0.0030985492395327915,0.8798941138427107,0.1163216031489891,0.0037842830083003516,0.78,0.22,0.0,0.31168943643569946,0.40693461894989014,0.2813759744167328
2025-02-12,0.9489270448684692,0.04978322982788086,0.0012897475389763713,0.8012230889782189,0.19124204836602626,0.007534862655754792,0.8434879673235589,0.1329294014151325,0.02358263126130854,0.7,0.2,0.1,0.331822007894516,0.37817782163619995,0.29000017046928406
2025-02-13,0.07515779137611389,0.9225753545761108,0.0022668763995170593,0.2678284962931497,0.7235525684013996,0.008618935305450772,0.19250496750011706,0.7976795356735594,0.009815496826323478,0.28,0.7,0.02,0.3212219774723053,0.38374361395835876,0.29503434896469116
2025-02-14,0.9395893812179565,0.05564923956990242,0.004761397838592529,0.7596097651111918,0.2246858156170167,0.01570441927179151,0.6966037573460038,0.2860196096472703,0.017376633006725893,0.62,0.3,0.08,0.27785664796829224,0.39306944608688354,0.3290739953517914
2025-02-17,0.03488248586654663,0.9535632133483887,0.01155425701290369,0.1495163172037168,0.7767334883493806,0.07375019444690266,0.14400894667172673,0.8118718339101022,0.04411921941817114,0.14,0.82,0.04,0.26833903789520264,0.3779637813568115,0.3536972403526306
2025-02-18,0.019751757383346558,0.9714904427528381,0.008757841773331165,0.13973467196004355,0.8178622623616781,0.042403065678278375,0.13565196210383385,0.8276312389068232,0.036716798989342915,0.14,0.72,0.14,0.28775206208229065,0.3469197750091553,0.36532819271087646
2025-02-19,0.9520725011825562,0.03384339436888695,0.014084049500524998,0.8582246891739237,0.10798196361136321,0.0337933472147131,0.7105809084579731,0.1949875152057901,0.09443157633623693,0.74,0.16,0.1,0.29008936882019043,0.3572281301021576,0.352682501077652
2025-02-20,0.973551332950592,0.011494722217321396,0.014953982084989548,0.9240531294496086,0.026472404110462002,0.04947446643992928,0.9144839738204614,0.05321789596488855,0.03229813021465009,0.8,0.04,0.16,0.2818159759044647,0.3747853636741638,0.34339866042137146
2025-02-21,0.9690441489219666,0.017379911616444588,0.013575952500104904,0.8461343331122798,0.06020300661838441,0.09366266026933595,0.8461390517730185,0.06188276358642104,0.09197818464056037,0.72,0.14,0.14,0.2820451259613037,0.28991395235061646,0.42804092168807983
2025-02-24,0.9772896766662598,0.019174691289663315,0.0035356557928025723,0.9012241389811338,0.06560537011659978,0.03317049090226636,0.7995697129041279,0.09422058852367131,0.10620969857220075,0.86,0.08,0.06,0.2945391535758972,0.28663626313209534,0.41882458329200745
2025-02-25,0.9500181674957275,0.03819357231259346,0.0117882639169693,0.8486444656725772,0.11138047590574222,0.039975058421680434,0.8407594812488202,0.11462204917164029,0.04461846957953953,0.74,0.06,0.2,0.27533695101737976,0.321993350982666,0.4026697278022766
2025-02-27,0.02561967819929123,0.9364275336265564,0.03795279562473297,0.10449779587316091,0.7048799146528575,0.19062228947398155,0.19116813853307926,0.6427150457372541,0.16611681572966655,0.14,0.76,0.1,0.277413010597229,0.29236215353012085,0.4302249252796173
2025-02-28,0.007042504381388426,0.0250129122287035,0.9679446220397949,0.02767214692031838,0.1275326172990638,0.8447952357806179,0.03212413485979742,0.1155698283889031,0.8523060367512996,0.1,0.14,0.76,0.2525956928730011,0.3177865445613861,0.42961785197257996
2025-03-03,0.004340022336691618,0.9636524319648743,0.032007500529289246,0.028602111581854953,0.7954039548790336,0.17599393353911152,0.02054143370810057,0.8401870365870464,0.13927152970485307,0.04,0.72,0.24,0.27496474981307983,0.2988395392894745,0.4261956512928009
2025-03-04,0.002854864578694105,0.020718654617667198,0.9764264822006226,0.02867865023992534,0.16140931609147577,0.809912033668599,0.04193402903924855,0.18430453921188106,0.7737614317488704,0.12,0.12,0.76,0.2910723090171814,0.2763250172138214,0.4326026439666748
2025-03-05,0.002485015895217657,0.9880120754241943,0.009502846747636795,0.008375243714796306,0.9168743397716587,0.07475041651354497,0.01857414963947445,0.9350957714302026,0.04633007893032281,0.04,0.92,0.04,0.29057854413986206,0.26658496260643005,0.4428364336490631
2025-03-06,0.0032136093359440565,0.9841722846031189,0.012614144012331963,0.010308717596155677,0.9005464338730722,0.089144848530772,0.033018799959887726,0.890198464274583,0.07678273576552916,0.02,0.86,0.12,0.28389573097229004,0.2587420642375946,0.45736220479011536
2025-03-07,0.0057970080524683,0.953161358833313,0.04104160517454147,0.019047732658758216,0.7779326926131723,0.20301957472806928,0.025707161308255407,0.7420370137480544,0.23225582494369026,0.04,0.82,0.14,0.31161943078041077,0.2436024248600006,0.444778174161911
2025-03-10,0.0005813541356474161,0.0237994734197855,0.9756191968917847,0.002371346442309853,0.0644918677854245,0.9331367857722657,0.030686280593848685,0.15791926113548582,0.8113944582706655,0.0,0.22,0.78,0.2985178232192993,0.23843124508857727,0.4630510210990906
2025-03-11,0.0007626228034496307,0.004938174970448017,0.9942991733551025,0.00676189545606574,0.04464758230473946,0.9485905222391948,0.01169305741274167,0.02270669073036599,0.9656002518568922,0.04,0.04,0.92,0.29731330275535583,0.24620421230793,0.45648249983787537
2025-03-12,0.00217148894444108,0.009540894068777561,0.988287627696991,0.006948856209299267,0.01640342026309129,0.9766477235276095,0.025860723662262327,0.03599346276986868,0.938145813567869,0.04,0.08,0.88,0.2925073206424713,0.2552890181541443,0.4522036910057068
2025-03-13,0.0011287552770227194,0.003668673802167177,0.9952025413513184,0.003587332133625572,0.028948251695030153,0.9674644161713443,0.004860904280874521,0.013228572567177894,0.9819105231519475,0.02,0.04,0.94,0.2692674994468689,0.28736698627471924,0.4433654844760895
2025-03-17,0.0015634141163900495,0.003666304051876068,0.9947702288627625,0.019099930973326323,0.03018492976082089,0.9507151392658527,0.03328814140366724,0.0923131337524779,0.8743987248438548,0.1,0.04,0.86,0.27110105752944946,0.32409414649009705,0.40480485558509827
2025-03-18,0.0026735893916338682,0.016675008460879326,0.9806514382362366,0.015629994316789957,0.061948265526000475,0.9224217401572097,0.014197691489018078,0.18107772121145585,0.8047245872995261,0.06,0.12,0.82,0.2849089503288269,0.3524341285228729,0.36265692114830017
2025-03-19,0.008028466254472733,0.958130955696106,0.033840615302324295,0.0391357908325595,0.7989753118524336,0.16188889731500677,0.01844255066362456,0.8374056379578761,0.14415181137849928,0.02,0.72,0.26,0.2723398804664612,0.39593392610549927,0.3317261040210724
2025-03-20,0.01948045752942562,0.9576513171195984,0.02286827564239502,0.07738625209738076,0.8367117445633687,0.08590200333925056,0.1347093668848768,0.7836477394584848,0.08164289365663856,0.18,0.76,0.06,0.2768567204475403,0.4521123766899109,0.27103087306022644
2025-03-21,0.9706711173057556,0.026173794642090797,0.00315507547929883,0.8272277981819023,0.15891694814054308,0.013855253677554642,0.803411626242829,0.14098402198861476,0.055604351768556194,0.82,0.16,0.02,0.2763577997684479,0.4975356459617615,0.22610659897327423
2025-03-24,0.957789957523346,0.039879437536001205,0.0023306102957576513,0.7230503452067597,0.2694164237950708,0.007533230998169473,0.6284827637641042,0.28743853756917453,0.08407869866672124,0.72,0.26,0.02,0.26637089252471924,0.5346227884292603,0.1990063339471817
2025-03-25,0.03605181723833084,0.9518650770187378,0.012083050794899464,0.18458579752391613,0.7506024954851368,0.06481170699094697,0.15340969939387242,0.794785805417596,0.0518044951885316,0.18,0.82,0.0,0.24773317575454712,0.5422044396400452,0.21006233990192413
2025-03-26,0.9832856059074402,0.014766671694815159,0.0019477559253573418,0.9186473079268163,0.07126531447283602,0.010087377600347582,0.8608211185478464,0.12470697808882647,0.014471903363326979,0.8,0.14,0.06,0.2666325569152832,0.5062517523765564,0.22711564600467682
2025-03-27,0.9958032965660095,0.0031947402749210596,0.0010019683977589011,0.9689982693377139,0.025257224863747537,0.00574450579853855,0.8519011477612094,0.13685784780361007,0.011241004435180562,0.84,0.14,0.02,0.2854119837284088,0.4461377263069153,0.2684502601623535
2025-03-28,0.9750139713287354,0.023512406274676323,0.0014735691947862506,0.8147084420683001,0.16309161077690734,0.022199947154792635,0.8099177322011027,0.13716318674900446,0.05291908104989282,0.76,0.18,0.06,0.2799546718597412,0.3922816216945648,0.32776379585266113
2025-04-01,0.9851565361022949,0.010257878340780735,0.004585604183375835,0.9337197448287448,0.04670363225611379,0.019576622915141433,0.8946889908636259,0.08916093231382652,0.016150076822547616,0.92,0.06,0.02,0.2731699049472809,0.3984619379043579,0.3283681869506836
2025-04-02,0.9891818165779114,0.007080306764692068,0.0037379367277026176,0.9424133859005768,0.04392932553581561,0.01365728856360771,0.9099375635805274,0.07627060457122518,0.013791831848247558,0.86,0.14,0.0,0.2561720609664917,0.49551916122436523,0.24830879271030426
2025-04-03,0.9674323797225952,0.020661188289523125,0.011906386353075504,0.8163340151945493,0.10413693677138952,0.07952904803406109,0.7435850068032416,0.21058685812600167,0.0458281350707566,0.76,0.1,0.14,0.23354488611221313,0.4882427453994751,0.27821236848831177
2025-04-04,0.0072118123061954975,0.0356815829873085,0.9571066498756409,0.021240265784340212,0.13398037514409195,0.8447793590715678,0.06590427652078659,0.13936341983360304,0.7947323036456103,0.18,0.16,0.66,0.2538565993309021,0.3871873617172241,0.3589560389518738
2025-04-07,0.003995163831859827,0.008455999195575714,0.987548828125,0.0064401738067435205,0.05245217624075616,0.9411076499525003,0.01953264001106606,0.04678500737400334,0.9336823526149305,0.04,0.04,0.92,0.25478070974349976,0.3226814270019531,0.4225378632545471
2025-04-08,0.0021315221674740314,0.012720267288386822,0.9851481914520264,0.007049279878013935,0.048946472502916866,0.9440042476190692,0.03221298173741857,0.04879769327336228,0.9189893249892191,0.04,0.08,0.88,0.2696126699447632,0.3320853114128113,0.3983020782470703
2025-04-09,0.0027170281391590834,0.00508546968922019,0.9921974539756775,0.010692641316965058,0.0826716950036541,0.906635663679381,0.03313212523776251,0.03824408561878793,0.9286237891434496,0.04,0.04,0.92,0.2824814021587372,0.3579411208629608,0.359577476978302
2025-04-11,0.003875583875924349,0.02475721575319767,0.9713672399520874,0.017871501746312867,0.1321179899984287,0.8500105082552586,0.0465046861894127,0.08968144068286063,0.8638138731277267,0.08,0.06,0.86,0.2876761257648468,0.4039950370788574,0.30832886695861816
2025-04-15,0.013059046119451523,0.01595480926334858,0.9709861874580383,0.05918809750102678,0.08885322869377038,0.851958673805203,0.10248532987993061,0.12116308713234547,0.7763515829877239,0.16,0.18,0.66,0.31882748007774353,0.39787593483924866,0.28329649567604065
2025-04-16,0.006777348928153515,0.01837822049856186,0.9748443961143494,0.056263270064479426,0.07553189539013615,0.8682048345453843,0.05048439821609051,0.04158053288161992,0.9079350689022896,0.1,0.06,0.84,0.3207702934741974,0.3384442627429962,0.3407854735851288
2025-04-17,0.010088486596941948,0.02286209911108017,0.9670493602752686,0.03759068814718035,0.0938276896649729,0.8685816221878467,0.10179012502898886,0.08465488785935531,0.8135549871116559,0.08,0.1,0.82,0.34168577194213867,0.3748563826084137,0.28345784544944763
2025-04-21,0.013296439312398434,0.03653591871261597,0.9501675963401794,0.03065961759683116,0.08304857561261318,0.8862918067905556,0.049367466179172564,0.08381766580055351,0.866814868020274,0.12,0.06,0.82,0.31454983353614807,0.40979665517807007,0.27565351128578186
2025-04-22,0.01795949973165989,0.9661742448806763,0.015866249799728394,0.04335186686594956,0.8798215551621152,0.07682657797193504,0.05372131536997584,0.7794337932501532,0.16684489137987105,0.16,0.68,0.16,0.312344491481781,0.42408430576324463,0.26357129216194153
2025-04-23,0.006474950350821018,0.9857023358345032,0.007822688668966293,0.02185808248815378,0.9467916558790099,0.03135026163283623,0.033750734482561016,0.9057028370528526,0.060546428464586445,0.06,0.78,0.16,0.30876949429512024,0.4739640951156616,0.21726642549037933
2025-04-24,0.0016571528976783156,0.9924994111061096,0.005843412131071091,0.006222050841539547,0.9545193796707434,0.039258569487717006,0.00993509180103341,0.9667323700141569,0.023332538184809796,0.06,0.82,0.12,0.30070263147354126,0.4924677014350891,0.20682966709136963
2025-04-25,0.002621700754389167,0.02575782500207424,0.971620500087738,0.014490618261018346,0.12823141816982395,0.8572779635691576,0.009648774476678895,0.23481666063368745,0.7555345648896336,0.02,0.16,0.82,0.28126487135887146,0.47245922684669495,0.24627596139907837
2025-04-28,0.002007076982408762,0.9733031392097473,0.02468981221318245,0.01414796277219008,0.8501839029006498,0.1356681343271601,0.013571471352751208,0.8406222712087442,0.14580625743850442,0.04,0.74,0.22,0.2494007796049118,0.5374889373779297,0.21311026811599731
2025-04-29,0.004775560926645994,0.07014693319797516,0.9250774383544922,0.015701075865714956,0.3953161108555139,0.5889828132787712,0.033852374847818674,0.20777261701240196,0.7583750081397794,0.0,0.32,0.68,0.2371685951948166,0.5625748634338379,0.2002565562725067
2025-04-30,0.003185920650139451,0.9644864201545715,0.03232761472463608,0.004264244420222572,0.8522536909058811,0.14348206467389635,0.03981582051791503,0.8399298801915324,0.12025429929055258,0.02,0.8,0.18,0.23104631900787354,0.571617841720581,0.1973358392715454
2025-05-02,0.002507538069039583,0.9764238595962524,0.02106855995953083,0.007938877116220431,0.8456882458190369,0.14637287706474278,0.02006876946485983,0.9046177693488617,0.07531346118627846,0.06,0.88,0.06,0.24649007618427277,0.5547986030578613,0.1987113356590271
2025-05-05,0.004069196991622448,0.06035939231514931,0.9355713725090027,0.014890231389873845,0.22527148981990547,0.7598382787902207,0.06258166907775041,0.3767079457821141,0.5607103851401355,0.06,0.24,0.7,0.23033460974693298,0.6141631603240967,0.15550217032432556
2025-05-06,0.007072690408676863,0.9663419723510742,0.026585279032588005,0.04159654830170557,0.8389503978120684,0.11945305388622597,0.03605603740805695,0.8364046845402996,0.12753927805164347,0.08,0.72,0.2,0.2542092800140381,0.5653771758079529,0.18041357398033142
2025-05-07,0.0069007049314677715,0.9692450165748596,0.023854272440075874,0.03980268385491096,0.8217892322957439,0.1384080838493452,0.017425777345014153,0.8859611778098199,0.09661304484516586,0.1,0.7,0.2,0.27683186531066895,0.5310821533203125,0.19208602607250214
2025-05-08,0.002850177465006709,0.04314066842198372,0.9540091156959534,0.04297475135888356,0.19189057200886664,0.7651346766322498,0.049764019624218364,0.19234935574119594,0.7578866246345858,0.16,0.18,0.66,0.2944577634334564,0.47883304953575134,0.22670915722846985
2025-05-09,0.0012193107977509499,0.017047913745045662,0.9817327857017517,0.01826813981808101,0.12219062087638434,0.8595412393055346,0.027038994351397058,0.08007397333409937,0.8928870323145036,0.08,0.14,0.78,0.28497880697250366,0.4648861885070801,0.25013503432273865
2025-05-12,0.001588155864737928,0.04286965727806091,0.9555421471595764,0.01341217878934019,0.19895617783916839,0.7876316433714915,0.045011810276947097,0.2774824996390743,0.6775056900839785,0.04,0.28,0.68,0.27279603481292725,0.5456845164299011,0.18151940405368805
2025-05-13,0.0030335597693920135,0.9392660856246948,0.05770035833120346,0.025327979168387704,0.6272894978771161,0.3473825229544961,0.03652584710854181,0.7609070495106651,0.2025671033807932,0.0,0.8,0.2,0.2855132222175598,0.5231771469116211,0.1913095861673355
2025-05-14,0.010176431387662888,0.977143406867981,0.01268011610955,0.017068796765629935,0.9396042749250396,0.0433269283093304,0.02963565807520964,0.8548486780502483,0.11551566387454211,0.02,0.82,0.16,0.29513347148895264,0.5246748924255371,0.18019165098667145
2025-05-15,0.005092667881399393,0.9889582395553589,0.005949095822870731,0.01786915132876251,0.9436702327213972,0.03846061594984016,0.0529994455710244,0.8765755996636837,0.07042495476529192,0.1,0.84,0.06,0.2679988443851471,0.571956992149353,0.16004422307014465
2025-05-16,0.001995605416595936,0.98920738697052,0.008797050453722477,0.006756233134278648,0.9616768019642787,0.03156696490144254,0.01681615423749581,0.8961352975772979,0.08704854818520628,0.02,0.92,0.06,0.23390735685825348,0.6343445777893066,0.13174811005592346
2025-05-19,0.004524804651737213,0.9930236339569092,0.0024514971300959587,0.018217317790848717,0.95229244904528,0.02949023316387125,0.05748296697717466,0.8542477844280115,0.08826924859481379,0.0,0.94,0.06,0.25298771262168884,0.5870592594146729,0.1599530428647995
2025-05-20,0.016928259283304214,0.9747688174247742,0.008302864618599415,0.043698867269137576,0.9292541141672773,0.027047018563585084,0.11746643837789132,0.8415554860660027,0.040978075556106046,0.02,0.92,0.06,0.2507469356060028,0.5668126940727234,0.1824403554201126
2025-05-21,0.008103761821985245,0.9856762886047363,0.006219896953552961,0.06105850082959474,0.9011780883779392,0.037763410792465944,0.06966369856692087,0.8871160902925541,0.043220211140525044,0.02,0.96,0.02,0.2507316470146179,0.5646143555641174,0.18465402722358704
2025-05-22,0.006529742851853371,0.9924952983856201,0.000974994502030313,0.02115336663754197,0.9694209998748223,0.009425633487635783,0.023050709938435703,0.9697240545858002,0.0072252354757641095,0.02,0.94,0.04,0.25694048404693604,0.5405488014221191,0.20251071453094482
2025-05-23,0.013698822818696499,0.9814572334289551,0.004843952599912882,0.03132864933023267,0.943528698684798,0.025142651984969403,0.029930731025747927,0.9421594571405527,0.027909811833699418,0.08,0.86,0.06,0.25697487592697144,0.5123482942581177,0.2306768149137497
2025-05-26,0.005494500510394573,0.9925023317337036,0.00200319429859519,0.015809830788739723,0.9732468289285617,0.010943340282698546,0.04988883022375057,0.9408776735340341,0.009233496242215353,0.0,0.98,0.02,0.22897085547447205,0.579254686832428,0.19177450239658356
2025-05-27,0.005204683635383844,0.9919941425323486,0.00280117173679173,0.014844526141187841,0.9708447909643458,0.014310682894466506,0.024167018178313144,0.9700980326756061,0.005734949146080729,0.02,0.92,0.06,0.20463989675045013,0.6244587302207947,0.1709013283252716
2025-05-28,0.007725606672465801,0.989936351776123,0.002338049467653036,0.023800822932139403,0.9604308402365782,0.015768336831282533,0.029205475823954427,0.9675762817448864,0.0032182424311591753,0.02,0.92,0.06,0.2090473473072052,0.6063550710678101,0.18459759652614594
2025-05-29,0.015743808820843697,0.982475221157074,0.0017809516284614801,0.02595265244681839,0.9686919263005578,0.005355421252623845,0.08489135995902244,0.9035714779599899,0.011537162080987682,0.08,0.9,0.02,0.17244048416614532,0.6795501708984375,0.14800938963890076
2025-05-30,0.002562442095950246,0.9937846660614014,0.0036528781056404114,0.012926269943585525,0.9670249240357411,0.020048806020673215,0.024441508323298004,0.9236587422416669,0.05189974943503499,0.04,0.92,0.04,0.17501255869865417,0.6570466160774231,0.1679408699274063
2025-06-02,0.006607447285205126,0.9735340476036072,0.01985853910446167,0.049301187858436485,0.8683759384066634,0.08232287373489997,0.035434649174287174,0.9038374736519702,0.060727877173742666,0.02,0.9,0.08,0.1783389002084732,0.6523868441581726,0.16927430033683777
2025-06-03,0.004997704643756151,0.04345268756151199,0.9515495896339417,0.02863544618828904,0.19111582987096334,0.7802487239407476,0.06705450397737381,0.2634712346487497,0.6694742613738766,0.04,0.2,0.76,0.20026174187660217,0.6068592667579651,0.19287893176078796
2025-06-04,0.009036283940076828,0.06679997593164444,0.9241636991500854,0.02747720111394099,0.2954544723625312,0.6770683265235278,0.03119859494949211,0.28444913607004346,0.6843522689804645,0.0,0.28,0.72,0.17472758889198303,0.6480693221092224,0.17720305919647217
2025-06-05,0.002330038696527481,0.9434034824371338,0.05426652356982231,0.030682132408299475,0.6941697303296999,0.27514813726200066,0.01192470984687094,0.6382704808215941,0.349804809331535,0.06,0.72,0.22,0.17732104659080505,0.6368616819381714,0.1858171969652176
2025-06-06,0.015058423392474651,0.9734413027763367,0.01150030829012394,0.0479595415107734,0.9098267253500317,0.042213733139194964,0.03083873704768089,0.9228396523809623,0.046321610571356635,0.06,0.84,0.1,0.1914815902709961,0.6520167589187622,0.15650157630443573
2025-06-09,0.011724445037543774,0.986519455909729,0.0017561193089932203,0.0738591078618663,0.9195324389029833,0.0066084532351505165,0.12448287285375047,0.8617556380492353,0.013761489097014199,0.12,0.88,0.0,0.173958882689476,0.6962304711341858,0.1298106610774994
2025-06-10,0.942835807800293,0.05522991716861725,0.0019343122839927673,0.769791953453168,0.22224699966831138,0.007961046878520568,0.661270950241643,0.28953853128362067,0.04919051847473643,0.8,0.2,0.0,0.18318015336990356,0.6657644510269165,0.15105542540550232
2025-06-11,0.9691517353057861,0.02998022362589836,0.0008680313476361334,0.7762138396306922,0.21606457259225642,0.0077215877770511355,0.6622900992627189,0.32193363093564314,0.01577626980163807,0.72,0.28,0.0,0.19661183655261993,0.6548860669136047,0.14850208163261414
2025-06-12,0.0019923478830605745,0.9930835962295532,0.004924021661281586,0.008966795064677199,0.9546918176879662,0.036341387247356666,0.008109885532422102,0.9809351055727931,0.010955008894784811,0.04,0.9,0.06,0.18262715637683868,0.6529309153556824,0.16444194316864014
2025-06-13,0.0017982246354222298,0.9851480722427368,0.013053711503744125,0.010154758461467149,0.9162178112675594,0.07362743027097335,0.03962491509544218,0.9017167761922528,0.05865830871230512,0.0,0.98,0.02,0.20903509855270386,0.5771396160125732,0.21382534503936768
2025-06-16,0.0016982076922431588,0.9852737784385681,0.013028069399297237,0.007991993611964478,0.8775098103535389,0.11449819603449665,0.01263336074238855,0.8681662356155622,0.11920040364204935,0.0,0.88,0.12,0.20312799513339996,0.5949618220329285,0.20191025733947754
2025-06-17,0.0018021110445261002,0.9807860255241394,0.017411867156624794,0.00542068403748374,0.9139601384735624,0.08061917748895382,0.023079152177069538,0.9091535488662165,0.06776729895671411,0.02,0.86,0.12,0.22037547826766968,0.5549924373626709,0.224632129073143
2025-06-18,0.0033655466977506876,0.040343061089515686,0.9562913775444031,0.009861736070142934,0.20812677553046224,0.7820114883993947,0.008638080425056625,0.08579403497619117,0.9055678845987523,0.04,0.14,0.82,0.19278596341609955,0.6137824058532715,0.19343160092830658
2025-06-19,0.0033891380298882723,0.0442507229745388,0.9523601531982422,0.010337115186899759,0.22289540846278488,0.7667674763503154,0.027440884193114794,0.09330938741289715,0.879249728393988,0.0,0.26,0.74,0.19976986944675446,0.6097694039344788,0.1904606968164444
2025-06-20,0.00665468443185091,0.9736734628677368,0.01967184990644455,0.0173767692601653,0.8949078381202428,0.08771539261959191,0.041244709243792345,0.9203255822136113,0.03842970854259661,0.0,0.92,0.08,0.21984493732452393,0.5960583686828613,0.18409669399261475
2025-06-23,0.0005980751593597233,0.9952133893966675,0.004188492428511381,0.004649859149753473,0.9732383020808988,0.022111838769347896,0.006458094531839044,0.9519228603508694,0.04161904511729171,0.0,0.94,0.06,0.15441419184207916,0.6978729963302612,0.1477128565311432
2025-06-24,0.0007541805389337242,0.991806149482727,0.007439670152962208,0.003042899313762341,0.9762196119794817,0.020737488706756114,0.0037584267857647454,0.9792953662754845,0.01694620693875088,0.02,0.96,0.02,0.14232219755649567,0.7237901091575623,0.1338876634836197
2025-06-25,0.0023707484360784292,0.9940283298492432,0.00360096269287169,0.011386398033678443,0.9718747900059681,0.016738811960353324,0.009410033401708378,0.9834528486696429,0.007137117928648779,0.0,0.96,0.04,0.1389322280883789,0.7441307306289673,0.11693701893091202
2025-06-26,0.004914990160614252,0.99284827709198,0.0022367662750184536,0.015436041795626873,0.9736302422348815,0.01093371596949174,0.011256065760263948,0.9812097247489342,0.007534209490801866,0.0,0.94,0.06,0.13687850534915924,0.7482446432113647,0.11487684398889542
2025-06-27,0.0008082196582108736,0.9966942071914673,0.002497580833733082,0.002867987695811543,0.986284558873206,0.010847453430982468,0.0031395444066060238,0.9879159839491424,0.00894447164425155,0.0,1.0,0.0,0.14212775230407715,0.7370007634162903,0.12087146937847137
2025-06-30,0.0014461246319115162,0.9952036142349243,0.0033503135200589895,0.004142087933105723,0.973371827589365,0.02248608447752911,0.001912720439614863,0.9872291186410045,0.01085816091938081,0.0,0.98,0.02,0.15307627618312836,0.7172096967697144,0.12971405684947968
2025-07-01,0.003106617135927081,0.9908360242843628,0.006057372782379389,0.011799972085828754,0.9533722777366265,0.034827750177544685,0.02759270273501074,0.9374842427415511,0.0349230545234382,0.04,0.92,0.04,0.16957251727581024,0.6844777464866638,0.14594972133636475
2025-07-02,0.01445543859153986,0.9831174612045288,0.0024271169677376747,0.032780116565906015,0.9490025557204763,0.018217327713617486,0.058350342739561495,0.9324410494579219,0.009208607802516432,0.08,0.92,0.0,0.171507328748703,0.6891164183616638,0.13937628269195557
2025-07-03,0.028658496215939522,0.96854567527771,0.0027958403807133436,0.09811857242290717,0.8736392196889681,0.028242207888124732,0.1046531598742457,0.8851012833567367,0.010245556769017554,0.16,0.84,0.0,0.17747151851654053,0.6845043897628784,0.13802410662174225
2025-07-04,0.884524941444397,0.10868455469608307,0.00679046893492341,0.5734706438374535,0.38754606521567786,0.038983290946868684,0.550035797538134,0.4235717607422821,0.026392441719583944,0.66,0.32,0.02,0.17557987570762634,0.6850740313529968,0.1393461525440216
2025-07-07,0.007214763201773167,0.9902209043502808,0.0025643378030508757,0.02286064702902893,0.9706104119614751,0.006528941009496061,0.08870095322771916,0.8933462575131476,0.017952789259133257,0.02,0.98,0.0,0.18981137871742249,0.6575223207473755,0.15266624093055725
2025-07-08,0.0030262800864875317,0.9946913123130798,0.002282411325722933,0.02503721371894587,0.9458116142176103,0.029151172063443725,0.058612561765487466,0.8921276836879513,0.049259754546561264,0.06,0.9,0.04,0.19624419510364532,0.6442362070083618,0.15951962769031525
2025-07-09,0.0019471728010103106,0.9948739409446716,0.0031788498163223267,0.01998408526700078,0.9623399118828635,0.017676002850135843,0.028557728903527875,0.9576773757140659,0.013764895382406217,0.02,0.98,0.0,0.1670762151479721,0.6936627626419067,0.13926111161708832
2025-07-10,0.0007866843370720744,0.9950432777404785,0.004170049913227558,0.010993247127733568,0.9535179839965443,0.0354887688757222,0.004519470139207081,0.9675193751947078,0.027961154666085238,0.0,0.94,0.06,0.16446775197982788,0.6889573335647583,0.14657491445541382
2025-07-11,0.003292203415185213,0.9620912075042725,0.03461659699678421,0.009681294961398123,0.9251132347018691,0.06520547033673267,0.008604561181121,0.9275728049678093,0.0638226338510697,0.08,0.8,0.12,0.19666093587875366,0.6245254278182983,0.1788136214017868
2025-07-14,0.0013571655144914985,0.07298533618450165,0.9256574511528015,0.009536289997842952,0.3077347066921599,0.6827290033099971,0.015792884780258823,0.38171387225087133,0.6024932429688699,0.02,0.26,0.72,0.18548667430877686,0.6414002180099487,0.17311303317546844
2025-07-15,0.0013349844375625253,0.9932520985603333,0.005412886384874582,0.00518794155609753,0.9824756469475209,0.012336411496381535,0.007228868259552872,0.9721587560317547,0.02061237570869245,0.0,0.92,0.08,0.19295786321163177,0.6448391675949097,0.16220293939113617
2025-07-16,0.0037977397441864014,0.988800048828125,0.0074022077023983,0.01891740341955233,0.9661670196762108,0.01491557690423693,0.009049636991690157,0.9651247581103791,0.02582560489793077,0.02,0.9,0.08,0.19790899753570557,0.643195390701294,0.1588956117630005
2025-07-17,0.004814206622540951,0.9876227378845215,0.0075629763305187225,0.0193286019653944,0.9637103577797915,0.01696104025481413,0.02435005354483276,0.9386845938274454,0.03696535262772188,0.0,0.96,0.04,0.21350927650928497,0.6200780868530273,0.1664125919342041
2025-07-18,0.0016294106608256698,0.9875249862670898,0.010845581069588661,0.014009162207158109,0.9303592123773209,0.05563162541552099,0.012050435224510917,0.9217713191173745,0.06617824565811456,0.06,0.9,0.04,0.19422249495983124,0.6426420211791992,0.16313548386096954
2025-07-21,0.009473607875406742,0.9832096695899963,0.007316756062209606,0.051325091726324476,0.9195853405218415,0.029089567751833984,0.03565191640629671,0.9190205484033337,0.04532753519036945,0.06,0.9,0.04,0.1831725537776947,0.6598833799362183,0.15694399178028107
2025-07-22,0.0024497767444700003,0.9623231291770935,0.035227179527282715,0.017501028890219716,0.8735614996746496,0.10893747143513063,0.009782523929275718,0.906049275349554,0.08416820072117025,0.0,0.9,0.1,0.17374198138713837,0.6565714478492737,0.16968654096126556
2025-07-23,0.0010823749471455812,0.9917198419570923,0.00719783641397953,0.009509495457368665,0.9640833250878159,0.02640717945481539,0.0062577970248642294,0.9599292922760086,0.03381291069912718,0.0,0.94,0.06,0.17638765275478363,0.6613317131996155,0.1622805893421173
2025-07-24,0.0007156938081607223,0.9907153844833374,0.008568956516683102,0.004072265074808574,0.9689584571734428,0.026969277751748726,0.007596694819972387,0.9494335140147322,0.042969791165295416,0.0,0.98,0.02,0.17905651032924652,0.6550650596618652,0.16587845981121063
2025-07-25,0.0006675160257145762,0.9815748929977417,0.017757615074515343,0.005992657604386398,0.8805067403702577,0.11350060202535595,0.010883532332277563,0.9032360845960257,0.08588038307169676,0.0,0.92,0.08,0.18912096321582794,0.6176887154579163,0.19319035112857819
2025-07-28,0.0006436388357542455,0.9831703305244446,0.016186056658625603,0.004521512918862054,0.9199828911647996,0.07549559591633838,0.010294571875449016,0.901172572593908,0.08853285553064286,0.0,0.94,0.06,0.21016612648963928,0.5809831619262695,0.20885062217712402
2025-07-29,0.00033036735840141773,0.997945249080658,0.0017243892652913928,0.0023091121469915312,0.9782489903021496,0.019441897550858903,0.007890666555608343,0.9681841690423298,0.02392516440206194,0.0,0.96,0.04,0.22013132274150848,0.5808871984481812,0.19898158311843872
2025-07-30,0.0003962873015552759,0.9981293082237244,0.001474356628023088,0.001982279458588721,0.9768410270736748,0.021176693467736502,0.009263039128026392,0.9700417267861783,0.02069523408579552,0.0,0.94,0.06,0.23029851913452148,0.5553500056266785,0.21435150504112244
2025-07-31,0.0008307445095852017,0.9785310626029968,0.020638225600123405,0.0047126240119868155,0.8772239491109279,0.11806342687708522,0.004089285727800843,0.962212091262701,0.03369862300949809,0.04,0.82,0.14,0.21824190020561218,0.5628176927566528,0.21894042193889618
2025-08-01,0.0008683159830980003,0.995641827583313,0.003489815630018711,0.0025192851595604165,0.9669079537626714,0.03057276107776821,0.008497881006213603,0.9201422205375893,0.07135989845619707,0.0,0.88,0.12,0.2300190031528473,0.5183205604553223,0.25166037678718567
2025-08-04,0.0008066670270636678,0.9965907335281372,0.002602654742076993,0.0026891570855018697,0.9792116832419353,0.01809915967256263,0.008147834868511127,0.9757991583491867,0.016053006782302096,0.0,0.98,0.02,0.20863819122314453,0.5709846615791321,0.22037716209888458
2025-08-05,0.0010089317802339792,0.994533896446228,0.004457131959497929,0.0019832292455139065,0.9700037628515779,0.02801300790290827,0.003116007851062951,0.9552262062312039,0.041657785917733,0.0,0.96,0.04,0.20060394704341888,0.5878971219062805,0.21149888634681702
2025-08-06,0.0012383932480588555,0.9941380023956299,0.0046235984191298485,0.002229030548348041,0.978522879961653,0.019248089489998916,0.0038013073673060396,0.9676776310819979,0.0285210615506961,0.02,0.9,0.08,0.19021084904670715,0.6032971143722534,0.20649200677871704
2025-08-07,0.0007779902080073953,0.9896934628486633,0.009528504684567451,0.004554649279405605,0.9575773772159768,0.037867973504617444,0.009419620759210356,0.8999040317642479,0.09067634747654173,0.02,0.86,0.12,0.19968551397323608,0.588602602481842,0.2117118090391159
2025-08-08,0.00026603133301250637,0.011159013956785202,0.9885749220848083,0.0019874050132895568,0.08034189384960794,0.9176707011371025,0.0025895313625664443,0.051925637215192826,0.9454848314222408,0.0,0.1,0.9,0.21913358569145203,0.5450283288955688,0.2358381152153015
2025-08-11,0.0013424890348687768,0.04123695567250252,0.9574205875396729,0.004717624931884941,0.24394607999035062,0.7513362950777643,0.008917797632396739,0.26446543047245086,0.7266167718951524,0.02,0.22,0.76,0.22406336665153503,0.5621936321258545,0.21374300122261047
2025-08-12,0.0006637090700678527,0.01402241550385952,0.985313892364502,0.004854083339419351,0.10364854699761546,0.8914973696629651,0.007493242510616296,0.03976198127053879,0.9527447762188449,0.0,0.08,0.92,0.21887630224227905,0.5722736716270447,0.20885011553764343
2025-08-13,0.0010983991669490933,0.0255738478153944,0.9733277559280396,0.006104916541248676,0.13537787700892887,0.8585172064498224,0.004312956777533698,0.15062443184257499,0.8450626113798912,0.0,0.06,0.94,0.22489488124847412,0.5737152695655823,0.20138989388942719
2025-08-14,0.003811956848949194,0.03407466784119606,0.9621133804321289,0.0108497560842381,0.14618515458927092,0.8429650893264911,0.019429866944661294,0.23165530313065621,0.7489148299246825,0.0,0.1,0.9,0.2418508380651474,0.5528587698936462,0.20529039204120636
2025-08-18,0.013221878558397293,0.9853465557098389,0.0014315631706267595,0.06013581036442379,0.9316169462672588,0.00824724336831722,0.059642076221518264,0.9347774888369021,0.0055804349415797365,0.16,0.82,0.02,0.2783726751804352,0.5574508309364319,0.16417646408081055
2025-08-19,0.015439438633620739,0.9835253953933716,0.0010351402452215552,0.06387238314095962,0.9331858940685358,0.0029417227905045224,0.08589739892921124,0.9056763482238546,0.00842625284693415,0.12,0.86,0.02,0.290501207113266,0.5306253433227539,0.17887340486049652
2025-08-20,0.002856679493561387,0.9963752627372742,0.000768051017075777,0.00884827664625608,0.9840098655598659,0.007141857793877992,0.05952556530256,0.9299154828127856,0.010558951884654458,0.08,0.88,0.04,0.3114718794822693,0.4925859570503235,0.19594213366508484
2025-08-21,0.011136242188513279,0.9871613383293152,0.001702341716736555,0.04075745772121312,0.9523052229688564,0.0069373193099304935,0.040240358242301426,0.9463823290442188,0.013377312713479722,0.08,0.88,0.04,0.3037065863609314,0.49568992853164673,0.20060354471206665
2025-08-22,0.0030693497974425554,0.9947103261947632,0.002220374997705221,0.008242424231967001,0.9744307132538484,0.017326862514184603,0.012328320141761799,0.95414297865307,0.033528701205168196,0.06,0.82,0.12,0.2597820460796356,0.5584554076194763,0.18176253139972687
2025-08-25,0.004471163265407085,0.9796468019485474,0.015882065519690514,0.0136701891769382,0.9661785393732727,0.02015127144978907,0.010880480635063213,0.9662153490442407,0.022904170320696207,0.06,0.8,0.14,0.26818716526031494,0.5219120979309082,0.20990075170993805
2025-08-26,0.006048071663826704,0.9560755491256714,0.037876393646001816,0.02433347308209179,0.8514440406066269,0.12422248631128137,0.027569300859773497,0.767884043086409,0.20454665605381747,0.02,0.74,0.24,0.2727903723716736,0.5045875906944275,0.2226220816373825
2025-08-28,0.001874545938335359,0.039900824427604675,0.9582246541976929,0.007937046977899261,0.19604874602303915,0.7960142069990616,0.027516967123091082,0.25647432249525687,0.716008710381652,0.0,0.22,0.78,0.26516827940940857,0.5061432123184204,0.22868849337100983
2025-08-29,0.002873307792469859,0.029545463621616364,0.9675812125205994,0.009728843854159718,0.14870176423235848,0.8415693919134819,0.014380854946797274,0.15507424464745373,0.830544900405749,0.04,0.16,0.8,0.2892322838306427,0.46027714014053345,0.25049060583114624
2025-09-01,0.0010076608741655946,0.007463118527084589,0.9915292263031006,0.010070498191316134,0.041663003767160464,0.9482664980415233,0.024209430079397604,0.08196922403235608,0.8938213458882462,0.02,0.1,0.88,0.26876741647720337,0.5233951807022095,0.20783740282058716
2025-09-02,0.003006239188835025,0.031722765415906906,0.9652709364891052,0.010116064584174635,0.13007481985974587,0.8598091155560796,0.02885198184052748,0.14998609963212486,0.8211619185273477,0.1,0.08,0.82,0.27142906188964844,0.5233539938926697,0.20521685481071472
2025-09-03,0.0009669800638221204,0.008138841018080711,0.9908941984176636,0.005377632634589013,0.04937892623089143,0.9452434411345195,0.04226792524257253,0.05161746254869503,0.9061146122087325,0.04,0.08,0.88,0.2531852126121521,0.561276376247406,0.1855384111404419
2025-09-04,0.003965689800679684,0.009088455699384212,0.9869458079338074,0.011250258260918723,0.038091583625296306,0.9506581581137851,0.05155151161533311,0.042985352752422414,0.9054631356322446,0.02,0.1,0.88,0.24337109923362732,0.5802544951438904,0.1763743758201599
2025-09-05,0.001015624962747097,0.0058198366314172745,0.9931644797325134,0.013449106143665882,0.05455008633789757,0.9320008075184366,0.027703384687362144,0.0740758646794494,0.8982207506331885,0.06,0.14,0.8,0.2133937031030655,0.6322992444038391,0.15430709719657898
2025-09-08,0.0038639972917735577,0.9685136079788208,0.02762245573103428,0.020705411734110796,0.835611353698616,0.14368323456727303,0.055401092092295504,0.7903285274782503,0.15427038042945404,0.04,0.84,0.12,0.21983061730861664,0.6302501559257507,0.14991922676563263
2025-09-09,0.00395155418664217,0.9707014560699463,0.02534700185060501,0.012634790179321006,0.9076675040693972,0.07969770575128177,0.014795770237385396,0.9151260839820009,0.07007814578061367,0.02,0.86,0.12,0.2255772054195404,0.6194944977760315,0.15492825210094452
2025-09-10,0.007890512235462666,0.9646168351173401,0.027492649853229523,0.022261915025927923,0.8243033867940791,0.15343469817999306,0.0363425231603252,0.8724253030441987,0.09123217379547585,0.0,0.92,0.08,0.24878931045532227,0.5722817778587341,0.1789288967847824
2025-09-11,0.006763540208339691,0.10938148945569992,0.8838549256324768,0.07001155654807106,0.3928740952412554,0.5371143482106736,0.058009404414565924,0.48075218035273365,0.4612384152327004,0.02,0.32,0.66,0.22798454761505127,0.6071228981018066,0.1648925542831421
2025-09-12,0.01815980114042759,0.9624921679496765,0.019348105415701866,0.054854598171783245,0.8660761533234446,0.07906924850477222,0.09729750016135996,0.8596364029495125,0.043066096889127596,0.06,0.86,0.08,0.2367953062057495,0.5994651913642883,0.16373944282531738
2025-09-15,0.003930634818971157,0.9876042604446411,0.008465143851935863,0.04538335736976949,0.8732729303914987,0.08134371223873169,0.03944201504435887,0.9350462753734774,0.025511709582163648,0.06,0.86,0.08,0.23869341611862183,0.5780561566352844,0.18325041234493256
2025-09-16,0.001087066950276494,0.9940071105957031,0.004905760753899813,0.004948461294908034,0.9748496765915032,0.020201862113588733,0.024352412498805195,0.9641654960182697,0.011482091482925063,0.06,0.92,0.02,0.2191639244556427,0.6238479018211365,0.15698818862438202
2025-09-17,0.01799948140978813,0.9781520962715149,0.0038484458345919847,0.061373101718086895,0.9204900542173519,0.018136844064561286,0.13445398803336692,0.8433476758756613,0.02219833609097191,0.18,0.82,0.0,0.22907233238220215,0.6171854138374329,0.15374226868152618
2025-09-18,0.9623733162879944,0.03345492109656334,0.004171714652329683,0.8981376413203115,0.07320301789402218,0.028659340785666187,0.7541011139924326,0.20687465154292972,0.039024234464637715,0.88,0.1,0.02,0.2399061620235443,0.5987916588783264,0.16130214929580688
2025-09-19,0.9657153487205505,0.03025883622467518,0.0040258863009512424,0.8369566499250475,0.13068692674220705,0.03235642333274551,0.7544588506498819,0.20443143216183005,0.04110971718828795,0.8,0.12,0.08,0.23865662515163422,0.5875367522239685,0.17380663752555847
2025-09-22,0.9862877130508423,0.009722763672471046,0.003989487420767546,0.9118784820344926,0.0641469330552248,0.02397458491028247,0.9031962272358455,0.0701195101034565,0.026684262660698007,0.84,0.12,0.04,0.2184191644191742,0.6224323511123657,0.1591484099626541
2025-09-23,0.9707515835762024,0.020870834589004517,0.008377588354051113,0.8427930238447948,0.124699010024874,0.032507966130331106,0.8142481625011007,0.15023566915124542,0.035516168347653934,0.78,0.2,0.02,0.20649076998233795,0.6354121565818787,0.15809698402881622
2025-09-24,0.007662694901227951,0.9829145073890686,0.009422813542187214,0.03877093643207083,0.8993093100521247,0.06191975351580446,0.03700375513377082,0.9239514277476347,0.039044817118594415,0.1,0.84,0.06,0.215301051735878,0.5869857668876648,0.19771313667297363
2025-09-25,0.004170950036495924,0.9932763576507568,0.002552679507061839,0.023156483517365406,0.9646786411629573,0.012164875319677304,0.014002660802386598,0.9633653535700676,0.02263198562754586,0.06,0.92,0.02,0.22125951945781708,0.564129650592804,0.21461078524589539
2025-09-26,0.002027561655268073,0.9921201467514038,0.005852303002029657,0.006687724180112778,0.9679571034317658,0.025355172388121267,0.015938124545287518,0.9203283293247089,0.06373354613000363,0.04,0.96,0.0,0.23799829185009003,0.5244817137718201,0.2375200092792511
2025-09-29,0.010794397443532944,0.9839853644371033,0.005220240447670221,0.013679503876064307,0.9739951785908002,0.012325317533135469,0.011366534520317231,0.9695290895029052,0.019104375976777457,0.06,0.9,0.04,0.22065454721450806,0.5590460896492004,0.22029933333396912
2025-09-30,0.00883126724511385,0.9799277782440186,0.011240912601351738,0.015132605423644372,0.9539136330811605,0.030953761495195166,0.02081799248135057,0.9533637134972929,0.025818294021356495,0.06,0.9,0.04,0.19629649817943573,0.6044359803199768,0.19926758110523224
2025-10-01,0.0016897403402253985,0.9964388608932495,0.0018714175093919039,0.004127500006660779,0.9874447686217576,0.008427731371581672,0.00963143184973122,0.9762400714833942,0.01412849666687445,0.06,0.92,0.02,0.16321182250976562,0.6881112456321716,0.14867693185806274
2025-10-03,0.0015740192029625177,0.9953783750534058,0.0030476036481559277,0.004800439691667648,0.9766747794132502,0.01852478089508221,0.00804538446320367,0.9737277951221807,0.018226820414615676,0.04,0.92,0.04,0.15427307784557343,0.705702543258667,0.1400243639945984
2025-10-06,0.005258798133581877,0.994053065776825,0.0006881117005832493,0.012168530867761639,0.9858131192872235,0.0020183498450148324,0.01086876353583261,0.9857971942162781,0.0033340422478892774,0.02,0.98,0.0,0.17193932831287384,0.6874045133590698,0.1406562179327011
2025-10-07,0.0025702975690364838,0.9933508038520813,0.0040789078921079636,0.019961286874983372,0.9634223338757798,0.01661637924923683,0.0062652473220408495,0.9849958383817817,0.008738914296177328,0.02,0.98,0.0,0.1713312566280365,0.6830644607543945,0.14560432732105255
2025-10-08,0.001475024619139731,0.9840787649154663,0.014446270652115345,0.004687153998595039,0.929905876748216,0.06540696925318887,0.008099085618279243,0.8745493224652612,0.1173515919164596,0.0,0.92,0.08,0.19047211110591888,0.6125462651252747,0.19698159396648407
2025-10-09,0.0027628762181848288,0.988949179649353,0.008288001641631126,0.007994001147374146,0.9512769187477349,0.04072908010489108,0.01561856013866727,0.8870809157322954,0.09730052412903725,0.02,0.92,0.06,0.1960616409778595,0.6025388836860657,0.20139946043491364
2025-10-10,0.0007705860771238804,0.993710994720459,0.005518428981304169,0.0025919953774375345,0.9809030073715419,0.01650499725102072,0.0028238891085283356,0.9572825132282772,0.03989359766319458,0.0,0.94,0.06,0.174773171544075,0.6388226747512817,0.18640410900115967
2025-10-13,0.004086121451109648,0.9705616235733032,0.02535228058695793,0.006841868100886247,0.9424486868976133,0.050709445001500396,0.0032495804056518977,0.9389691700523645,0.057781249541983624,0.0,0.94,0.06,0.15709078311920166,0.6770874857902527,0.16582168638706207
2025-10-14,0.0019452630076557398,0.0550861656665802,0.9429686069488525,0.007462210123706046,0.2064156597454664,0.7861221301308275,0.011287043425478838,0.22777419229475415,0.7609387642797671,0.04,0.34,0.62,0.14767463505268097,0.6871867775917053,0.16513857245445251
2025-10-15,0.0013970473082736135,0.990490198135376,0.008112732321023941,0.005792564658015556,0.9594801131437054,0.03472732219827906,0.005556514544073861,0.9622904002578092,0.032153085198116924,0.04,0.84,0.12,0.14724726974964142,0.7032090425491333,0.14954370260238647
2025-10-16,0.000677350559271872,0.996526300907135,0.002796337241306901,0.003557755608166889,0.9893592453236053,0.007082999068227752,0.0062452576921453815,0.9816681232906744,0.01208661901718022,0.02,0.92,0.06,0.14604689180850983,0.7124939560890198,0.14145910739898682
2025-10-17,0.0012687878916040063,0.9961718916893005,0.002559369197115302,0.007640431461294684,0.9819688056785434,0.010390762860161943,0.0016262368775136742,0.99628464942453,0.002089113697956263,0.04,0.92,0.04,0.15972107648849487,0.7092417478561401,0.13103720545768738
2025-10-20,0.0033283326774835587,0.994050920009613,0.0026207102928310633,0.006988237895186737,0.9813771978921699,0.011634564212643158,0.0020125605510880403,0.9958781830373554,0.0021092564115564325,0.02,0.94,0.04,0.1580667346715927,0.7103546261787415,0.13157865405082703
2025-10-21,0.004269035067409277,0.9943928718566895,0.0013380193850025535,0.022756984426187666,0.9673608012285108,0.009882214345301581,0.00299777110910992,0.9957781465219022,0.001224082368987837,0.02,0.98,0.0,0.16021272540092468,0.7091426849365234,0.1306445300579071
2025-10-23,0.006915810517966747,0.9906545281410217,0.0024296001065522432,0.03786029463939917,0.9519859282960499,0.010153777064550926,0.03403661559862308,0.9604381747591413,0.005525209642235609,0.0,0.96,0.04,0.1816478669643402,0.6698921918869019,0.14845991134643555
2025-10-24,0.0012370034819468856,0.9974752068519592,0.0012878351844847202,0.007332513368307715,0.967167482360868,0.0255000042708243,0.00894085913783308,0.9847416594632766,0.0063174813988903155,0.0,0.92,0.08,0.1745688021183014,0.6693465113639832,0.15608461201190948
2025-10-27,0.0013957576593384147,0.9975073933601379,0.0010969039285555482,0.018475642057140355,0.9619341798165648,0.01959017812629478,0.010106080037440176,0.9865841893413592,0.003309730621200729,0.0,0.98,0.02,0.17444951832294464,0.6766313910484314,0.14891906082630157
2025-10-28,0.0030738217756152153,0.9939191341400146,0.0030070540960878134,0.0333772916561909,0.9271226793649479,0.0395000289788612,0.018318180172016724,0.95189376089199,0.02978805893599331,0.02,0.88,0.1,0.17064447700977325,0.6783088445663452,0.15104664862155914
2025-10-29,0.01521786767989397,0.9773773550987244,0.007404832635074854,0.02736189563821277,0.9259901638840301,0.0466479404777572,0.027685896800789696,0.952280478262498,0.02003362493671215,0.04,0.92,0.04,0.17730671167373657,0.6704690456390381,0.15222427248954773
2025-10-30,0.0011469541350379586,0.9967833757400513,0.002069703070446849,0.008290859082310423,0.9788136554404816,0.012895485477207886,0.01487910915965078,0.9400747488482779,0.045046141992071395,0.02,0.96,0.02,0.17695321142673492,0.6611496806144714,0.16189706325531006
2025-10-31,0.0016681986162438989,0.9931097030639648,0.005222095176577568,0.010855149926421007,0.9674177933915432,0.021727056682035815,0.010603553745983145,0.934931888850765,0.05446455740325199,0.0,0.96,0.04,0.18620233237743378,0.641815185546875,0.17198246717453003
2025-11-03,0.004052421078085899,0.9811042547225952,0.01484339777380228,0.015602607375848057,0.9339095813490574,0.050487811275094434,0.007878215618021524,0.8632694782394127,0.12885230614256576,0.0,0.92,0.08,0.18581950664520264,0.6374227404594421,0.17675776779651642
2025-11-04,0.0026587978936731815,0.0457717664539814,0.9515694379806519,0.01292871346831934,0.17012718210690503,0.8169441044247756,0.01721493316869813,0.28197841456414086,0.7008066522671611,0.0,0.3,0.7,0.19227921962738037,0.6229237914085388,0.1847969889640808
2025-11-06,0.00016232543566729873,0.01606123335659504,0.9837765097618103,0.0032253452723805583,0.10041462529426297,0.8963600294333566,0.0037347032001293122,0.08667920699407011,0.9095860898058007,0.0,0.18,0.82,0.1791592240333557,0.6384385824203491,0.18240214884281158
2025-11-07,0.0009104204946197569,0.9486320614814758,0.05045759305357933,0.009067329636346901,0.7461841864680422,0.24474848389561094,0.010218023946179697,0.6197520220157698,0.3700299540380504,0.0,0.82,0.18,0.18069417774677277,0.6385869383811951,0.18071891367435455
2025-11-10,0.0008437404176220298,0.050784748047590256,0.9483715295791626,0.005459249127744229,0.22200736925218634,0.7725333816200693,0.020278727490143162,0.4616616744627017,0.5180595980471552,0.0,0.24,0.76,0.17398357391357422,0.665511965751648,0.1605045199394226
2025-11-11,0.005938628222793341,0.9849949479103088,0.009066387079656124,0.01878497151264933,0.9648326269755164,0.0163824015118343,0.012787716116207349,0.9789646345028414,0.00824764938095124,0.02,0.9,0.08,0.18551303446292877,0.6628078818321228,0.15167909860610962
2025-11-12,0.003676142543554306,0.9945151805877686,0.0018087230855599046,0.021322506133260533,0.9657659546879594,0.01291153917878018,0.037606873219102485,0.9393830253282552,0.023010101452642213,0.02,0.94,0.04,0.1752280294895172,0.6921390295028687,0.13263298571109772
2025-11-13,0.0047463299706578255,0.9928262233734131,0.00242747669108212,0.016226165657096205,0.9750898357530507,0.008683998589852995,0.03583219571274365,0.9243410369099433,0.03982676737731303,0.02,0.94,0.04,0.20247101783752441,0.6450680494308472,0.15246091783046722
2025-11-14,0.0039118812419474125,0.9928237199783325,0.003264373168349266,0.018620568310202177,0.9706146295327605,0.010764802157037155,0.017650428402576607,0.9657911088714822,0.016558462725941244,0.0,0.98,0.02,0.21063818037509918,0.6257585883140564,0.16360323131084442
2025-11-17,0.010238990187644958,0.9850794076919556,0.004681603517383337,0.01694199036672813,0.9741238876741104,0.008934121959161594,0.03313362336144175,0.9022047446464645,0.0646616319920938,0.04,0.94,0.02,0.2089814841747284,0.6268364787101746,0.16418202221393585
2025-11-18,0.0008934097131714225,0.9930402040481567,0.006066368892788887,0.004897292874354641,0.971408567644834,0.023694139480811394,0.021803762725144577,0.9489234988015238,0.02927273847333157,0.0,0.98,0.02,0.2112930566072464,0.6028684377670288,0.1858384907245636
2025-11-19,0.0020882452372461557,0.9809715151786804,0.0169402863830328,0.017684947092393714,0.9305699317858956,0.05174512112171062,0.02430222142183205,0.9231184923058232,0.05257928627234469,0.04,0.86,0.1,0.23642109334468842,0.5582754611968994,0.2053034007549286
2025-11-20,0.0022940656635910273,0.9860069751739502,0.011698930524289608,0.010797824463306004,0.9623609633907245,0.026841212145969497,0.04260055175891765,0.925528878618029,0.031870569623053305,0.04,0.94,0.02,0.2295716553926468,0.5720362067222595,0.19839206337928772
2025-11-21,0.00130600412376225,0.9879682064056396,0.010725765489041805,0.010816509220878155,0.9333985604480897,0.0557849303310321,0.01661554760520369,0.9494919452544607,0.033892507140335516,0.0,0.88,0.12,0.20200863480567932,0.6150280833244324,0.1829632818698883
2025-11-24,0.001325549092143774,0.02822042442858219,0.9704540967941284,0.021091137390051203,0.1069944647250101,0.8719143978849386,0.03183138110575553,0.1739789054825574,0.794189713411687,0.0,0.22,0.78,0.19959133863449097,0.6073066592216492,0.19310195744037628
2025-11-25,0.001513066003099084,0.0229200292378664,0.9755668640136719,0.018820061800881464,0.08837250790675956,0.8928074302923589,0.01359033049779219,0.2876772517718498,0.698732417730358,0.0,0.32,0.68,0.1791512668132782,0.6493218541145325,0.1715269237756729
2025-11-26,0.0026244595646858215,0.9829403758049011,0.01443518977612257,0.011385503593732516,0.9411871902551477,0.04742730615111965,0.023440911845162983,0.8660729682283784,0.11048611992645863,0.04,0.9,0.06,0.18398556113243103,0.6508553624153137,0.16515912115573883
2025-11-27,0.003042385680601001,0.9840371608734131,0.012920407578349113,0.01954144523733672,0.9092177868625322,0.07124076790013106,0.021893228048135004,0.8959159214973882,0.08219085045447704,0.02,0.9,0.08,0.18236228823661804,0.6454428434371948,0.1721949428319931
2025-11-28,0.0031103966757655144,0.9947689771652222,0.0021206135861575603,0.007548091189389534,0.9742006519652113,0.018251256845399112,0.02919113674842882,0.9534794021530756,0.017329461098495615,0.02,0.98,0.0,0.17906130850315094,0.6588346362113953,0.162104070186615
2025-12-01,0.021296503022313118,0.974890947341919,0.0038125498685985804,0.11824834405773421,0.8510057678199753,0.030745888122290486,0.06677923612457265,0.9106481747989047,0.02257258907652261,0.1,0.88,0.02,0.20753099024295807,0.6372983455657959,0.15517069399356842
2025-12-02,0.9417436718940735,0.055572230368852615,0.0026841354556381702,0.7759270151348214,0.20839722458437207,0.01567576028080644,0.5820641878107562,0.3871819921881555,0.03075382000108819,0.66,0.32,0.02,0.22000174224376678,0.6042683720588684,0.1757298856973648
2025-12-03,0.0021755248308181763,0.9970244765281677,0.0007999402587302029,0.006642311048301583,0.9887918716409017,0.004565817310796681,0.0553873589904075,0.910957167488157,0.033655473521435456,0.02,0.96,0.02,0.23153293132781982,0.5644766092300415,0.20399047434329987
2025-12-04,0.004952241666615009,0.9942580461502075,0.0007896338938735425,0.018932483043626935,0.9736187862253862,0.007448730730986831,0.03415717009394039,0.9560511170162476,0.009791712889812017,0.08,0.9,0.02,0.2338927984237671,0.5733351111412048,0.1927720159292221
2025-12-05,0.0076826466247439384,0.990874171257019,0.0014431308954954147,0.018558598353669457,0.9746857400723055,0.006755661574025164,0.04783667967966016,0.9382104964017337,0.013952823918606099,0.08,0.92,0.0,0.23762081563472748,0.5807271003723145,0.18165209889411926
2025-12-08,0.0030796024948358536,0.9954783320426941,0.0014420507941395044,0.00802921052169642,0.9885374955585065,0.0034332939197971733,0.030191832168086418,0.9465714617385256,0.023236706093388036,0.02,0.94,0.04,0.22547410428524017,0.5742180347442627,0.20030787587165833
2025-12-09,0.0020452409517019987,0.9895965456962585,0.008358161896467209,0.014521801068006504,0.9336515859184584,0.05182661301353517,0.013681182881760992,0.9739865195521653,0.012332297566073762,0.04,0.94,0.02,0.23896867036819458,0.5406999588012695,0.22033140063285828
2025-12-10,0.0014683492481708527,0.9912091493606567,0.0073224687948822975,0.007228136169588228,0.9635091525988682,0.02926271123154353,0.020256766143448107,0.9057685521408013,0.07397468171575057,0.02,0.9,0.08,0.24565768241882324,0.5292351841926575,0.2251071184873581
2025-12-11,0.001087710727006197,0.9838486909866333,0.015063624829053879,0.006104609943087802,0.9121745326612263,0.0817208573956861,0.01142450661784689,0.7999013092324264,0.18867418414972673,0.0,0.96,0.04,0.2204705774784088,0.5748475790023804,0.2046819031238556
2025-12-12,0.0026233785320073366,0.9924151301383972,0.004961465019732714,0.005190612942807588,0.9687118800134862,0.026097507043706406,0.00877026236723578,0.9682575457036465,0.022972191929117702,0.0,0.96,0.04,0.2217344492673874,0.5801531076431274,0.19811248779296875
2025-12-15,0.0008409235160797834,0.9950398802757263,0.0041191913187503815,0.0028988913262816655,0.9646371247481584,0.03246398392555981,0.005295504900322332,0.967570684455991,0.02713381064368671,0.0,0.94,0.06,0.22067515552043915,0.5737281441688538,0.20559673011302948
2025-12-16,0.0009041723096743226,0.9967949986457825,0.0023008750285953283,0.003129075017471243,0.9690160829092471,0.02785484207328184,0.0040799249824911695,0.9696388496118828,0.026281225405626083,0.0,0.94,0.06,0.2120567262172699,0.5758659243583679,0.2120773196220398
2025-12-17,0.001249559223651886,0.9811024069786072,0.01764807291328907,0.0044386713175228075,0.8958969071097149,0.09966442157276209,0.009942230943576474,0.9522860584436684,0.037771710612755,0.04,0.88,0.08,0.22680263221263885,0.5446590185165405,0.228538379073143
2025-12-18,0.0011017612414434552,0.9948128461837769,0.0040854220278561115,0.007702112146325002,0.9403320762557444,0.05196581159793054,0.013895321547838605,0.8452954601254126,0.140809218326749,0.02,0.88,0.1,0.23233193159103394,0.5154618620872498,0.25220611691474915
2025-12-19,0.0017224388429895043,0.966323733329773,0.03195380046963692,0.009608009921406674,0.8225971248895412,0.1677948651890522,0.014538522559480318,0.8667646553948245,0.1186968220456954,0.02,0.86,0.12,0.2127564698457718,0.5630882978439331,0.22415517270565033
2025-12-22,0.003959188237786293,0.9586789011955261,0.03736197203397751,0.008027226646245146,0.8800042719410378,0.11196850141271715,0.026956840806002205,0.8167939707150923,0.15624918847890534,0.02,0.84,0.14,0.2209247648715973,0.5766308307647705,0.2024444043636322
2025-12-23,0.0020544056314975023,0.9948456287384033,0.0030999218579381704,0.012499368875968692,0.9140773413996666,0.07342328972436458,0.024740763510892508,0.9225246571235481,0.05273457936555921,0.0,0.88,0.12,0.23328529298305511,0.572628378868103,0.19408637285232544
2025-12-24,0.005336012225598097,0.06260807812213898,0.9320559501647949,0.01370178025910327,0.2720824070816773,0.7142158126592193,0.022469231780277456,0.2720579094036674,0.7054728588160551,0.0,0.26,0.74,0.21736176311969757,0.5957251787185669,0.18691305816173553
2025-12-26,0.001414917060174048,0.011401736177504063,0.9871833324432373,0.0037856036577399318,0.06558975259145254,0.9306246437508076,0.009595445796617658,0.12130141909466759,0.8691031351087148,0.0,0.2,0.8,0.2136792242527008,0.5859454274177551,0.20037534832954407
2025-12-29,0.00474396999925375,0.05621764436364174,0.9390383362770081,0.009675572240835453,0.22337658893260126,0.7669478388265633,0.022430634434617524,0.26119485774942913,0.7163745078159534,0.04,0.24,0.72,0.2144128382205963,0.5748961567878723,0.2106909602880478
2025-12-30,0.002627333626151085,0.05027560517191887,0.9470970630645752,0.008478936804075056,0.26020665888424205,0.7313144043116828,0.033540982394521676,0.32727994386050246,0.6391790737449757,0.02,0.28,0.7,0.20726116001605988,0.6014045476913452,0.19133426249027252
2025-12-31,0.0020714460406452417,0.9893703460693359,0.008558245375752449,0.00351207179135086,0.9777347296087103,0.01875319859993861,0.015534533601007362,0.9280958971216141,0.056369569277378594,0.02,0.94,0.04,0.2217617779970169,0.5932551622390747,0.18498313426971436
2026-01-02,0.9630184173583984,0.03508578985929489,0.0018957486608996987,0.8902406855196241,0.09795815210788882,0.011801162372487009,0.8444862814779113,0.14113371033531158,0.014380008186777152,0.7,0.3,0.0,0.2791158854961395,0.5292509198188782,0.1916332095861435
2026-01-05,0.968666136264801,0.03087923489511013,0.0004546716809272766,0.8601334758798469,0.13544309782717942,0.004423426292973569,0.8232118004723119,0.16493739414880051,0.011850805378887533,0.76,0.22,0.02,0.303205668926239,0.49797341227531433,0.19882096350193024
2026-01-06,0.9920210242271423,0.007592760492116213,0.00038618172402493656,0.9696324205233657,0.02736677022846781,0.00300080924816645,0.9595262666230551,0.03510255408107126,0.0053711792958734345,0.84,0.14,0.02,0.2926991283893585,0.5163562893867493,0.19094453752040863
2026-01-07,0.9739954471588135,0.02306797355413437,0.0029365168884396553,0.8803167108376838,0.10442642532950523,0.01525686383281084,0.8378356068547369,0.15318785669904073,0.008976536446222268,0.78,0.16,0.06,0.2689194083213806,0.5283692479133606,0.20271125435829163
2026-01-08,0.9698101878166199,0.0297519713640213,0.00043783921864815056,0.9266858146589191,0.06924074623518105,0.004073439105899812,0.8688411035698026,0.11923931633100385,0.011919580099193685,0.74,0.24,0.02,0.2672690451145172,0.5184346437454224,0.21429632604122162
2026-01-09,0.03458747640252113,0.9578646421432495,0.0075478884391486645,0.18743061678716716,0.7903339708658071,0.022235412347025713,0.19398185922517108,0.7970258026094194,0.008992338165409647,0.2,0.74,0.06,0.27684444189071655,0.49225321412086487,0.23090238869190216
2026-01-12,0.992028534412384,0.007698421832174063,0.000273057579761371,0.9591253033310766,0.03828466857022296,0.002590028098700513,0.7696087925993786,0.21013048041562737,0.020260726984994034,0.88,0.12,0.0,0.2850581705570221,0.47370409965515137,0.24123767018318176
2026-01-13,0.9725905656814575,0.025361444801092148,0.0020480568055063486,0.8602512648257431,0.12260387952823763,0.017144855646019398,0.7543382335165081,0.23417830246763208,0.011483464015859857,0.9,0.08,0.02,0.29538044333457947,0.44038283824920654,0.2642366290092468
2026-01-14,0.9718860387802124,0.02578652650117874,0.002327416557818651,0.8662420207226698,0.10507192860299747,0.028686050674332775,0.7848150474093024,0.18244212446691585,0.03274282812378175,0.88,0.1,0.02,0.30489835143089294,0.4186045825481415,0.2764970660209656
2026-01-16,0.9794166088104248,0.016892647370696068,0.0036907843314111233,0.9085664617530644,0.0657347647837057,0.02569877346322976,0.8861563877058464,0.07657068869767712,0.037272923596476513,0.88,0.12,0.0,0.27646273374557495,0.44775640964508057,0.2757808566093445
2026-01-19,0.9706291556358337,0.02652222104370594,0.0028486098162829876,0.8867354721141835,0.0934608199201961,0.01980370796562047,0.8360362288929587,0.1416331519586721,0.022330619148369216,0.8,0.2,0.0,0.27916884422302246,0.4526651203632355,0.26816606521606445
2026-01-20,0.014867091551423073,0.982058048248291,0.003074860665947199,0.045802704984436386,0.9445006979757878,0.009696597039775625,0.10454881427978946,0.8839700028783954,0.011481182841815105,0.08,0.9,0.02,0.3235124349594116,0.37300851941108704,0.30347904562950134
2026-01-21,0.01645381562411785,0.9797149300575256,0.0038312545511871576,0.04553648980174968,0.9409420609618163,0.013521449236433987,0.10352441719636196,0.8866639149889334,0.00981166781470465,0.12,0.82,0.06,0.32467228174209595,0.36075252294540405,0.3145752251148224
2026-01-22,0.015186016447842121,0.974410891532898,0.010403061285614967,0.037242832870201255,0.9351457210667758,0.02761144606302287,0.06905377844147727,0.906280766819553,0.024665454738969694,0.12,0.74,0.14,0.31468647718429565,0.37004128098487854,0.31527218222618103
2026-01-23,0.01073523797094822,0.9790937304496765,0.010171035304665565,0.06286764610937487,0.9016349148966366,0.03549743899398845,0.06784854520243802,0.9222949815351866,0.009856473262375239,0.1,0.76,0.14,0.32032981514930725,0.341297447681427,0.33837276697158813
2026-01-27,0.004373704548925161,0.00973812211304903,0.9858881831169128,0.04264762642017873,0.06278911579076606,0.8945632577890552,0.0760150340881662,0.050823271170425996,0.8731616947414078,0.1,0.1,0.8,0.2777387499809265,0.3424132168292999,0.37984803318977356
2026-01-28,0.0034544491209089756,0.009603162296116352,0.9869424104690552,0.020905457810310713,0.08069515815400306,0.8983993840356862,0.038349659745294945,0.026200514617114565,0.9354498256375905,0.14,0.1,0.76,0.3013363480567932,0.3183515965938568,0.38031208515167236
2026-01-29,0.007357692811638117,0.012678815051913261,0.979963481426239,0.026523581402691683,0.05642905534289333,0.9170473632544149,0.04064560477827125,0.05689821276453908,0.9024561824571897,0.06,0.06,0.88,0.3139626681804657,0.30461376905441284,0.38142359256744385
2026-01-30,0.0036522189620882273,0.00670912628993392,0.9896386861801147,0.011129275444826801,0.040763841675934935,0.9481068828792382,0.05302093260772831,0.0276558153787512,0.9193232520135205,0.02,0.02,0.96,0.2967908978462219,0.3228939473628998,0.3803151845932007
2026-02-02,0.003497404744848609,0.005706373136490583,0.9907962083816528,0.01176465712180951,0.021617671966640935,0.9666176709115496,0.007882623141187175,0.014638205378583038,0.9774791714802299,0.04,0.08,0.88,0.29263678193092346,0.3329641819000244,0.3743990659713745
2026-02-03,0.0035683782771229744,0.007388176862150431,0.9890434741973877,0.026651418693205545,0.042870247648438,0.9304783336583564,0.013743372599855258,0.04115083213239319,0.9451057952677515,0.02,0.14,0.84,0.3125281035900116,0.35251227021217346,0.33495965600013733
2026-02-04,0.005260898731648922,0.01660529524087906,0.9781338572502136,0.033544802941685055,0.08264522726622095,0.8838099697920939,0.06441236797730111,0.05736025706238515,0.8782273749603138,0.12,0.14,0.74,0.33546388149261475,0.3419194519519806,0.3226166367530823
2026-02-05,0.002725262427702546,0.009283272549510002,0.9879915118217468,0.01752936467417669,0.04473634322793742,0.9377342920978858,0.011977092671421448,0.02889271627535437,0.9591301910532242,0.06,0.04,0.9,0.28646332025527954,0.3843643069267273,0.3291723430156708
2026-02-06,0.0015918713761493564,0.010370959527790546,0.988037109375,0.013859383532025418,0.03166678232930352,0.9544738341386712,0.03917307477475107,0.09050127307668468,0.8703256521485642,0.04,0.08,0.88,0.27740272879600525,0.41257375478744507,0.3100235164165497
2026-02-09,0.007544241845607758,0.9705529808998108,0.02190275490283966,0.07313557907160412,0.8295713667081428,0.09729305422025314,0.11392756083408861,0.8371662852389783,0.04890615392693304,0.12,0.74,0.14,0.2690652906894684,0.4547906517982483,0.2761440873146057
2026-02-10,0.03285074234008789,0.9584302306175232,0.008719018660485744,0.15255479024614857,0.7874179985995314,0.0600272111543201,0.30130991783555977,0.6611076286481047,0.03758245351633543,0.28,0.68,0.04,0.2728256583213806,0.4891042411327362,0.23807014524936676
2026-02-11,0.029890207573771477,0.9665289521217346,0.003580875229090452,0.13199145850223307,0.837174639619995,0.03083390187777183,0.17207991007847034,0.7918143899008476,0.03610570002068196,0.26,0.68,0.06,0.2820809781551361,0.5020124912261963,0.21590642631053925
2026-02-12,0.9275830984115601,0.058595120906829834,0.01382172480225563,0.8161392661406623,0.14319590404342578,0.040664829815911865,0.6389789754703876,0.3217157195578983,0.03930530497171404,0.7,0.24,0.06,0.3073222041130066,0.4523548185825348,0.2403229922056198
2026-02-13,0.01776070147752762,0.9777986407279968,0.004440685268491507,0.076726479276945,0.8934126795211079,0.029860841201947104,0.14466984705184774,0.7885408434274076,0.06678930952074474,0.04,0.82,0.14,0.29234668612480164,0.45679110288619995,0.2508622109889984
2026-02-16,0.009381803683936596,0.9864354729652405,0.004182666074484587,0.029989323839036318,0.9608337124272427,0.009176963733720822,0.033578640687435705,0.9000742843584874,0.06634707495407693,0.04,0.92,0.04,0.2775278687477112,0.4700452387332916,0.25242680311203003
2026-02-17,0.004727222491055727,0.9903228282928467,0.004949973430484533,0.0195728402401865,0.9694130205834227,0.011014139176390735,0.02726534550552632,0.9557532471163852,0.016981407378088603,0.02,0.92,0.06,0.26727545261383057,0.4846078157424927,0.24811673164367676
2026-02-18,0.0106853311881423,0.9707269668579102,0.018587753176689148,0.025469029052664325,0.9191926467956202,0.05533832415171547,0.050841090536439724,0.7820216487259499,0.16713726073761034,0.04,0.86,0.1,0.2785114645957947,0.47737962007522583,0.24410897493362427
2026-02-19,0.02354077622294426,0.04309168457984924,0.9333675503730774,0.0969280824663582,0.11276293521364457,0.7903089823199972,0.2029939984177237,0.12880928573436473,0.6681967158479115,0.14,0.26,0.6,0.2831125855445862,0.4442734718322754,0.27261391282081604
2026-02-20,0.012351257726550102,0.9793206453323364,0.00832811463624239,0.07169910601790155,0.8963685283052527,0.031932365676845875,0.11254709251980577,0.79390501727731,0.09354789020288434,0.1,0.8,0.1,0.27957966923713684,0.4744552969932556,0.24596501886844635
2026-02-23,0.021794375032186508,0.9511982798576355,0.02700730971992016,0.10174011132950547,0.8290732378211145,0.0691866508493799,0.13247693798990948,0.7324457370510667,0.13507732495902372,0.16,0.8,0.04,0.2823624908924103,0.46439415216445923,0.2532433569431305
2026-02-24,0.9581112265586853,0.028073614463210106,0.013815108686685562,0.796387268424261,0.1441302299091169,0.05948250166662203,0.6117060968191104,0.23001049185138425,0.15828341132950546,0.72,0.24,0.04,0.276431679725647,0.4678134322166443,0.25575488805770874
2026-02-25,0.9802700281143188,0.016605716198682785,0.0031242305412888527,0.8766489107632277,0.1040579241281999,0.019293165108572295,0.8355207614233101,0.09338428653212155,0.07109495204456834,0.74,0.24,0.02,0.2521423399448395,0.5444438457489014,0.20341376960277557
2026-02-26,0.970710039138794,0.026189280673861504,0.0031006615608930588,0.8321899998011014,0.1367305718407785,0.031079428358119988,0.8431052097223468,0.09748732106012784,0.05940746921752541,0.78,0.2,0.02,0.24320554733276367,0.5786497592926025,0.1781446784734726
2026-02-27,0.9800574779510498,0.01681726612150669,0.0031252962071448565,0.9239861696536236,0.06329008134812128,0.012723748998255279,0.7834352719893792,0.15393270315970545,0.06263202485091528,0.88,0.1,0.02,0.2470349669456482,0.539539635181427,0.2134253978729248
2026-03-02,0.9822636246681213,0.01664360612630844,0.0010927802650257945,0.8794002154702414,0.11362096058681845,0.006978823942940027,0.8345419496996377,0.14570104338994197,0.019757006910420254,0.76,0.22,0.02,0.3112015128135681,0.42722460627555847,0.2615738809108734
2026-03-04,0.9942044615745544,0.004998558666557074,0.0007970366277731955,0.9731950909659155,0.022366117591562644,0.004438791442521769,0.9392489033164856,0.04469555885214644,0.01605553783136794,0.78,0.12,0.1,0.3709542751312256,0.3691571354866028,0.25988858938217163
2026-03-05,0.9900760054588318,0.009242399595677853,0.0006815813831053674,0.9683826035358682,0.026765782835716095,0.004851613628415717,0.911935212138706,0.06838788382884359,0.019676904032450482,0.88,0.1,0.02,0.38994142413139343,0.3728488087654114,0.2372097223997116
2026-03-06,0.9915960431098938,0.006512795574963093,0.0018911896040663123,0.9264424598614913,0.05642106393755579,0.01713647620095293,0.9096149946735503,0.07264428611432752,0.017740719212122214,0.82,0.12,0.06,0.3947925865650177,0.3693040609359741,0.23590342700481415
2026-03-09,0.966060221195221,0.010489524342119694,0.023450257256627083,0.8651388097945738,0.07436743968013967,0.06049375052528655,0.8709005197660052,0.0561445196815803,0.07295496055241445,0.92,0.02,0.06,0.4072231650352478,0.3395906090736389,0.25318625569343567
2026-03-10,0.9578529596328735,0.02930646762251854,0.012840586714446545,0.7925425463680876,0.10724130761932617,0.10021614601258613,0.8760150705490901,0.08430951969764194,0.039675409753267825,0.66,0.2,0.14,0.3833859860897064,0.2931502163410187,0.3234637975692749
2026-03-11,0.06354977935552597,0.9102052450180054,0.026244964450597763,0.2940749455868165,0.5508767422062575,0.15504831220692603,0.27933115209872583,0.5875168326448167,0.13315201525645734,0.22,0.76,0.02,0.40429943799972534,0.27762138843536377,0.3180791139602661
2026-03-12,0.9742813110351562,0.014299792237579823,0.011418851092457771,0.8983218374000411,0.059972137187837775,0.04170602541212118,0.8753841754558493,0.05779745697813402,0.0668183675660167,0.78,0.14,0.08,0.40460580587387085,0.2640937566757202,0.33130043745040894
2026-03-13,0.038573481142520905,0.04681817814707756,0.9146084189414978,0.15464606854568183,0.23602704881916864,0.6093268826351494,0.1497763498681293,0.11062901975184575,0.7395946303800249,0.22,0.06,0.72,0.38390958309173584,0.25721246004104614,0.3588779866695404
2026-03-16,0.9619680047035217,0.015717800706624985,0.022314274683594704,0.8484848978001142,0.09319939761692653,0.058315704582959156,0.7857140909757018,0.1303566669333196,0.0839292420909785,0.82,0.1,0.08,0.38096854090690613,0.25533145666122437,0.3637000322341919
2026-03-17,0.9771538972854614,0.00943894311785698,0.013407181017100811,0.8767017194656803,0.04853242108746944,0.07476585944685021,0.9139979501898843,0.04009908168889574,0.04590296812121989,0.84,0.1,0.06,0.38780680298805237,0.2551381289958954,0.35705503821372986
2026-03-18,0.9681133031845093,0.02257842756807804,0.00930821243673563,0.8615539908893014,0.08662659998476928,0.05181940912592938,0.9016600441967216,0.07184386100647636,0.026496094796802063,0.74,0.16,0.1,0.366955429315567,0.23550306260585785,0.39754149317741394
2026-03-19,0.030422838404774666,0.9487358927726746,0.020841268822550774,0.1295185558921717,0.7417067688865298,0.1287746752212987,0.19670468731945603,0.6869295872396431,0.11636572544090089,0.28,0.66,0.06,0.3269181549549103,0.2528628408908844,0.4202190339565277
2026-03-20,0.9749841094017029,0.015868300572037697,0.009147622622549534,0.9266192249237618,0.04524443594337215,0.028136339132866,0.8909445402861622,0.07384286494990827,0.0352125947639294,0.82,0.16,0.02,0.32849252223968506,0.24282652139663696,0.42868098616600037
2026-03-23,0.02297559566795826,0.962090015411377,0.014934444800019264,0.06664603794777824,0.8760555424847938,0.057298419567428184,0.06323073311941003,0.9134312325877872,0.023338034292802692,0.16,0.8,0.04,0.3197895288467407,0.2750479280948639,0.4051625728607178
2026-03-24,0.017794614657759666,0.9758309721946716,0.0063744499348104,0.05794737145922139,0.9127493714991882,0.029303257041590227,0.12998949936792267,0.8186008354620866,0.051409665169990786,0.18,0.74,0.08,0.3320261836051941,0.2754926085472107,0.3924812376499176
2026-03-25,0.9342589378356934,0.05654335394501686,0.009197692386806011,0.629550422515361,0.3311167253928635,0.039332852091775436,0.5954604747038916,0.3467766609739107,0.0577628643221978,0.7,0.24,0.06,0.3023506700992584,0.30590030550956726,0.39174893498420715
2026-03-27,0.008165914565324783,0.9729014039039612,0.018932661041617393,0.02325969407449852,0.8982333298087839,0.07850697611671743,0.030490383231656946,0.8786512152097941,0.09085840155854907,0.02,0.9,0.08,0.3070346713066101,0.26342299580574036,0.42954233288764954
2026-03-30,0.006274311803281307,0.02834901213645935,0.9653766751289368,0.015869733532146737,0.08078553316589927,0.9033447333019541,0.10566528091069781,0.1315355585031286,0.7627991605861736,0.06,0.26,0.68,0.321626752614975,0.23992860317230225,0.4384446442127228
2026-04-01,0.0019689195323735476,0.0037552304565906525,0.9942758679389954,0.02782307467165755,0.0533556344963834,0.918821290831959,0.02454740186937528,0.03039449982474558,0.9450580983058792,0.02,0.08,0.9,0.2975986897945404,0.21669279038906097,0.4857085347175598
2026-04-02,0.00267639197409153,0.008966629393398762,0.9883570075035095,0.015272276178850491,0.04496780307841669,0.939759920742733,0.013615846192733826,0.023653042360920713,0.9627311114463455,0.0,0.06,0.94,0.27852821350097656,0.22403757274150848,0.49743419885635376
2026-04-06,0.0009877056581899524,0.008147506974637508,0.9908648133277893,0.0035252994068309287,0.04977125686943919,0.9467034437237299,0.014499705379519676,0.04535173472479724,0.940148559895683,0.06,0.04,0.9,0.25993239879608154,0.26448774337768555,0.4755798280239105
2026-04-07,0.0026472306344658136,0.01068307738751173,0.986669659614563,0.014654271697121581,0.07603892280905522,0.9093068054938231,0.01592988939158299,0.05479744514422947,0.9292726654641875,0.04,0.12,0.84,0.27763763070106506,0.2990196645259857,0.42334267497062683
2026-04-08,0.005545455031096935,0.9631563425064087,0.031298208981752396,0.02812055457217781,0.8156450634028563,0.15623438202496592,0.055231435964079444,0.7478068362813464,0.19696172775457416,0.04,0.74,0.22,0.2840235233306885,0.4666246175765991,0.2493518739938736
2026-04-09,0.0048357341438531876,0.027806604281067848,0.9673576354980469,0.022712501264581606,0.12569103176453153,0.851596466970887,0.03933697358130558,0.08463190409614547,0.876031122322549,0.0,0.28,0.72,0.3200145959854126,0.3867042362689972,0.2932811379432678
2026-04-10,0.009530726820230484,0.9695708751678467,0.02089834213256836,0.05609621947390058,0.9122218469747232,0.031681933551376086,0.04262848551541655,0.9018670587017669,0.05550445578281666,0.04,0.9,0.06,0.2890717387199402,0.49568599462509155,0.21524222195148468
2026-04-13,0.02037416212260723,0.03198837488889694,0.9476374387741089,0.07936003128656093,0.16570396190369366,0.7549360068097454,0.06907595627473166,0.07941910110957842,0.8515049426156899,0.06,0.36,0.58,0.323682963848114,0.38868841528892517,0.2876286804676056
2026-04-15,0.040403079241514206,0.9479877352714539,0.011609191074967384,0.18236308600374235,0.7666101984022218,0.0510267155940359,0.08935529881627925,0.819805001704157,0.09083969947956362,0.24,0.72,0.04,0.30175137519836426,0.47626447677612305,0.2219841033220291
2026-04-16,0.9590664505958557,0.033062949776649475,0.00787062756717205,0.7681481159895246,0.18002564116694572,0.05182624284352957,0.7583172384806642,0.2032378192720264,0.03844494224730945,0.74,0.2,0.06,0.3016384243965149,0.44196435809135437,0.2563972473144531
2026-04-17,0.9487903118133545,0.03205227106809616,0.019157446920871735,0.6942807320241733,0.23326061442804047,0.07245865354778633,0.8649630996401735,0.09367717171218747,0.041359728647639094,0.66,0.18,0.16,0.2508963346481323,0.5461238026618958,0.20297986268997192
2026-04-20,0.034603096544742584,0.9601354002952576,0.0052615064196288586,0.12930446863769976,0.847001922211859,0.023693609150441216,0.18299287999448577,0.8006313476354499,0.016375772370064493,0.14,0.84,0.02,0.2408505380153656,0.5598022937774658,0.19934718310832977
2026-04-21,0.9672349095344543,0.02787087857723236,0.00489417789503932,0.8798690056784761,0.0935641773400969,0.026566816981427176,0.8081572999421609,0.15386571026552598,0.03797698979231305,0.82,0.16,0.02,0.2703527510166168,0.5203186273574829,0.20932859182357788
2026-04-22,0.018203269690275192,0.9645682573318481,0.01722847856581211,0.1808587480085573,0.7385806258892069,0.08056062610223585,0.1539170797717478,0.7101765330834943,0.13590638714475783,0.18,0.74,0.08,0.29683732986450195,0.43744704127311707,0.26571565866470337
2026-04-23,0.011501884087920189,0.9814094305038452,0.007088616490364075,0.05206526664565795,0.9185217472564512,0.029412986097890923,0.04321743397386126,0.9360235734437463,0.02075899258239247,0.08,0.92,0.0,0.3131089210510254,0.3927803635597229,0.2941106855869293
2026-04-24,0.00863558053970337,0.9610241651535034,0.030340198427438736,0.046874834584526834,0.8354413844312625,0.11768378098421062,0.023645898703783606,0.9308524524662098,0.045501648830006604,0.08,0.8,0.12,0.34242141246795654,0.3504793345928192,0.30709922313690186
2026-04-27,0.003407563315704465,0.9881438612937927,0.008448604494333267,0.03745248319343131,0.9161331200099001,0.0464143967966684,0.016126103456153597,0.9241061446938954,0.059767751849951006,0.06,0.72,0.22,0.3122658133506775,0.40710851550102234,0.28062570095062256
2026-04-28,0.0039859917014837265,0.04819329455494881,0.947820782661438,0.022655409966156302,0.2782023209861673,0.6991422690476764,0.03347036698461664,0.2446188172323228,0.7219108157830606,0.06,0.24,0.7,0.2858082056045532,0.4300763010978699,0.2841154932975769
2026-04-29,0.0031451156828552485,0.011013825424015522,0.9858410358428955,0.029805340565393967,0.07625537486171387,0.8939392845728922,0.008756038669024722,0.0896145268026589,0.9016294345283163,0.1,0.08,0.82,0.2974562644958496,0.39556026458740234,0.30698347091674805
2026-04-30,0.0044866600073874,0.015144947916269302,0.9803683161735535,0.019153165425239996,0.057436963433352306,0.9234098711414077,0.015953655567899,0.057217290747986746,0.9268290536841143,0.0,0.16,0.84,0.2823526859283447,0.42691272497177124,0.2907346189022064
2026-05-04,0.007154226768761873,0.0028622010722756386,0.9899835586547852,0.03476350863894113,0.0212342427992814,0.9440022485617775,0.016836388759454687,0.061149262749570964,0.9220143484909743,0.04,0.14,0.82,0.2785405218601227,0.4642121493816376,0.25724732875823975
2026-05-05,0.014261936768889427,0.9745842218399048,0.011153806932270527,0.05976672625435387,0.8835424104182765,0.05669086332736965,0.06029588241064227,0.7473701073668604,0.19233401022249733,0.08,0.76,0.16,0.2464720755815506,0.5188537836074829,0.2346741408109665
2026-05-06,0.974425733089447,0.02198253758251667,0.003591774730011821,0.8758962865382369,0.09599718853264724,0.028106524929115785,0.8719304805726206,0.0864338697218846,0.04163564970549484,0.76,0.16,0.08,0.19566264748573303,0.6555882096290588,0.14874909818172455
2026-05-07,0.9829810857772827,0.015456514433026314,0.0015623766230419278,0.9023148088049602,0.08940551207733906,0.008279679117700703,0.8527284640208784,0.1399202609745559,0.007351275004565734,0.78,0.18,0.04,0.2131422907114029,0.6495732069015503,0.13728448748588562
2026-05-08,0.9671886563301086,0.03190780058503151,0.000903597567230463,0.90846391980846,0.08851637963347576,0.003019700558064326,0.8557096710533583,0.13659432745395902,0.007696001492682845,0.8,0.16,0.04,0.21751627326011658,0.6484658122062683,0.1340179443359375
2026-05-11,0.9705231189727783,0.02595965564250946,0.0035172114148736,0.8330368958975364,0.1575954632136304,0.009367640888833214,0.7682888093137287,0.21972444601135008,0.011986744674921366,0.72,0.26,0.02,0.22785520553588867,0.5804738998413086,0.19167087972164154
2026-05-12,0.01329946331679821,0.9809346795082092,0.005765817128121853,0.037640663919725766,0.9448225503620575,0.01753678571821666,0.07956021548326112,0.8931206299134447,0.027319154603294156,0.12,0.86,0.02,0.2813636362552643,0.44231611490249634,0.2763202488422394
2026-05-13,0.004336546175181866,0.9921891689300537,0.003474257653579116,0.025838874196888857,0.9598561889188165,0.014304936884294777,0.03577677205930562,0.8427962400537663,0.12142698788692802,0.1,0.8,0.1,0.3169846534729004,0.398747980594635,0.2842673063278198
2026-05-14,0.007658571004867554,0.9912039041519165,0.0011375516187399626,0.05108552462740712,0.9379577894319977,0.010956685940595281,0.039977244250579094,0.9184693011348383,0.041553454614582645,0.08,0.84,0.08,0.30051782727241516,0.42732879519462585,0.2721533477306366
2026-05-15,0.024732714518904686,0.9671452641487122,0.008122038096189499,0.13383237949635096,0.7916523445907528,0.07451527591289626,0.046728465366882584,0.8916932209783556,0.061578313654761914,0.1,0.78,0.12,0.3043336272239685,0.42912209033966064,0.26654428243637085
2026-05-18,0.005581242963671684,0.029689176008105278,0.9647295475006104,0.04712115751858918,0.12217362369136288,0.830705218790048,0.02340995166289557,0.07058843882122402,0.9060016095158804,0.12,0.16,0.72,0.29020455479621887,0.4105561375617981,0.29923921823501587
2026-05-19,0.0070348395965993404,0.02503557689487934,0.9679295420646667,0.07949761927905993,0.10813764495081811,0.812364735770122,0.043971303550078014,0.11411239798614974,0.8419162984637723,0.08,0.1,0.82,0.30125510692596436,0.38476085662841797,0.3139840364456177
2026-05-20,0.003926000092178583,0.019512604922056198,0.976561427116394,0.07256423494822618,0.09095491595487369,0.8364808490969001,0.03759202298838943,0.19666161371427743,0.7657463632973331,0.06,0.2,0.74,0.27923688292503357,0.4028315544128418,0.31793153285980225
2026-05-21,0.021173082292079926,0.9504418969154358,0.028384972363710403,0.06436269429006758,0.8077245286666811,0.1279127770432513,0.02441225088347305,0.8672073274386223,0.10838042167790482,0.02,0.86,0.12,0.2751830518245697,0.41763627529144287,0.3071806728839874
2026-05-22,0.0027466651517897844,0.9814878702163696,0.015765516087412834,0.02051083677635041,0.9296288711527885,0.04986029207086123,0.03211344413718788,0.9470402870908337,0.020846268771978434,0.02,0.9,0.08,0.2410423457622528,0.4768480956554413,0.2821095883846283
2026-05-25,0.034541092813014984,0.9622740745544434,0.003184775821864605,0.1257984385778926,0.8694463974755413,0.004755163946565951,0.13333207213209236,0.8524461595315137,0.014221768336393862,0.18,0.82,0.0,0.24516184628009796,0.5341460704803467,0.22069208323955536
2026-05-26,0.024137645959854126,0.9706355333328247,0.005226771347224712,0.13455518898436702,0.8461537152511737,0.019291095764459292,0.16817784906282351,0.7989013119440074,0.03292083899316903,0.14,0.82,0.04,0.2097265124320984,0.5874496102333069,0.20282389223575592
2026-05-27,0.9557018280029297,0.03935694321990013,0.004941239953041077,0.7734860892055895,0.2076027161627918,0.01891119463161865,0.7297196330684684,0.23871587023893068,0.03156449669260083,0.78,0.2,0.02,0.19221974909305573,0.6260175108909607,0.18176274001598358
2026-05-29,0.011803479865193367,0.9756365418434143,0.012559916824102402,0.0765576220536656,0.8822161241131803,0.041226253833154154,0.0230557310430628,0.9193062773929828,0.05763799156395456,0.12,0.84,0.04,0.21754927933216095,0.5413155555725098,0.24113516509532928
2026-06-01,0.0015242588706314564,0.9941980838775635,0.004277695436030626,0.012192033180420737,0.9724746762057819,0.015333290613797427,0.006394935544277605,0.9584136150194661,0.03519144943625632,0.06,0.88,0.06,0.23615410923957825,0.46228495240211487,0.3015608787536621
2026-06-02,0.011496815830469131,0.9855684638023376,0.0029346528463065624,0.05251892839984668,0.9425631898771145,0.004917881723038762,0.03079184573553733,0.92465655844884,0.044551595815622895,0.1,0.84,0.06,0.26089587807655334,0.45453622937202454,0.28456786274909973
2026-06-03,0.012838243506848812,0.9857810139656067,0.0013807498617097735,0.06295802375283327,0.9309051358374318,0.006136840409734875,0.11586424738428248,0.8719026503829029,0.012233102232814527,0.06,0.88,0.06,0.29562240839004517,0.40245211124420166,0.3019254505634308
2026-06-04,0.02087710052728653,0.9723195433616638,0.0068033309653401375,0.10933348641881452,0.8726362035820587,0.018030309999126838,0.2372976385518406,0.7145058087521022,0.048196552696057125,0.22,0.74,0.04,0.2680988013744354,0.42412176728248596,0.3077794015407562
2026-06-05,0.02058606967329979,0.965593695640564,0.013820216991007328,0.11076886262165306,0.7973292444866095,0.09190189289173746,0.1044319775504188,0.8012423331311633,0.09432568931841784,0.18,0.76,0.06,0.27980512380599976,0.3916553258895874,0.32853949069976807
2026-06-08,0.002602024469524622,0.015076346695423126,0.9823216199874878,0.023496654990754255,0.12673293302307584,0.84977041198617,0.0299091585470039,0.16314112976343914,0.8069497116895571,0.08,0.18,0.74,0.2719373404979706,0.384240984916687,0.34382161498069763
2026-06-09,0.0015127058140933514,0.029567236080765724,0.968920111656189,0.00796562230494404,0.06847308756467975,0.9235612901303762,0.014839088744156079,0.11909128061750757,0.8660696306383364,0.04,0.14,0.82,0.2511814832687378,0.4579252302646637,0.2908932864665985
2026-06-10,0.0007363060140050948,0.012141822837293148,0.9871218800544739,0.00349175483583305,0.025522703452350845,0.9709855417118161,0.009368293651909033,0.15590019931679844,0.8347315070312926,0.04,0.12,0.84,0.2504037022590637,0.43834683299064636,0.3112494647502899
2026-06-11,0.0015575768193230033,0.02585596777498722,0.972586452960968,0.009705217361565748,0.05869118090778463,0.9316036017306496,0.005970390001415828,0.03750047136820378,0.9565291386303804,0.04,0.12,0.84,0.23449216783046722,0.47621023654937744,0.28929758071899414
2026-06-12,0.0012681620428338647,0.9944359064102173,0.004295946564525366,0.009949627287846445,0.9604140652685942,0.029636307443559266,0.009037116903317462,0.9612501103985778,0.029712772698104694,0.04,0.9,0.06,0.2076820731163025,0.5972439050674438,0.19507406651973724
2026-06-15,0.021720509976148605,0.966850996017456,0.011428557336330414,0.07997151341309731,0.8657084695453344,0.05432001704156826,0.16058047025015437,0.8182116991774151,0.021207830572430683,0.12,0.78,0.1,0.22045356035232544,0.6103849411010742,0.16916154325008392
2026-06-16,0.01768237166106701,0.9777377843856812,0.004579794593155384,0.04730560364865309,0.9343523128842224,0.018342083467124598,0.020963414145601232,0.9708848398091627,0.008151746045235884,0.06,0.86,0.08,0.20232337713241577,0.6335185766220093,0.16415798664093018
2026-06-17,0.007421842310577631,0.9848673939704895,0.007710759993642569,0.009663261897878308,0.9629058856359566,0.02743085246616511,0.017104049286706925,0.9640044280493224,0.018891522663970785,0.04,0.92,0.04,0.19500724971294403,0.6468760967254639,0.1581166833639145
2026-06-18,0.0025437073782086372,0.9957849383354187,0.0016713067889213562,0.010208391031346568,0.9844680619454627,0.005323547023190714,0.025079016511111864,0.9601118282123878,0.014809155276500306,0.1,0.9,0.0,0.1827607899904251,0.6781027317047119,0.1391364485025406
2026-06-19,0.0012198258191347122,0.9967296123504639,0.002050556242465973,0.00460569529102598,0.984513259450384,0.010881045258589952,0.01296578778748444,0.9436227965622146,0.043411415650300995,0.02,0.82,0.16,0.17655351758003235,0.6709707379341125,0.15247578918933868
2026-06-22,0.0032255814876407385,0.9907474517822266,0.00602695532143116,0.017183559312506088,0.9332329911774782,0.04958344951001579,0.012262723975193197,0.963672461963174,0.02406481406163275,0.04,0.9,0.06,0.18786990642547607,0.6385223865509033,0.17360764741897583
2026-06-23,0.00660993717610836,0.9715779423713684,0.02181205525994301,0.03715969961368406,0.8803154028077778,0.08252489757853813,0.011543587167004425,0.959357298247844,0.02909911458515162,0.06,0.88,0.06,0.21749398112297058,0.5615702867507935,0.22093580663204193
2026-06-24,0.0004945716354995966,0.02592349983751774,0.9735819697380066,0.006491435796491987,0.12371918358795744,0.8697893806155506,0.022984046006515806,0.1629317940528782,0.814084159940606,0.08,0.36,0.56,0.2152196168899536,0.5591728687286377,0.2256075143814087
2026-06-25,0.004240002483129501,0.989676296710968,0.006083699408918619,0.017218564280059308,0.9588680033497263,0.02391343237021435,0.04264977486145162,0.9291990578226244,0.028151167315923962,0.04,0.8,0.16,0.20788022875785828,0.6124888062477112,0.17963100969791412
2026-06-29,0.0003662212111521512,0.019248545169830322,0.9803851842880249,0.01004750395429655,0.10467064241085809,0.8852818536348454,0.039363853841689875,0.23677807171646914,0.723858074441841,0.04,0.26,0.7,0.20344145596027374,0.5935905575752258,0.20296800136566162
2026-06-30,0.0003824905143119395,0.03886090964078903,0.9607565999031067,0.004547999080126677,0.1814585553911728,0.8139934455287006,0.02725532834618949,0.25483486237041664,0.7179098092833939,0.04,0.32,0.64,0.20377612113952637,0.6000552773475647,0.19616860151290894
2026-07-01,0.001734222169034183,0.9975972771644592,0.0006684963591396809,0.015741151066519424,0.980305422417193,0.0039534265162874845,0.019851426547671136,0.9671899089240023,0.012958664528326646,0.0,1.0,0.0,0.22070838510990143,0.6102712750434875,0.1690203994512558
2026-07-02,0.013486795127391815,0.9842639565467834,0.0022493042051792145,0.053799313526222164,0.935932012121579,0.010268674352198965,0.12024181525995477,0.8467939646065437,0.03296422013350151,0.06,0.9,0.04,0.2192765176296234,0.6164207458496094,0.16430272161960602
2026-07-03,0.007787433452904224,0.9880030155181885,0.004209541250020266,0.03550671731731694,0.9391453274031237,0.025347955279559412,0.025210384015982464,0.9145463536057649,0.06024326237825258,0.0,0.96,0.04,0.2158486694097519,0.5993889570236206,0.1847623735666275
2026-07-06,0.035063259303569794,0.9628211259841919,0.0021155939903110266,0.17876373642815113,0.8094014949362829,0.011834768635566038,0.32086006047569116,0.6367335249956638,0.042406414528644916,0.1,0.86,0.04,0.2411668747663498,0.5791507363319397,0.17968232929706573
2026-07-07,0.960527241230011,0.03853213042020798,0.0009406449971720576,0.8253432362634964,0.1684887354132593,0.0061680283232441605,0.8420822266877951,0.1426191572522792,0.015298616059925826,0.58,0.36,0.06,0.25160402059555054,0.5636994242668152,0.1846965104341507
2026-07-08,0.010466477833688259,0.9877105355262756,0.0018230044515803456,0.03937766207647551,0.9561442616216438,0.004478076301880455,0.04408904825450455,0.9466148533779832,0.009296098367512337,0.06,0.88,0.06,0.2758857309818268,0.512966513633728,0.2111477106809616
2026-07-09,0.008426722139120102,0.9881298542022705,0.003443357767537236,0.024682579741852024,0.9657824474794432,0.009534972778704817,0.09281637576886334,0.8946122427598563,0.012571381471280322,0.12,0.84,0.04,0.26994749903678894,0.5086795687675476,0.22137297689914703
2026-07-10,0.0020356427412480116,0.9971312284469604,0.0008330830605700612,0.0309746228515729,0.9626068591411224,0.0064185180073047295,0.07075688328156153,0.9101316811684667,0.019111435549971818,0.04,0.92,0.04,0.2740122675895691,0.5164182186126709,0.2095695436000824
2026-07-13,0.008056752383708954,0.9906479716300964,0.0012953085824847221,0.02705336816266748,0.9619912671092864,0.010955364728046145,0.04216506158853288,0.9543032763965473,0.0035316620149198038,0.02,0.94,0.04,0.3017788231372833,0.4872463047504425,0.21097490191459656
2026-07-14,0.0027243539225310087,0.9905429482460022,0.0067326887510716915,0.008442128002821684,0.9479938608514188,0.0435640111457594,0.047608599080094516,0.9422392780530452,0.010152122866860356,0.1,0.86,0.04,0.28267142176628113,0.47570252418518066,0.24162600934505463
2026-07-15,0.0007139643421396613,0.9958563446998596,0.003429677337408066,0.0028666742862049894,0.9798515452092933,0.017281780504501826,0.006289294956552112,0.9879307523036465,0.005779952739801578,0.0,0.98,0.02,0.2574453353881836,0.5046151280403137,0.2379394918680191
2026-07-16,0.0021770221646875143,0.9881212711334229,0.009701705537736416,0.007799506844165931,0.9392152366646622,0.05298525649117191,0.030177863045375248,0.9568897237678281,0.012932413186796781,0.02,0.88,0.1,0.2769588828086853,0.47452235221862793,0.24851872026920319
2026-07-17,0.0030602915212512016,0.9930528998374939,0.0038867448456585407,0.015303568533625779,0.9643611593311444,0.020335272135229756,0.015042225153708374,0.9780391711831665,0.0069186036631251465,0.02,0.94,0.04,0.2965579926967621,0.46986716985702515,0.23357483744621277
