Date,0,1,2,3,4,5,6,7,8,9,10,11,12,13,14
2024-12-12,0.020279334858059883,0.9625301361083984,0.01719052344560623,0.06569003855134188,0.9031580700417845,0.031151891406873588,0.06521363779365397,0.8844488358112444,0.05033752639510162,0.22,0.72,0.06,0.22005300223827362,0.4958667755126953,0.28408026695251465
2024-12-13,0.9036418795585632,0.08168776333332062,0.014670297503471375,0.6411266361968087,0.31615053218096134,0.04272283162222992,0.6147462222011685,0.30704132823478847,0.07821244956404297,0.76,0.24,0.0,0.2028847187757492,0.5613692998886108,0.23574601113796234
2024-12-16,0.023315148428082466,0.9595500230789185,0.01713486574590206,0.04980815890433114,0.9169181128332373,0.03327372826243154,0.05620164277383122,0.8957255443440385,0.04807281288213025,0.1,0.84,0.06,0.2030559480190277,0.5381508469581604,0.2587932348251343
2024-12-17,0.008433978073298931,0.9874407052993774,0.004125329200178385,0.04454044829625819,0.926645934753078,0.02881361695066373,0.07171677051639819,0.8964521812369994,0.031831048246602454,0.02,0.92,0.06,0.20761796832084656,0.52088463306427,0.2714974880218506
2024-12-18,0.004602776374667883,0.9929868578910828,0.002410387620329857,0.0379979083342051,0.9459251157368956,0.016076975928899322,0.035153158961536014,0.9408732030665795,0.023973637971884613,0.06,0.94,0.0,0.20084786415100098,0.5312371253967285,0.2679150402545929
2024-12-19,0.003306227969005704,0.9937615990638733,0.002932168310508132,0.025133589667283518,0.9636768341920126,0.011189576140704042,0.03843845595067541,0.9138836799247877,0.04767786412453704,0.08,0.88,0.04,0.19284139573574066,0.5510007739067078,0.25615784525871277
2024-12-20,0.0008067095186561346,0.9988136291503906,0.00037962981150485575,0.009547436051814765,0.9876243368734309,0.0028282270747542375,0.059611249277208574,0.9122426036573866,0.028146147065404647,0.0,0.92,0.08,0.20934376120567322,0.497539222240448,0.29311704635620117
2024-12-23,0.009205126203596592,0.9742088913917542,0.016585929319262505,0.039460416809148365,0.865063799409135,0.09547578378171659,0.06528197498760681,0.814492915973612,0.12022510903878114,0.08,0.74,0.18,0.20046888291835785,0.5137460231781006,0.285785049200058
2024-12-24,0.007937566377222538,0.04763994738459587,0.9444224834442139,0.035041774207198874,0.19319556947771124,0.7717626563150899,0.040225559443197105,0.17849689048537495,0.7812775500714279,0.12,0.22,0.66,0.2015647143125534,0.5258346199989319,0.27260059118270874
2024-12-26,0.002615979639813304,0.025345293805003166,0.972038745880127,0.013345684677212843,0.08896454238376779,0.8976897729390193,0.035795271890327406,0.14782590882479915,0.8163788192848734,0.0,0.34,0.66,0.19630548357963562,0.5168431401252747,0.2868514060974121
2024-12-27,0.004982437938451767,0.9797599911689758,0.015257605351507664,0.020008184385660918,0.9483511651428195,0.03164065047151967,0.02569993504672601,0.7986637998086725,0.17563626514460143,0.0,0.94,0.06,0.1965809464454651,0.5086919665336609,0.29472705721855164
2024-12-30,0.004576006904244423,0.9896267652511597,0.005797233898192644,0.013963076483937647,0.9633158393784611,0.02272108413760124,0.03849265445835275,0.9414313020541468,0.02007604348750043,0.04,0.92,0.04,0.19531728327274323,0.5362528562545776,0.26842984557151794
2024-12-31,0.0019664259161800146,0.9956039190292358,0.0024296827614307404,0.010782349930268914,0.9758542774747102,0.013363372595020752,0.01749465036478738,0.9407637331358595,0.04174161649935328,0.06,0.9,0.04,0.2044753134250641,0.5324071645736694,0.2631175220012665
2025-01-02,0.005299011245369911,0.9917920827865601,0.002908899914473295,0.024271055760215557,0.9644774550785815,0.011251489161202973,0.038317483239341345,0.9353797102611124,0.02630280649954612,0.1,0.88,0.02,0.23509134352207184,0.49658676981925964,0.26832181215286255
2025-01-03,0.001816983800381422,0.9973503351211548,0.0008326679235324264,0.016156152922404757,0.9800766585003317,0.0037671885772635433,0.014579684969094594,0.9799360535436659,0.005484261487239548,0.06,0.92,0.02,0.22944355010986328,0.526692271232605,0.24386416375637054
2025-01-06,0.0009993956191465259,0.9983949065208435,0.000605642853770405,0.005696396030854446,0.9875075599739641,0.006796043995181321,0.021767276016805687,0.9707767576862848,0.007455966296909409,0.06,0.92,0.02,0.23801586031913757,0.5077896118164062,0.2541945278644562
2025-01-07,0.019038081169128418,0.9787785410881042,0.002183325123041868,0.029284645417338363,0.9619351824765886,0.008780172106072993,0.15283449409211333,0.8309290739000521,0.01623643200783447,0.14,0.86,0.0,0.22138935327529907,0.5528593063354492,0.22575139999389648
2025-01-08,0.9476118683815002,0.051062989979982376,0.0013251957716420293,0.8299353412446603,0.16544547586276848,0.004619182892571163,0.885126759128519,0.10583862198610927,0.009034618885371623,0.64,0.32,0.04,0.20920099318027496,0.5629889965057373,0.22781001031398773
2025-01-09,0.9779141545295715,0.020588314160704613,0.0014975618105381727,0.8985663022734925,0.09729868305536268,0.004135014671144673,0.908066803240116,0.08645205856840071,0.005481138191483251,0.82,0.18,0.0,0.20877133309841156,0.5754262208938599,0.21580243110656738
2025-01-10,0.971961259841919,0.02600714936852455,0.0020315982401371002,0.913166059480449,0.08209137178505575,0.004742568734495138,0.7516049147599827,0.2337707189393957,0.014624366300621475,0.84,0.14,0.02,0.1980465054512024,0.6088542938232422,0.1930992305278778
2025-01-13,0.025860462337732315,0.9714391231536865,0.0027003970462828875,0.11130822832957883,0.8845670696683127,0.00412470200210862,0.12481129193727597,0.8725021280112071,0.0026865800515169474,0.12,0.82,0.06,0.20413009822368622,0.613696277141571,0.18217359483242035
2025-01-14,0.019083982333540916,0.9801669716835022,0.000749093946069479,0.09509419266827385,0.9010143446205036,0.0038914627112225098,0.04676379595387184,0.9485250186130514,0.004711185433076631,0.1,0.84,0.06,0.24361015856266022,0.5544776320457458,0.20191222429275513
2025-01-15,0.007450546603649855,0.9920112490653992,0.0005382161471061409,0.05353141183994943,0.9420032376346511,0.004465350525399521,0.052568526015790575,0.9296535334042362,0.017777940579973246,0.12,0.86,0.02,0.27244073152542114,0.5110710859298706,0.21648816764354706
2025-01-16,0.02704974263906479,0.9722619652748108,0.0006882586749270558,0.06413997054197981,0.9323059693753645,0.003554060082655686,0.13885395557050562,0.8402182060300719,0.020927838399422326,0.08,0.9,0.02,0.2729160785675049,0.49249550700187683,0.23458842933177948
2025-01-17,0.006770154926925898,0.9836820960044861,0.009547694586217403,0.01877866302416184,0.946826019489474,0.034395317486364034,0.018240157677495622,0.9529140125003323,0.028845829822172053,0.06,0.94,0.0,0.22591926157474518,0.5447362661361694,0.2293444126844406
2025-01-20,0.014455778524279594,0.9817764163017273,0.003767801448702812,0.03014032758944432,0.9533511396861468,0.01650853272440886,0.017776934115947433,0.9570882858372032,0.02513478004684947,0.04,0.96,0.0,0.20441631972789764,0.5742617845535278,0.22132186591625214
2025-01-21,0.00480335857719183,0.9783570170402527,0.016839608550071716,0.01687215355701569,0.921321735542625,0.061806110900359514,0.014342338357167294,0.9224864548227719,0.06317120682006076,0.02,0.78,0.2,0.18718990683555603,0.5660762786865234,0.24673381447792053
2025-01-22,0.00447844760492444,0.9895421266555786,0.00597944064065814,0.024548694098046935,0.9413607906451757,0.034090515256777434,0.013259448185694366,0.922194324348544,0.06454622746576189,0.0,0.86,0.14,0.18548859655857086,0.5919833779335022,0.22252808511257172
2025-01-23,0.007582679856568575,0.9779542684555054,0.014463112689554691,0.027492475994765914,0.9461196314187359,0.026387892586498072,0.02190297855989129,0.9032163097161388,0.07488071172397007,0.02,0.88,0.1,0.17071959376335144,0.6188611388206482,0.21041922271251678
2025-01-24,0.005468635354191065,0.9741592407226562,0.020372143015265465,0.01237964540810982,0.9413718080415115,0.04624854655037876,0.022897613398869154,0.8833179877077093,0.09378439889342143,0.04,0.84,0.12,0.1678384393453598,0.6299127340316772,0.20224890112876892
2025-01-27,0.00196305220015347,0.014210929162800312,0.9838259816169739,0.010875772069663142,0.11385373628301218,0.8752704916473247,0.03926476011515971,0.11042511518668181,0.8503101246981584,0.04,0.22,0.74,0.18326079845428467,0.5697996616363525,0.246939554810524
2025-01-28,0.00650047929957509,0.02304702438414097,0.9704524874687195,0.03964677293322155,0.11489381806044048,0.845459409006338,0.09502316494631949,0.31701605586877996,0.5879607791849005,0.1,0.24,0.66,0.19313926994800568,0.58226478099823,0.22459600865840912
2025-01-29,0.004369615577161312,0.021625643596053123,0.9740047454833984,0.012802992016473632,0.09259626162452252,0.8946007463590039,0.11435376947730815,0.12211271625453007,0.7635335142681619,0.02,0.24,0.74,0.20480741560459137,0.534409761428833,0.2607828378677368
2025-01-30,0.027882041409611702,0.9059205055236816,0.0661974623799324,0.05395797407145849,0.7289835923098207,0.21705843361872088,0.10373117253949916,0.5572602333643739,0.339008594096127,0.04,0.72,0.24,0.1948823630809784,0.5510741472244263,0.25404345989227295
2025-01-31,0.9513641595840454,0.026194456964731216,0.022441362962126732,0.8123291652926066,0.14632938422195452,0.04134145048543891,0.6761579091017778,0.12954430274207845,0.19429778815614376,0.54,0.26,0.2,0.1990841031074524,0.5730303525924683,0.22788552939891815
2025-02-03,0.9700700640678406,0.024257706478238106,0.00567226717248559,0.9049139439292654,0.08856414082744847,0.006521915243286279,0.8244361125142825,0.1566303869752695,0.01893350051044807,0.82,0.1,0.08,0.19974496960639954,0.6207836866378784,0.17947138845920563
2025-02-04,0.9897117614746094,0.008324732072651386,0.0019634668715298176,0.9720943846880089,0.021291706855686883,0.006613908456304311,0.9462011467726787,0.036985117223269415,0.016813736004051626,0.82,0.1,0.08,0.20668378472328186,0.6092324256896973,0.18408378958702087
2025-02-05,0.9768706560134888,0.018819717690348625,0.004309602081775665,0.9256217296984129,0.06230383981612252,0.012074430485464584,0.8392100652392446,0.14397333820262825,0.01681659655812726,0.78,0.16,0.06,0.20230792462825775,0.6036986708641052,0.19399333000183105
2025-02-06,0.9796102046966553,0.010430640541017056,0.009959178045392036,0.926280584250286,0.0481821046876954,0.02553731106201854,0.8761603567200987,0.10182017950514285,0.02201946377475828,0.7,0.24,0.06,0.21770478785037994,0.5750084519386292,0.2072867602109909
2025-02-07,0.9769672155380249,0.01857648603618145,0.004456246271729469,0.896299954967534,0.09465315850522754,0.00904688652723844,0.8980906388852204,0.08688129214100358,0.015028068973775871,0.76,0.18,0.06,0.26323509216308594,0.516930341720581,0.21983455121517181
2025-02-10,0.9751002192497253,0.022580042481422424,0.002319757593795657,0.8905327481918633,0.10089846065808579,0.008568791150050749,0.7659226049587681,0.20163898994803026,0.032438405093201665,0.82,0.16,0.02,0.24917663633823395,0.542732834815979,0.20809052884578705
2025-02-11,0.9619998335838318,0.03238171711564064,0.005618438124656677,0.9152295433885168,0.07324621054232038,0.011524246069162749,0.9012237876482357,0.08589948655390862,0.012876725797855667,0.78,0.18,0.04,0.26376575231552124,0.5247923731803894,0.21144188940525055
2025-02-12,0.9764942526817322,0.02089199423789978,0.002613733522593975,0.889930899486745,0.10085821616229058,0.009210884350964363,0.8505187108133877,0.14088234118006168,0.008598948006550696,0.86,0.14,0.0,0.265607625246048,0.5082584619522095,0.22613388299942017
2025-02-13,0.021983105689287186,0.9752100706100464,0.002806799951940775,0.046510214001535884,0.9463702340667081,0.007119551931756148,0.2011337093545517,0.7656800031108588,0.03318628753458939,0.14,0.8,0.06,0.2677093744277954,0.4861728250980377,0.2461177259683609
2025-02-14,0.007077475544065237,0.9880900382995605,0.004832502920180559,0.02958987760708952,0.9463229248364444,0.024087197556466163,0.01819497165923975,0.9586571217327208,0.02314790660803954,0.06,0.92,0.02,0.2625425159931183,0.46191835403442383,0.27553918957710266
2025-02-17,0.008722816593945026,0.989736795425415,0.0015403868164867163,0.017856316478120672,0.9736972666444645,0.008446416877414766,0.01413582624178669,0.9719540968643535,0.013910076893859768,0.16,0.82,0.02,0.24343106150627136,0.48898327350616455,0.2675856053829193
2025-02-18,0.0022075343877077103,0.9974621534347534,0.0003303315315861255,0.009820639676915504,0.987973469343743,0.002205890979341588,0.02319860783515872,0.9626131437026664,0.014188248462174943,0.04,0.96,0.0,0.26412835717201233,0.4783337712287903,0.257537841796875
2025-02-19,0.009704338386654854,0.9897320866584778,0.0005635164561681449,0.029483043977695918,0.9657692833008233,0.0047476727214807585,0.03798217236737598,0.948284978401792,0.01373284923083185,0.08,0.9,0.02,0.2641461193561554,0.4939144253730774,0.2419394850730896
2025-02-20,0.9505994915962219,0.04713568836450577,0.0022648731246590614,0.8220149957952169,0.16815310563085561,0.009831898573927484,0.7002123019557378,0.2530063190002425,0.04678137904401971,0.82,0.16,0.02,0.27994784712791443,0.4577793478965759,0.26227274537086487
2025-02-21,0.9820055961608887,0.014502585865557194,0.0034918696619570255,0.909620117179359,0.08502349254790018,0.005356390272740875,0.838114990511397,0.09919301547005316,0.06269199401854986,0.92,0.06,0.02,0.288748562335968,0.4183082580566406,0.2929432690143585
2025-02-24,0.9766550064086914,0.019627418369054794,0.003717574290931225,0.9264929051521037,0.06840319085582042,0.005103903992075959,0.851344561130903,0.09984325576216076,0.04881218310693628,0.9,0.1,0.0,0.2667393684387207,0.45266062021255493,0.280599981546402
2025-02-25,0.9461795091629028,0.02663300558924675,0.027187500149011612,0.8527267696376751,0.10764557858100256,0.03962765178132231,0.7422174437321154,0.0671087916326704,0.19067376463521424,0.58,0.24,0.18,0.26639828085899353,0.38439664244651794,0.3492050766944885
2025-02-27,0.015223732218146324,0.9587662220001221,0.02601005882024765,0.03448723045280764,0.8724347793693598,0.09307799017783262,0.06624590203140264,0.7193196604228937,0.21443443754570365,0.12,0.84,0.04,0.26055631041526794,0.3954998254776001,0.34394389390945435
2025-02-28,0.012814460322260857,0.026729034259915352,0.9604564905166626,0.03712551210276623,0.062195207166765444,0.9006792807304683,0.07883895489822398,0.14053708662741218,0.7806239584743638,0.1,0.1,0.8,0.27269038558006287,0.4398443102836609,0.28746524453163147
2025-03-03,0.012209485284984112,0.025836896151304245,0.9619536399841309,0.045553544822991704,0.07537128590877298,0.8790751692682354,0.016552040470696357,0.08514618530697807,0.8983017742223256,0.1,0.14,0.76,0.281388521194458,0.41670575737953186,0.30190569162368774
2025-03-04,0.007880124263465405,0.0386870875954628,0.9534327983856201,0.020846762105229077,0.12227670294650088,0.85687653494827,0.03594665519787133,0.1322396299685109,0.8318137148336178,0.08,0.22,0.7,0.27798375487327576,0.4309225082397461,0.2910937964916229
2025-03-05,0.0019771454390138388,0.9775975346565247,0.02042526938021183,0.006252651476844994,0.9334499161561819,0.060297432366973165,0.02465241141400624,0.9445862290742781,0.03076135951171583,0.02,0.92,0.06,0.24832862615585327,0.44084668159484863,0.3108246922492981
2025-03-06,0.002973866183310747,0.9748250246047974,0.022201115265488625,0.011294672298664913,0.9308813905974788,0.0578239371038563,0.016304341272387866,0.9233881372866837,0.06030752144092841,0.0,0.84,0.16,0.2406051754951477,0.4048958122730255,0.3544989824295044
2025-03-07,0.0026939762756228447,0.99394690990448,0.00335909565910697,0.017937937702994802,0.975454667510796,0.006607394786209189,0.009823562374660803,0.9641384830847112,0.02603795454062811,0.04,0.9,0.06,0.24016046524047852,0.4119623899459839,0.3478771150112152
2025-03-10,0.001553351292386651,0.9908679723739624,0.007578711491078138,0.006675006695834683,0.9825364102399603,0.010788583064204871,0.010451967668817482,0.9670009342870178,0.02254709804416465,0.0,0.96,0.04,0.23303790390491486,0.401173859834671,0.36578822135925293
2025-03-11,0.004462040960788727,0.9643939137458801,0.031144021078944206,0.01637205757361849,0.8716081990473825,0.11201974337899889,0.016994322654671917,0.8892662247396583,0.09373945260566977,0.0,0.94,0.06,0.2131618708372116,0.48104798793792725,0.30579015612602234
2025-03-12,0.005485405679792166,0.9505150318145752,0.04399953410029411,0.022609806562594304,0.8614883703031434,0.1159018231342621,0.015798137538729128,0.814020087232655,0.17018177522861583,0.0,0.72,0.28,0.19734342396259308,0.5290384292602539,0.2736181914806366
2025-03-13,0.0025675687938928604,0.03512275591492653,0.9623096585273743,0.012711976649173428,0.08588591466251716,0.9014021086883094,0.01575730071391236,0.2838155605305661,0.7004271387555214,0.1,0.08,0.82,0.19952033460140228,0.5263590812683105,0.27412062883377075
2025-03-17,0.006157993339002132,0.04779335483908653,0.9460486769676208,0.020385199783408456,0.15793622051155784,0.8216785797050338,0.0220024703253314,0.33594780413432523,0.6420497255403433,0.06,0.26,0.68,0.18409909307956696,0.5880151987075806,0.22788573801517487
2025-03-18,0.0011489426251500845,0.9968588352203369,0.0019921979401260614,0.007473532087996811,0.9812372662946945,0.011289201617308696,0.008276137345940914,0.9507669088235217,0.040956953830537414,0.02,0.92,0.06,0.19486278295516968,0.5460255742073059,0.2591116726398468
2025-03-19,0.0011928031453862786,0.9944185018539429,0.004388661123812199,0.007037540658981048,0.9589627527819187,0.0339997065591004,0.015868585596517475,0.905698968000589,0.07843244640289332,0.02,0.94,0.04,0.1915615200996399,0.5312898755073547,0.277148574590683
2025-03-20,0.0010235155932605267,0.9931163787841797,0.005860124249011278,0.0028117382931517132,0.9807423696572694,0.01644589204957897,0.011596916356516251,0.9690529283067564,0.01935015533672741,0.0,0.98,0.02,0.1737288236618042,0.5928246974945068,0.23344647884368896
2025-03-21,0.000509886653162539,0.9988973140716553,0.0005927542224526405,0.004309281447829573,0.9921819161697477,0.0035088023824227242,0.0061064757307980055,0.9850225571357875,0.008870967133414566,0.02,0.96,0.02,0.1814008206129074,0.5895891189575195,0.22901013493537903
2025-03-24,0.000468284182716161,0.9978051781654358,0.00172658811789006,0.002756590798716611,0.9897139468454899,0.007529462355793627,0.0030211993676916597,0.9782328040240381,0.018745996608270366,0.0,1.0,0.0,0.16090300679206848,0.6414922475814819,0.1976047307252884
2025-03-25,0.0011742077767848969,0.9742573499679565,0.02456841804087162,0.002954172035661438,0.9242997533298154,0.07274607463452308,0.011680700629112114,0.9450540930426033,0.043265206328284476,0.02,0.98,0.0,0.15379084646701813,0.6476066708564758,0.19860248267650604
2025-03-26,0.0064458646811544895,0.9869008660316467,0.00665325066074729,0.015438817470624554,0.9459721265523714,0.038589055977004134,0.013824963951619426,0.9450931919086281,0.0410818441397525,0.02,0.88,0.1,0.16563615202903748,0.6350271701812744,0.1993366926908493
2025-03-27,0.009645887650549412,0.9663492441177368,0.02400485798716545,0.04348510151548703,0.8719000492813157,0.08461484920319728,0.05950130594690796,0.865955973678835,0.07454272037425705,0.04,0.84,0.12,0.1722233146429062,0.6388643980026245,0.1889122873544693
2025-03-28,0.0032182850409299135,0.963220477104187,0.03356129676103592,0.010098481739875133,0.9234197157046159,0.06648180255550892,0.019444469840496557,0.811309036902602,0.16924649325690144,0.04,0.88,0.08,0.1897888332605362,0.571318507194519,0.23889262974262238
2025-04-01,0.002310794312506914,0.018635720014572144,0.9790535569190979,0.009385419121412815,0.06118226589575934,0.9294323149828277,0.05205654023192469,0.18735728336178958,0.7605861764062857,0.06,0.16,0.78,0.21805790066719055,0.4979446232318878,0.28399741649627686
2025-04-02,0.009661397896707058,0.03327479586005211,0.9570638537406921,0.023008668288136278,0.07465572505184974,0.9023356066600139,0.04073755360843926,0.20086033037757534,0.7584021160139853,0.04,0.16,0.8,0.1973647177219391,0.5753104090690613,0.22732487320899963
2025-04-03,0.00115461484529078,0.02974424883723259,0.9691011309623718,0.005609027194793173,0.06364841797215716,0.9307425548330497,0.009605335000217298,0.04637673714727149,0.9440179278525112,0.0,0.18,0.82,0.20189930498600006,0.45135441422462463,0.34674617648124695
2025-04-04,0.001082859467715025,0.005430739838629961,0.9934864044189453,0.006527970297290719,0.036506751649995596,0.9569652780527138,0.008398162765640376,0.024213568438882078,0.9673882687954776,0.0,0.04,0.96,0.20616376399993896,0.39413344860076904,0.3997028172016144
2025-04-07,0.010888767428696156,0.013736923225224018,0.9753742814064026,0.03682644952723938,0.059603931462540276,0.9035696190102204,0.06209944852539198,0.03939417510008897,0.898506376374519,0.14,0.12,0.74,0.21290259063243866,0.397145539522171,0.3899518549442291
2025-04-08,0.015583767555654049,0.034685056656599045,0.949731171131134,0.0290258424316619,0.07793066701238995,0.8930434905559482,0.03183550923424202,0.1250167234793643,0.8431477672863937,0.06,0.14,0.8,0.20291011035442352,0.47360751032829285,0.3234823942184448
2025-04-09,0.008488809689879417,0.957768976688385,0.0337422713637352,0.02887438915005218,0.8144484417423346,0.15667716910761337,0.046202281084782804,0.7881610397967505,0.16563667911846672,0.14,0.78,0.08,0.210662841796875,0.5670651197433472,0.2222720831632614
2025-04-11,0.017943277955055237,0.032143957912921906,0.9499127268791199,0.05968981386199786,0.14350087613233736,0.7968093100056648,0.04540477049145254,0.17079448233327824,0.7838007471752693,0.1,0.06,0.84,0.1343439221382141,0.7464407086372375,0.11921536922454834
2025-04-15,0.0038737859576940536,0.01395871490240097,0.9821674823760986,0.02123127352514477,0.10625180258660598,0.8725169238882493,0.030045133402441842,0.13163438641530456,0.8383204801822536,0.08,0.22,0.7,0.14297202229499817,0.6979573369026184,0.15907065570354462
2025-04-16,0.009503334760665894,0.9881453514099121,0.002351328730583191,0.031163812847212858,0.9569257797421493,0.011910407410637822,0.01405652106568317,0.9659247938536211,0.02001868508069564,0.02,0.96,0.02,0.17128236591815948,0.6224242448806763,0.20629343390464783
2025-04-17,0.0017150255152955651,0.9980176687240601,0.0002673164999578148,0.004315435819896103,0.9943876598169406,0.0012969043631633433,0.008562119418899512,0.9849799325872503,0.006457947993850398,0.04,0.94,0.02,0.14394941926002502,0.7130492925643921,0.1430012434720993
2025-04-21,0.006290327291935682,0.9919895529747009,0.0017200997099280357,0.005591373769416828,0.9896671145305176,0.004741511700065726,0.04644260528555545,0.9289234415333425,0.024633953181102106,0.0,1.0,0.0,0.18658660352230072,0.6074258685112,0.20598755776882172
2025-04-22,0.002527840668335557,0.9970877766609192,0.0003844505699817091,0.007923070970328875,0.9901674084236785,0.0019095206059928061,0.0053655732536540095,0.9894419165161052,0.005192510230240783,0.0,0.98,0.02,0.1537541151046753,0.6846404671669006,0.1616053581237793
2025-04-23,0.003984243143349886,0.9954916834831238,0.0005241116159595549,0.008095948390432737,0.9901951240220397,0.001708927587527732,0.007554557390481803,0.9852505531280874,0.007194889481430918,0.02,0.96,0.02,0.14407172799110413,0.7073461413383484,0.14858219027519226
2025-04-24,0.0020322753116488457,0.9962695837020874,0.0016981017543002963,0.005363229909232319,0.9899538041028905,0.004682965987877161,0.00549816673557595,0.9865652080328098,0.007936625231614142,0.02,0.98,0.0,0.14623622596263885,0.6970378160476685,0.15672597289085388
2025-04-25,0.0012727886205539107,0.9977536797523499,0.0009735365747474134,0.002572985101986361,0.9938980761613219,0.0035289387366917277,0.0023115702740940866,0.9897095202603912,0.007978909465514722,0.0,1.0,0.0,0.16268929839134216,0.6485580801963806,0.18875259160995483
2025-04-28,0.0024841949343681335,0.9944829344749451,0.003032887354493141,0.008850141811006807,0.985520326079344,0.005629532109649132,0.03253564462883155,0.950147808131147,0.017316547240021664,0.0,0.94,0.06,0.13976193964481354,0.6981703639030457,0.16206762194633484
2025-04-29,0.0039082788862288,0.9918191432952881,0.0042725540697574615,0.008650305053454278,0.9840402692264002,0.0073094257201453934,0.009050737978295842,0.9741946719751846,0.016754590046519458,0.02,0.92,0.06,0.16463056206703186,0.6358098387718201,0.19955965876579285
2025-04-30,0.0031781140714883804,0.9895610809326172,0.007260861806571484,0.005016279551918172,0.9882743111306843,0.0067094093173975435,0.010255669919834915,0.9746117919593567,0.015132538120808418,0.0,0.96,0.04,0.15178386867046356,0.6546555161476135,0.1935606449842453
2025-05-02,0.001487578614614904,0.995057225227356,0.0034551618155092,0.009031576624939796,0.9854865864311295,0.00548183694393075,0.004197812374662543,0.9778742412990865,0.01792794632625095,0.0,0.98,0.02,0.14885969460010529,0.6583239436149597,0.19281631708145142
2025-05-05,0.00041344843339174986,0.9989007711410522,0.0006857743137516081,0.003010585086533283,0.9930303919256213,0.003959022987845476,0.005605983724445523,0.9783016895882324,0.016092326687321936,0.0,0.96,0.04,0.14566174149513245,0.6685307621955872,0.18580745160579681
2025-05-06,0.0003879395662806928,0.9990181922912598,0.0005938484682701528,0.003111985663548258,0.9937275397444283,0.003160474592023302,0.00955762883171335,0.9854797699314161,0.004962601236870459,0.02,0.96,0.02,0.1572927087545395,0.6549912095069885,0.18771612644195557
2025-05-07,0.0015556270955130458,0.9955106973648071,0.002933692652732134,0.007037021629055587,0.988146859379636,0.004816118991308431,0.0046528618644770545,0.9883745804720908,0.0069725576634320635,0.0,0.98,0.02,0.16182926297187805,0.65452641248703,0.1836443394422531
2025-05-08,0.00227382336743176,0.9904161691665649,0.007309974171221256,0.00824148145727271,0.9606726929752935,0.031085825567433868,0.012955996029716753,0.9704181409257298,0.01662586304455343,0.0,0.96,0.04,0.1834017038345337,0.6296318769454956,0.18696635961532593
2025-05-09,0.0025537870824337006,0.060242678970098495,0.9372035264968872,0.011960177499916493,0.17815982546858322,0.8098799970315004,0.07124290780270706,0.4049314238597714,0.5238256683375216,0.02,0.32,0.66,0.22179850935935974,0.5926638245582581,0.18553763628005981
2025-05-12,0.0021151420660316944,0.9927337169647217,0.005151128396391869,0.005440793774763847,0.9721522422444673,0.022406963980768756,0.012799759692677475,0.9774041231975744,0.009796117109748025,0.06,0.92,0.02,0.16010747849941254,0.7099068760871887,0.12998570501804352
2025-05-13,0.0013653201749548316,0.9958426356315613,0.002792077139019966,0.01147722794351422,0.9661585727465547,0.02236419930993097,0.013612486998214105,0.9748492343608809,0.011538278640905154,0.0,0.98,0.02,0.15952754020690918,0.7033214569091797,0.13715094327926636
2025-05-14,0.004603197332471609,0.9939627051353455,0.0014341023052111268,0.008054480484406297,0.9873959623332897,0.004549557182303957,0.02166506144689348,0.9688958110845773,0.00943912746852926,0.0,1.0,0.0,0.1570027470588684,0.7043098211288452,0.13868746161460876
2025-05-15,0.009966908022761345,0.9879547357559204,0.0020783699583262205,0.016805408954758613,0.9743068433889776,0.008887747656263935,0.030575480114948407,0.9521747496571726,0.017249770227879026,0.02,0.98,0.0,0.146622434258461,0.7198432683944702,0.1335342526435852
2025-05-16,0.00521813053637743,0.9898977279663086,0.004884189460426569,0.011390453916674948,0.9805981305925016,0.00801141549082344,0.02684441084733681,0.9485904879090796,0.024565101243583683,0.06,0.92,0.02,0.1260710060596466,0.7421800494194031,0.13174892961978912
2025-05-19,0.0066898581571877,0.9893180727958679,0.0039920443668961525,0.016280849937086967,0.9784000176253141,0.005319132437598804,0.056863645126763306,0.9085156066173566,0.03462074825587998,0.04,0.92,0.04,0.15167318284511566,0.6971628069877625,0.1511640101671219
2025-05-20,0.010504516772925854,0.9858289957046509,0.0036665014922618866,0.009083064607328706,0.9870454760015462,0.003871459391124978,0.06469308166300416,0.9250544801485866,0.010252438188409234,0.02,0.98,0.0,0.16729103028774261,0.6588487029075623,0.17386026680469513
2025-05-21,0.007029921747744083,0.9912049174308777,0.0017651533707976341,0.021721889503872244,0.9710839303053174,0.007194180190810469,0.03604182575333759,0.9561287533507021,0.00782942089596027,0.0,1.0,0.0,0.17177936434745789,0.657355010509491,0.17086556553840637
2025-05-22,0.01344690378755331,0.9837543368339539,0.0027987516950815916,0.04975884607609662,0.9410791626025002,0.009161991321403214,0.05814152542866749,0.9300255739757447,0.01183290059558769,0.0,1.0,0.0,0.20552466809749603,0.5834571719169617,0.21101810038089752
2025-05-23,0.9562438726425171,0.03976863995194435,0.003987566567957401,0.8522734546193836,0.13394212996879734,0.013784415411819111,0.7668959316649067,0.21800550031381788,0.015098568021275353,0.6,0.32,0.08,0.19920870661735535,0.6058892607688904,0.19490203261375427
2025-05-26,0.9589977860450745,0.03944036737084389,0.0015618248144164681,0.8925851389005091,0.10149125148022707,0.005923609619263882,0.8494821654224911,0.12710678063544456,0.02341105394206443,0.82,0.16,0.02,0.18876084685325623,0.61076420545578,0.20047502219676971
2025-05-27,0.02430916763842106,0.9700701832771301,0.005620637908577919,0.07519446481658655,0.9109103633745589,0.01389517180885467,0.04663028262104015,0.9095932579948004,0.04377645938415941,0.3,0.68,0.02,0.17722375690937042,0.6241806745529175,0.19859562814235687
2025-05-28,0.0122663090005517,0.9860689640045166,0.0016646769363433123,0.070675438818228,0.9205963202057312,0.008728240976040956,0.023059743905164125,0.9684108928310532,0.008529363263782697,0.1,0.88,0.02,0.1988067626953125,0.581714391708374,0.21947883069515228
2025-05-29,0.006976409815251827,0.9871402382850647,0.005883407779037952,0.026969174149179237,0.9600241602759759,0.013006665574844851,0.016102407756820133,0.9627255693731889,0.02117202286999108,0.08,0.9,0.02,0.17715409398078918,0.6141322255134583,0.20871375501155853
2025-05-30,0.0008389767026528716,0.996828019618988,0.002333041513338685,0.002541094256127911,0.9951317281489263,0.0023271775949459056,0.006101633094253279,0.9867758811877253,0.007122485718021561,0.1,0.86,0.04,0.20108823478221893,0.5458671450614929,0.2530445456504822
2025-06-02,0.0043447487987577915,0.9879637956619263,0.007691470440477133,0.018922028144849258,0.9685108239299957,0.012567147925155188,0.02008605155362563,0.9564819058584013,0.02343204258797299,0.04,0.94,0.02,0.17450076341629028,0.6520657539367676,0.17343345284461975
2025-06-03,0.0004075179749634117,0.9979813694953918,0.0016111262375488877,0.006927960626147746,0.9851618361343926,0.00791020323945982,0.027684516931962427,0.9512916797599054,0.021023803308132156,0.04,0.96,0.0,0.1697232723236084,0.662722110748291,0.1675546020269394
2025-06-04,0.0010856217704713345,0.9975550770759583,0.0013593678595498204,0.017416201451986763,0.9735645683850592,0.00901923016295417,0.011631077660433756,0.9801649371723212,0.00820398516724509,0.04,0.94,0.02,0.1660672277212143,0.6617087721824646,0.17222392559051514
2025-06-05,0.016713088378310204,0.9805984497070312,0.002688400447368622,0.0715631915446622,0.9220786502111146,0.006358158244223235,0.09129375962212631,0.9039590484538175,0.004747191924056103,0.3,0.7,0.0,0.16017811000347137,0.6949495077133179,0.14487238228321075
2025-06-06,0.9735763072967529,0.024610206484794617,0.001813530339859426,0.9163871429673965,0.08023159577243019,0.0033812612601732852,0.838076826490074,0.15777368613384996,0.0041494873760760985,0.82,0.18,0.0,0.1412917822599411,0.7446056008338928,0.11410262435674667
2025-06-09,0.973078727722168,0.02420886605978012,0.002712363377213478,0.9291260408578876,0.06231877579830268,0.008555183343809593,0.953478828234931,0.04068008040355287,0.005841091361516082,0.84,0.16,0.0,0.14098218083381653,0.7385511994361877,0.12046655267477036
2025-06-10,0.9720065593719482,0.01999998465180397,0.007993441075086594,0.9389214082721431,0.04550996899317728,0.015568622734679632,0.875708705002768,0.10561954353978315,0.01867175145744885,0.88,0.12,0.0,0.14387424290180206,0.7292670011520386,0.12685877084732056
2025-06-11,0.9772302508354187,0.019816089421510696,0.0029536669608205557,0.8765879416330014,0.10756994181676212,0.015842116550236585,0.8718970642044679,0.1160906275177168,0.012012308277815471,0.74,0.22,0.04,0.14754827320575714,0.7248882055282593,0.1275634467601776
2025-06-12,0.004079981241375208,0.9912535548210144,0.004666490945965052,0.025509364577060198,0.9590651153009853,0.015425520121954419,0.006021132366067353,0.9775399920638019,0.016438875570130594,0.04,0.9,0.06,0.17341816425323486,0.6527835726737976,0.1737983077764511
2025-06-13,0.00529197882860899,0.9850850701332092,0.009622990153729916,0.00560953568067759,0.9859791754308349,0.008411288888487405,0.012939351376580904,0.9818562950929515,0.005204353530467651,0.02,0.98,0.0,0.23491394519805908,0.5616539120674133,0.2034321129322052
2025-06-16,0.0027029940392822027,0.9947326183319092,0.0025643629487603903,0.00730258188034249,0.985840076559122,0.006857341560535415,0.0063871699821335835,0.9918291826356673,0.0017836473821991328,0.04,0.96,0.0,0.209713876247406,0.621350109577179,0.16893605887889862
2025-06-17,0.002000300446525216,0.9944257736206055,0.0035739662125706673,0.006665531432025452,0.9893993075524432,0.003935161015531305,0.005053687973593276,0.9932774269352584,0.0016688850911481992,0.04,0.94,0.02,0.210306316614151,0.6275478005409241,0.16214583814144135
2025-06-18,0.0008878327207639813,0.9975705742835999,0.001541529898531735,0.0033815430747315325,0.9928653985239199,0.003753058401348537,0.016085017568314198,0.9824493887295738,0.0014655937021119656,0.0,1.0,0.0,0.17836815118789673,0.6737550497055054,0.1478768140077591
2025-06-19,0.001396657433360815,0.9968642592430115,0.0017390610883012414,0.006145540639776713,0.9902181520430867,0.0036363073171365,0.018993268381439124,0.9782441822273444,0.0027625493912165513,0.0,1.0,0.0,0.1715967208147049,0.6932762265205383,0.1351269781589508
2025-06-20,0.0015749994199723005,0.997478187084198,0.0009467744384892285,0.010248113970309232,0.984448446926804,0.00530343910288683,0.02390073376316868,0.9723995110388588,0.0036997551979725853,0.02,0.94,0.04,0.1785818487405777,0.6827406287193298,0.13867752254009247
2025-06-23,0.0020912352483719587,0.991151750087738,0.006757027935236692,0.008749094776543688,0.9707255101719188,0.02052539505153743,0.03167150690720717,0.9275378875601769,0.04079060553261601,0.02,0.98,0.0,0.1667349636554718,0.6330575942993164,0.20020748674869537
2025-06-24,0.0020136202219873667,0.9927904605865479,0.00519593246281147,0.012623489107509272,0.9733454397728805,0.014031071119610144,0.006185997244156542,0.9747408224847455,0.019073180271097962,0.02,0.92,0.06,0.16269704699516296,0.6198013424873352,0.21750156581401825
2025-06-25,0.0005387320998124778,0.9982122182846069,0.0012490992667153478,0.003894213138211497,0.9905817634831995,0.0055240233785888385,0.003107408359447302,0.9824606568694788,0.01443193477107401,0.02,0.96,0.02,0.14832694828510284,0.6485507488250732,0.2031223475933075
2025-06-26,0.00035324273630976677,0.9982911944389343,0.0013555126497521996,0.001295013833926448,0.996227044879856,0.002477941286217586,0.0035901836115368032,0.9775255937328384,0.018884222655624925,0.0,1.0,0.0,0.13883671164512634,0.6745029091835022,0.18666042387485504
2025-06-27,0.0004091750306542963,0.9981308579444885,0.001460024039261043,0.0015485580819660496,0.9927571609064311,0.005694281011602832,0.00320778372969234,0.9869786926438587,0.009813523626449041,0.0,1.0,0.0,0.1342259645462036,0.6848059892654419,0.1809680461883545
2025-06-30,0.0029460196383297443,0.991074800491333,0.005979189183562994,0.006580809106515982,0.9791647038539795,0.014254487039504674,0.0022672990120148947,0.9866722167874665,0.011060484200518542,0.02,0.96,0.02,0.13285093009471893,0.6961988210678101,0.17095018923282623
2025-07-01,0.0017109988257288933,0.9951357245445251,0.0031533355358988047,0.013907297518608776,0.9650813731086558,0.021011329372735386,0.015196264738981956,0.8605463759371935,0.12425735932382452,0.04,0.86,0.1,0.14633092284202576,0.68827223777771,0.1653967648744583
2025-07-02,0.003460930660367012,0.03607388958334923,0.9604651927947998,0.008433656371387517,0.07064524134746203,0.9209211022811503,0.011062926219558539,0.4692996142158773,0.5196374595645642,0.02,0.3,0.68,0.14842423796653748,0.699567437171936,0.15200833976268768
2025-07-03,0.006961837876588106,0.011534868739545345,0.9815032482147217,0.012599455171215187,0.04940718253735581,0.937993362291429,0.013664919366882942,0.06816181375388758,0.9181732668792294,0.04,0.04,0.92,0.13961873948574066,0.7185577750205994,0.14182353019714355
2025-07-04,0.008128765039145947,0.02018258161842823,0.9716886878013611,0.011442186015442578,0.08508558005502152,0.9034722339295359,0.019646224238481527,0.17664580597590782,0.8037079697856107,0.1,0.16,0.74,0.13266177475452423,0.7280976176261902,0.13924062252044678
2025-07-07,0.009520331397652626,0.9877492785453796,0.0027303481474518776,0.029562781466353244,0.9535047119401034,0.016932506593543166,0.05047897099727797,0.9294695923622982,0.020051436640423862,0.04,0.92,0.04,0.15139701962471008,0.7215411067008972,0.1270618587732315
2025-07-08,0.016836704686284065,0.9788990616798401,0.004264218267053366,0.10798967310402866,0.8723572799736318,0.019653046922339462,0.11730949188702075,0.8610419416606332,0.021648566452345946,0.08,0.86,0.06,0.15665775537490845,0.7200082540512085,0.12333405017852783
2025-07-09,0.0260042492300272,0.9526784420013428,0.021317269653081894,0.06228881516682331,0.9035164679397741,0.03419471689340238,0.07187637140637243,0.9056166138963998,0.022507014697227823,0.06,0.78,0.16,0.14433653652668,0.7353923320770264,0.12027118355035782
2025-07-10,0.020285645499825478,0.09644945710897446,0.8832648992538452,0.039475089428116755,0.2678264846124111,0.6926984259594722,0.05735913287869724,0.5735452252206877,0.369095641900615,0.04,0.3,0.66,0.14513151347637177,0.7219866514205933,0.13288180530071259
2025-07-11,0.01544865220785141,0.9772726893424988,0.007278657052665949,0.03704733136236986,0.9470989524177681,0.015853716219862014,0.03695323020593373,0.9555996534134753,0.007447116380591046,0.04,0.94,0.02,0.13439975678920746,0.7506928443908691,0.11490745842456818
2025-07-14,0.031345631927251816,0.9654307961463928,0.003223562380298972,0.07079659054174246,0.9208815623826134,0.00832184707564409,0.07271540309707823,0.9086645828765925,0.018620014026329356,0.08,0.9,0.02,0.1339627355337143,0.738717794418335,0.12731945514678955
2025-07-15,0.004986297804862261,0.9920405745506287,0.002973080612719059,0.015681315444965094,0.9732458255226653,0.01107285903236977,0.022680398311159835,0.9484878217664147,0.028831779922425433,0.06,0.94,0.0,0.13980960845947266,0.7263789772987366,0.13381139934062958
2025-07-16,0.017572203651070595,0.9802727699279785,0.002154977759346366,0.025056138719810273,0.9606557822731016,0.01428807900708803,0.03851693785598407,0.9535270880573546,0.007955974086661158,0.06,0.94,0.0,0.15654613077640533,0.7019453644752502,0.14150847494602203
2025-07-17,0.9550659656524658,0.044105853885412216,0.0008281305199488997,0.8577649688929956,0.13534758834881655,0.006887442758187792,0.7329246762412532,0.24903118314527667,0.018044140613470143,0.74,0.26,0.0,0.15665274858474731,0.7113483548164368,0.1319989413022995
2025-07-18,0.9617525935173035,0.03733392432332039,0.000913468305952847,0.8945753490503889,0.10120502270820579,0.0042196282414052174,0.626257062513987,0.3468041784697392,0.02693875901627371,0.64,0.34,0.02,0.15261071920394897,0.7058384418487549,0.14155088365077972
2025-07-21,0.9568668007850647,0.04111075401306152,0.0020224526524543762,0.8694779664325416,0.12264825721774392,0.007873776349714446,0.6640713304571548,0.31448859933385326,0.02144007020899188,0.64,0.32,0.04,0.15818026661872864,0.6891350746154785,0.15268459916114807
2025-07-22,0.01125731784850359,0.9570559859275818,0.03168673440814018,0.031109055370273208,0.9045279530708299,0.06436299155889696,0.16199398718066388,0.8120465435659162,0.025959469253419975,0.1,0.82,0.08,0.1649063229560852,0.6649137139320374,0.17017997801303864
2025-07-23,0.004212241154164076,0.9841378331184387,0.011649930849671364,0.009830377148049234,0.9536355262133919,0.03653409663855888,0.0294744877647381,0.9458590649058055,0.024666447329456345,0.12,0.88,0.0,0.16367457807064056,0.6697700619697571,0.16655537486076355
2025-07-24,0.006480516865849495,0.9830719232559204,0.010447584092617035,0.03350371645198525,0.9346045836381448,0.031891699909869974,0.06932761018105268,0.8528471270890546,0.07782526272989264,0.08,0.9,0.02,0.18341335654258728,0.6292141079902649,0.18737252056598663
2025-07-25,0.01079209242016077,0.019716231152415276,0.9694916605949402,0.026861334946280346,0.09518240982082635,0.8779562552328933,0.10656403326270582,0.1883608595053704,0.7050751072319239,0.18,0.14,0.68,0.21152080595493317,0.5746613144874573,0.21381783485412598
2025-07-28,0.011166322976350784,0.05904601141810417,0.9297876358032227,0.017240425125983064,0.1821440209073308,0.8006155539666862,0.04466991894122011,0.1380251682580602,0.8173049128007196,0.04,0.32,0.64,0.20766443014144897,0.5986084938049316,0.19372707605361938
2025-07-29,0.004077272955328226,0.9819104075431824,0.014012365601956844,0.01994088815465606,0.9394317032828382,0.04062740856250561,0.06365625554662144,0.8873713161468636,0.04897242830651497,0.04,0.92,0.04,0.20137032866477966,0.6262058019638062,0.17242389917373657
2025-07-30,0.003195359604433179,0.9949278831481934,0.0018768139416351914,0.01366170347041512,0.9799650909063521,0.006373205623232856,0.04154420879959934,0.9461410033030909,0.012314787897309746,0.04,0.96,0.0,0.17866070568561554,0.6720507144927979,0.14928863942623138
2025-07-31,0.01581598073244095,0.9829685091972351,0.0012155120493844151,0.033054754858519934,0.9640620865834515,0.0028831585580284293,0.11911051296139326,0.8551983105993167,0.02569117643928986,0.06,0.9,0.04,0.19665583968162537,0.6572124361991882,0.14613176882266998
2025-08-01,0.9493792653083801,0.044871218502521515,0.005749479867517948,0.8010276822344707,0.19397290943066586,0.004999408334863378,0.5431497307381008,0.4422492793116925,0.014600989950206733,0.72,0.24,0.04,0.21189630031585693,0.6191996335983276,0.16890402138233185
2025-08-04,0.013006708584725857,0.9850871562957764,0.0019061567727476358,0.02735070831795127,0.9697635220572427,0.0028857696248059937,0.07471837991620513,0.9176543676715156,0.007627252412279228,0.04,0.94,0.02,0.19814558327198029,0.6220307350158691,0.17982366681098938
2025-08-05,0.002416081028059125,0.995140552520752,0.0024433769285678864,0.0031853113712186415,0.9946319350986961,0.0021827535300852335,0.015985346672429606,0.9783255318736548,0.005689121453915534,0.04,0.92,0.04,0.19918982684612274,0.6045470237731934,0.1962631344795227
2025-08-06,0.0012859450653195381,0.9976244568824768,0.0010896410094574094,0.0037713165658299504,0.9908722136374077,0.005356469796762434,0.005448654584362547,0.972280579328432,0.0222707660872053,0.02,0.94,0.04,0.1842573583126068,0.6037619113922119,0.2119806408882141
2025-08-07,0.002559464192017913,0.9798110127449036,0.017629509791731834,0.0162067103977281,0.8993097072879026,0.0844835823143694,0.04879222005183029,0.82116155717863,0.13004622276953964,0.08,0.84,0.08,0.1860446184873581,0.582332193851471,0.23162315785884857
2025-08-08,0.0010783998295664787,0.9837149977684021,0.015206578187644482,0.0023791544954726487,0.9762989533136824,0.021321892190845,0.010229549182131566,0.953435983159307,0.03633446765856146,0.04,0.86,0.1,0.1713806539773941,0.6385641694068909,0.19005510210990906
2025-08-11,0.001576583250425756,0.9797658324241638,0.01865762658417225,0.0052233532084221095,0.9156546435980778,0.0791220031934999,0.02749159013976479,0.9445581370059228,0.027950272854312334,0.0,0.94,0.06,0.16050730645656586,0.6690787076950073,0.17041397094726562
2025-08-12,0.0009485446498729289,0.0320100300014019,0.9670414924621582,0.0029795530722126883,0.10153957187702638,0.8954808750507609,0.025951340127380228,0.18528065188406764,0.7887680079885521,0.0,0.2,0.8,0.14747408032417297,0.6861511468887329,0.16637474298477173
2025-08-13,0.001383543130941689,0.043990764766931534,0.95462566614151,0.004204035915717575,0.12969338286543608,0.8661025812188464,0.02798926670107548,0.34349019032599004,0.6285205429729345,0.0,0.16,0.84,0.1478322297334671,0.6840938329696655,0.16807396709918976
2025-08-14,0.0029733742121607065,0.948554277420044,0.04847235232591629,0.021734855088294244,0.8131879260439258,0.1650772188677802,0.0598688156146601,0.6540805543960853,0.28605062998925446,0.02,0.86,0.12,0.1541375070810318,0.6755134463310242,0.17034903168678284
2025-08-18,0.003613517852500081,0.9827733039855957,0.013613170012831688,0.0053928836549152325,0.9714222058123674,0.023184910532717273,0.053464089762626635,0.8791396866698338,0.06739622356753967,0.04,0.9,0.06,0.14322872459888458,0.7116445899009705,0.14512673020362854
2025-08-19,0.002706834813579917,0.9933214783668518,0.0039716907776892185,0.0034060859873907908,0.9864052461097039,0.010188667902905315,0.014650251986707063,0.973632068468142,0.011717679545150943,0.02,0.94,0.04,0.1577683836221695,0.6747852563858032,0.16744637489318848
2025-08-20,0.0009949286468327045,0.9958784580230713,0.003126619616523385,0.0026014183645163514,0.99483627069109,0.0025623109443935533,0.02077144036004491,0.9710916489659385,0.00813691067401679,0.04,0.96,0.0,0.16500158607959747,0.680561900138855,0.15443648397922516
2025-08-21,0.000984381651505828,0.9971852898597717,0.0018302645767107606,0.00255682379805402,0.9936001600489022,0.003843016153043777,0.017018143198470847,0.9612424201112816,0.021739436690247485,0.04,0.92,0.04,0.18658891320228577,0.6309128999710083,0.18249820172786713
2025-08-22,0.00044516866910271347,0.9968016147613525,0.0027532351668924093,0.0022155390728277563,0.9932275310496462,0.004556929877526157,0.021155840579142826,0.9551034011459885,0.023740758274868677,0.0,0.86,0.14,0.17433473467826843,0.6465336084365845,0.17913173139095306
2025-08-25,0.006082452833652496,0.06971538811922073,0.9242022037506104,0.0123693986456755,0.1931193444041049,0.7945112569502197,0.039821503500684245,0.3000772895219251,0.6601012069773907,0.0,0.38,0.62,0.1736263483762741,0.6558539271354675,0.1705196648836136
2025-08-26,0.0007953565800562501,0.9966740608215332,0.002530616708099842,0.009823512275737295,0.9733255148188722,0.01685097290539044,0.07390534076682896,0.911873570554279,0.014221088678891877,0.06,0.88,0.06,0.15380145609378815,0.7108886241912842,0.1353098750114441
2025-08-28,0.006058150436729193,0.07380044460296631,0.9201413989067078,0.015208902540276521,0.19491880554830743,0.7898722919114161,0.05250857420640224,0.187568179240527,0.7599232465530709,0.0,0.28,0.72,0.1467543989419937,0.7170254588127136,0.1362200528383255
2025-08-29,0.0016566666308790445,0.9949313998222351,0.0034119582269340754,0.01032458077339674,0.967095663919115,0.02257975530748817,0.0537113088742177,0.927873498742317,0.01841519238346522,0.0,1.0,0.0,0.14410658180713654,0.7209299206733704,0.13496345281600952
2025-09-01,0.003399904817342758,0.9928272366523743,0.003772885072976351,0.009264482395722846,0.9809133327736786,0.009822184830598671,0.02192378121189054,0.9706743458203699,0.007401872967739567,0.0,1.0,0.0,0.14223900437355042,0.7331199049949646,0.12464113533496857
2025-09-02,0.0017898727674037218,0.9959796667098999,0.0022303969599306583,0.004405217777010292,0.9936904505954537,0.0019043316275359353,0.019297387989652613,0.9721500905591391,0.008552521451208255,0.0,0.96,0.04,0.1499215066432953,0.7225972414016724,0.12748123705387115
2025-09-03,0.0011281139450147748,0.9978312849998474,0.0010406498331576586,0.005619589628280379,0.9925184959272181,0.0018619144445014902,0.0344031712143002,0.9510172946228744,0.014579534162825404,0.02,0.98,0.0,0.1599259078502655,0.7023419737815857,0.1377321481704712
2025-09-04,0.002053184201940894,0.9958645105361938,0.002082319464534521,0.011882258636833542,0.9799264395090865,0.00819130185407988,0.026579455181661715,0.9638370060573382,0.009583538761000068,0.04,0.96,0.0,0.1449240744113922,0.7231200933456421,0.13195587694644928
2025-09-05,0.0012935230042785406,0.9820209741592407,0.01668545790016651,0.0038329121528117645,0.9611127404540387,0.035054347393149464,0.012692295940042411,0.9704150969421899,0.01689260711776777,0.0,0.96,0.04,0.15642766654491425,0.6786831617355347,0.16488918662071228
2025-09-08,0.0005907750455662608,0.997576892375946,0.0018322898540645838,0.0032165062946918842,0.9832448745817548,0.013538619123553428,0.009305536681795809,0.9821657629439158,0.008528700374288233,0.0,0.94,0.06,0.15316274762153625,0.6742050051689148,0.17263232171535492
2025-09-09,0.0005998277338221669,0.997124969959259,0.0022751428186893463,0.001912431450889575,0.9845169733938351,0.013570595155275166,0.0070633579795908695,0.9814073698927446,0.011529272127664537,0.0,1.0,0.0,0.14682592451572418,0.6828782558441162,0.170295849442482
2025-09-10,0.0022660233080387115,0.9949947595596313,0.0027391675394028425,0.0036753515207990097,0.9919446930658598,0.004379955413341115,0.008038287898006041,0.98154803450245,0.01041367759954377,0.02,0.98,0.0,0.1486550271511078,0.7005283236503601,0.15081661939620972
2025-09-11,0.0020284648053348064,0.9926794767379761,0.005292084068059921,0.005554665596244311,0.983118205052716,0.011327129351039649,0.0030978069151007506,0.9850914408501696,0.011810752234729492,0.02,0.98,0.0,0.13881568610668182,0.7127436399459839,0.1484406292438507
2025-09-12,0.004297425039112568,0.9924391508102417,0.003263441612944007,0.013519853668701589,0.9794187399443075,0.007061406386990869,0.03803714949171342,0.9479562285731363,0.014006621935150228,0.04,0.96,0.0,0.13342544436454773,0.742153525352478,0.12442106753587723
2025-09-15,0.0065419296734035015,0.9874487519264221,0.006009295117110014,0.024907626721182758,0.9653960585407351,0.009696314738082003,0.06710073219897832,0.887342884258523,0.04555638354249871,0.04,0.96,0.0,0.12450337409973145,0.7589876651763916,0.11650894582271576
2025-09-16,0.004012241493910551,0.9949959516525269,0.0009918150026351213,0.015330454684589729,0.9782839404151695,0.00638560490024075,0.046576622848005185,0.9002891891684648,0.05313418798353001,0.04,0.96,0.0,0.13011068105697632,0.7512105703353882,0.11867870390415192
2025-09-17,0.013231152668595314,0.9825654029846191,0.004203393589705229,0.045255713612414206,0.9473601709141809,0.007384115473404814,0.13427199336835954,0.8332930894948333,0.03243491713680721,0.1,0.86,0.04,0.1261076033115387,0.7483260631561279,0.12556631863117218
2025-09-18,0.9671827554702759,0.02916477620601654,0.003652452491223812,0.8966369856560773,0.09161297111513399,0.011750043228788644,0.7554381240591859,0.222075089146404,0.0224867867944102,0.76,0.24,0.0,0.1191958636045456,0.7665969133377075,0.1142072007060051
2025-09-19,0.9713912010192871,0.025026531890034676,0.003582326229661703,0.8905351977017759,0.09813627038365724,0.011328531914566925,0.6136045481619504,0.3220049236780429,0.06439052816000677,0.7,0.3,0.0,0.11951334774494171,0.7608634829521179,0.11962328106164932
2025-09-22,0.009204975329339504,0.9884316921234131,0.002363374922424555,0.026862403685277245,0.964887453852212,0.008250142462510865,0.0871304007172254,0.8527780458499631,0.06009155343281158,0.02,0.98,0.0,0.12802459299564362,0.7425857186317444,0.1293896734714508
2025-09-23,0.0012659296626225114,0.9976404905319214,0.001093606697395444,0.002956341565365368,0.9949297846513273,0.002113873783307441,0.007868098024729995,0.9873903069109715,0.004741595064298453,0.02,0.98,0.0,0.16360680758953094,0.6818222403526306,0.15457099676132202
2025-09-24,0.0012813310604542494,0.9974541068077087,0.0012645722599700093,0.004707807126937146,0.9909056120950163,0.004386580778046465,0.00943065182981966,0.9869725429743353,0.0035968051958450787,0.0,0.98,0.02,0.1750096082687378,0.6850780844688416,0.13991230726242065
2025-09-25,0.00043329611071385443,0.9968344569206238,0.002732248278334737,0.0015673553706319861,0.9927519244300697,0.005680720199298405,0.014641287204788347,0.9807129421843539,0.004645770610857756,0.02,0.94,0.04,0.1839996725320816,0.6630592942237854,0.1529410183429718
2025-09-26,0.0002548659685999155,0.9990600943565369,0.0006850175559520721,0.0008579402983170573,0.9983253186275967,0.000816741074086406,0.00853656212441978,0.9887958014315754,0.0026676364440048447,0.0,1.0,0.0,0.19129537045955658,0.6495607495307922,0.15914388000965118
2025-09-29,0.0002371936570852995,0.9992357492446899,0.0005271236877888441,0.002376492029296251,0.9957180380798256,0.0019054698908780167,0.01013935683482872,0.9820605261643468,0.007800117000824436,0.0,1.0,0.0,0.17459695041179657,0.658801257610321,0.16660179197788239
2025-09-30,0.00505489856004715,0.9932994842529297,0.0016456467565149069,0.00557966345962562,0.9912336058563684,0.003186730684005747,0.010357114413033872,0.9719928642278195,0.017650021359146527,0.02,0.96,0.02,0.1763794869184494,0.6494602560997009,0.17416025698184967
2025-10-01,0.00023056549252942204,0.9953403472900391,0.004429108463227749,0.0026806482384280684,0.9785229159932306,0.018796435768341255,0.003227895463282297,0.9740432741335984,0.022728830403119387,0.02,0.92,0.06,0.1595546156167984,0.658403754234314,0.18204164505004883
2025-10-03,0.0005595984985120595,0.9963120818138123,0.003128273179754615,0.002068355828172521,0.9893898522006369,0.00854179197119047,0.0025436138872375396,0.9901343419549805,0.007322044157782021,0.02,0.9,0.08,0.15460839867591858,0.6585760116577148,0.18681557476520538
2025-10-06,0.0005590388900600374,0.9973453879356384,0.0020955675281584263,0.0014389110465800317,0.9928862263426488,0.005674862610771264,0.0060941675350517695,0.9681142614875548,0.025791570977393336,0.0,0.94,0.06,0.15468668937683105,0.6795068383216858,0.16580645740032196
2025-10-07,0.000412650901125744,0.9834792613983154,0.01610807329416275,0.0019225042585242378,0.9584528651183571,0.03962463062311862,0.005279022653849101,0.9173261230475124,0.07739485429863861,0.04,0.96,0.0,0.17081986367702484,0.6421225666999817,0.18705762922763824
2025-10-08,0.0009016062249429524,0.9814056754112244,0.017692774534225464,0.004955505675147944,0.9543148807579773,0.040729613566874906,0.01263297636131468,0.8618229415649192,0.12554408207376613,0.0,0.94,0.06,0.18013454973697662,0.6321516036987305,0.1877138614654541
2025-10-09,0.0016499466728419065,0.04358978569507599,0.9547603130340576,0.002354903933790972,0.18916694594374897,0.80847815012246,0.03828554302966154,0.20126519358750966,0.7604492633828288,0.0,0.3,0.7,0.1757977157831192,0.6447967290878296,0.1794055849313736
2025-10-10,0.0010728917550295591,0.04831283539533615,0.9506142735481262,0.0030923986113780503,0.11701814207594595,0.8798894593126759,0.01136108935318338,0.11971978278197247,0.868919127864844,0.0,0.2,0.8,0.17496785521507263,0.6047214865684509,0.2203107476234436
2025-10-13,0.0008683474734425545,0.020122617483139038,0.9790090918540955,0.006174306186476741,0.08798845134356033,0.905837242469963,0.015384221981570667,0.047215785624685445,0.9373999923937438,0.0,0.16,0.84,0.16737249493598938,0.6094537377357483,0.22317369282245636
2025-10-14,0.0020748840179294348,0.014313429594039917,0.9836116433143616,0.006073294983715598,0.03977283100341449,0.9541538740128699,0.012097202048492574,0.029220831439401775,0.9586819665121056,0.02,0.18,0.8,0.17206743359565735,0.5954933166503906,0.23243926465511322
2025-10-15,0.006889024283736944,0.026918383315205574,0.9661926031112671,0.0073895548448269215,0.04434438908623242,0.9482660560689407,0.02481379631485946,0.12399092983824281,0.8511952738468977,0.02,0.24,0.74,0.16402901709079742,0.6129794716835022,0.22299155592918396
2025-10-16,0.0016982544912025332,0.9947252869606018,0.003576497081667185,0.004626423015545256,0.9881945133319301,0.007179063652524533,0.0053933867446746865,0.9805457294203994,0.014060883834925831,0.08,0.82,0.1,0.15121211111545563,0.618363618850708,0.2304242104291916
2025-10-17,0.0013981076190248132,0.9960832595825195,0.0025186080019921064,0.011555205001408995,0.9812583174892805,0.007186477509310513,0.008406551553995098,0.981251715568217,0.010341732877787875,0.04,0.92,0.04,0.15340524911880493,0.6716665625572205,0.1749281883239746
2025-10-20,0.0008819234790280461,0.9969148635864258,0.00220316625200212,0.013036875119838268,0.982343114991343,0.004620009888818868,0.003180645932159853,0.9921701410509396,0.004649213016900458,0.02,0.92,0.06,0.15384453535079956,0.6721389889717102,0.17401643097400665
2025-10-21,0.006091686896979809,0.990993082523346,0.0029152289498597383,0.010693782468766897,0.9858742863115064,0.003431931219726764,0.005819563271027472,0.9812053408105227,0.01297509591844982,0.02,0.98,0.0,0.14607113599777222,0.6955028772354126,0.15842604637145996
2025-10-23,0.013241101056337357,0.9849480986595154,0.0018108193762600422,0.01929196962514742,0.976737407979785,0.003970622395067652,0.021537381487989626,0.9483156644811379,0.030146954030872444,0.04,0.94,0.02,0.15219733119010925,0.7253410220146179,0.122461698949337
2025-10-24,0.006445146631449461,0.9919543862342834,0.0016004194039851427,0.01968665170500522,0.9777996785955787,0.0025136696994160373,0.0175916104487217,0.9685257611229765,0.013882628428301826,0.04,0.96,0.0,0.15061166882514954,0.71866774559021,0.13072063028812408
2025-10-27,0.002554908161982894,0.9949668049812317,0.0024782558903098106,0.005110254636304075,0.9891923637284911,0.005697381635204864,0.008856056350741798,0.9732696227543156,0.017874320894942793,0.02,0.94,0.04,0.14803273975849152,0.7224975824356079,0.12946973741054535
2025-10-28,0.001628279685974121,0.9958426356315613,0.0025290411431342363,0.010463715000848153,0.9767737668273127,0.012762518171839172,0.024847578426041482,0.9619103938225754,0.01324202775138314,0.02,0.94,0.04,0.14735376834869385,0.7260720133781433,0.12657411396503448
2025-10-29,0.005190837662667036,0.9905645847320557,0.004244625568389893,0.01577188895297423,0.9706072044794647,0.013620906567561132,0.039512137090331044,0.9504731600165102,0.010014702893158811,0.04,0.96,0.0,0.133291095495224,0.7550523281097412,0.11165657639503479
2025-10-30,0.003103865310549736,0.994140088558197,0.0027559685986489058,0.012076243617079329,0.9831138814271224,0.0048098749557982864,0.014262788441059448,0.9814826709535595,0.004254540605381066,0.0,0.98,0.02,0.1372743844985962,0.7377044558525085,0.12502111494541168
2025-10-31,0.0026514707133173943,0.9949830770492554,0.0023654429242014885,0.012796255350216019,0.9822512485129589,0.004952496136825053,0.037182723678407976,0.9545262379074692,0.008291038414122922,0.02,0.98,0.0,0.1416931301355362,0.7344261407852173,0.12388071417808533
2025-11-03,0.0024597663432359695,0.9963104128837585,0.0012298169312998652,0.009740295627384248,0.9870487754313574,0.0032109289412582493,0.02731596115195692,0.9676591133158321,0.005024925532210948,0.0,1.0,0.0,0.14544427394866943,0.7242926359176636,0.1302630752325058
2025-11-04,0.002782902680337429,0.991727352142334,0.005489765200763941,0.013190969094219553,0.9515423351193965,0.03526669578638396,0.026227091721037318,0.9667624582647788,0.00701045001418391,0.02,0.98,0.0,0.16099880635738373,0.688481330871582,0.15051983296871185
2025-11-06,0.002188964281231165,0.9925013184547424,0.005309748463332653,0.011454937936526311,0.9480869249459069,0.04045813711756665,0.0242764263141761,0.8890528225987179,0.08667075108710601,0.04,0.92,0.04,0.16030915081501007,0.6628255248069763,0.17686529457569122
2025-11-07,0.0008740810444578528,0.9936131834983826,0.005512802395969629,0.0036162223482270237,0.9728008956813341,0.02358288197043882,0.016697509792779293,0.9274474241804634,0.05585506602675724,0.02,0.98,0.0,0.17473600804805756,0.6288824081420898,0.19638164341449738
2025-11-10,0.0008187493658624589,0.9941447377204895,0.005036525893956423,0.004226412449680344,0.9807536686762535,0.015019918874066179,0.0037005208069471646,0.9872118617589177,0.009087617434135005,0.0,1.0,0.0,0.16990932822227478,0.643767237663269,0.1863234043121338
2025-11-11,0.0005159055581316352,0.9975115060806274,0.001972583355382085,0.003264624554258835,0.9819174052544993,0.014817970191241694,0.004352274261623514,0.9895049646340001,0.006142761104376253,0.0,1.0,0.0,0.14993248879909515,0.6968657970428467,0.15320169925689697
2025-11-12,0.001649133744649589,0.9950634837150574,0.00328738777898252,0.01918348098770798,0.9688891171336087,0.01192740187868339,0.015304410926132495,0.9637891485564266,0.020906440517440755,0.02,0.94,0.04,0.1442473828792572,0.6871800422668457,0.1685725599527359
2025-11-13,0.0027986872009932995,0.9952738881111145,0.001927421661093831,0.011739406071747987,0.9806617055828573,0.007598888345394611,0.008908991194233815,0.980965431266989,0.010125577538777304,0.14,0.84,0.02,0.14837731420993805,0.6918399333953857,0.15978284180164337
2025-11-14,0.0015771992038935423,0.9962837100028992,0.0021390686742961407,0.011218590165553308,0.9831739216058213,0.005607488228625341,0.036230000850784504,0.9556584599875715,0.00811153916164407,0.0,1.0,0.0,0.138915553689003,0.7272594571113586,0.13382494449615479
2025-11-17,0.0012678148923441768,0.9983184337615967,0.00041374724241904914,0.005017587256017283,0.9932270661821523,0.001755346561830483,0.01097887468471596,0.9817384978866472,0.007282627428636834,0.02,0.98,0.0,0.14917436242103577,0.6945667266845703,0.15625888109207153
2025-11-18,0.0014342231443151832,0.9928805828094482,0.005685159936547279,0.0022836174705948985,0.9881234178722007,0.009592964657204358,0.014473143712163414,0.964149927118417,0.021376929169419683,0.02,0.96,0.02,0.15878406167030334,0.6617187857627869,0.1794971078634262
2025-11-19,0.0012511967215687037,0.9941264390945435,0.004622385371476412,0.0020400987538476047,0.9753526540513915,0.022607247194761097,0.007002063493367105,0.974481511818105,0.018516424688527777,0.0,0.94,0.06,0.15755011141300201,0.6768523454666138,0.165597602725029
2025-11-20,0.00218584924004972,0.9913124442100525,0.0065016536973416805,0.008234403910914859,0.9699593410302685,0.021806255058816715,0.011191706162710788,0.9728248941162347,0.0159833997210545,0.0,1.0,0.0,0.15466412901878357,0.6662979125976562,0.17903801798820496
2025-11-21,0.008243664167821407,0.9872298836708069,0.004526430740952492,0.03849519520567542,0.9534691976106088,0.008035607183715817,0.035659429567312204,0.887637573976682,0.07670299645600602,0.04,0.88,0.08,0.14912734925746918,0.6578498482704163,0.1930227428674698
2025-11-24,0.001941565191373229,0.9961820244789124,0.0018763315165415406,0.009261318706756621,0.986927995640367,0.0038106856528762533,0.015717219628726894,0.9697720851242388,0.014510695247034208,0.02,0.98,0.0,0.13377481698989868,0.7213199734687805,0.1449051797389984
2025-11-25,0.0026064482517540455,0.9892788529396057,0.008114693686366081,0.005341540483698663,0.9891913487950965,0.005467110721204938,0.01274244984167176,0.9694451689252347,0.017812381233093574,0.04,0.86,0.1,0.1261657029390335,0.7294101119041443,0.1444241851568222
2025-11-26,0.0036608006339520216,0.992219090461731,0.004120102152228355,0.011059619311766718,0.978885727995015,0.010054652693218124,0.011429025872287543,0.9781128565275664,0.010458117600146059,0.0,1.0,0.0,0.12152915447950363,0.7513046860694885,0.12716622650623322
2025-11-27,0.005337532609701157,0.991114616394043,0.0035477695055305958,0.014780442650750639,0.9803430797971627,0.004876477552086711,0.0077119058886469735,0.9809593359513165,0.0113287581600364,0.02,0.96,0.02,0.12176324427127838,0.7519404888153076,0.12629635632038116
2025-11-28,0.008528285659849644,0.9865304827690125,0.004941211547702551,0.026718287301217194,0.9660893815388266,0.007192331159956166,0.009475269479988079,0.9802183151015308,0.010306415418481082,0.0,0.98,0.02,0.10999435186386108,0.7816895246505737,0.10831616073846817
2025-12-01,0.009848667308688164,0.9857444167137146,0.004406928550451994,0.04749693529827409,0.9371652764246192,0.015337788277106659,0.03917291230311636,0.9042991780485855,0.056527909648298034,0.06,0.92,0.02,0.12008875608444214,0.760189950466156,0.1197211965918541
2025-12-02,0.009655700996518135,0.9871161580085754,0.003228110261261463,0.029148202421582656,0.9656152058711733,0.005236591707244011,0.05225503031515662,0.9317762601350476,0.01596870954979595,0.12,0.86,0.02,0.1115017682313919,0.7790487408638,0.10944950580596924
2025-12-03,0.001319129136390984,0.9974921941757202,0.0011886742431670427,0.004890241604677547,0.9897296220820684,0.0053801363132540865,0.017049997296780882,0.966083813038139,0.016866189665080075,0.0,1.0,0.0,0.12874539196491241,0.7528418898582458,0.11841270327568054
2025-12-04,0.004033706616610289,0.9952259063720703,0.000740368093829602,0.0060688706593864175,0.9928392727847737,0.0010918565558400188,0.008355988058214726,0.9883723151447108,0.003271696797074516,0.02,0.98,0.0,0.1274016797542572,0.7616011500358582,0.11099714040756226
2025-12-05,0.0011181420413777232,0.9979910850524902,0.0008907364681363106,0.002688751871140312,0.9960503642282941,0.0012608839005656643,0.015132314496531588,0.9812963453304152,0.0035713401730532667,0.04,0.96,0.0,0.12926802039146423,0.75307297706604,0.1176590546965599
2025-12-08,0.0014514230424538255,0.9979248046875,0.0006237419438548386,0.003392489636525447,0.9948826878962266,0.0017248224672479098,0.00602459061459056,0.9888507127862134,0.005124696599195975,0.02,0.96,0.02,0.14333806931972504,0.7190868854522705,0.13757508993148804
2025-12-09,0.002110543195158243,0.9970390796661377,0.0008503563003614545,0.0037445885327283906,0.9943863805589789,0.001869030908292908,0.006440146466030048,0.987489047646964,0.006070805887005962,0.0,1.0,0.0,0.1498800367116928,0.7077128291130066,0.1424071341753006
2025-12-10,0.0055426666513085365,0.991340696811676,0.003116614418104291,0.012393897119447288,0.9817572063052897,0.005848896575262846,0.020012918103399543,0.9508724052468779,0.029114676649722584,0.04,0.94,0.02,0.15645740926265717,0.6875033378601074,0.1560392677783966
2025-12-11,0.0055892588570714,0.9915322661399841,0.002878432162106037,0.017105891413057333,0.9721762815857053,0.010717827001237103,0.023932611944322543,0.9251306764087548,0.050936711646922574,0.04,0.92,0.04,0.1520383656024933,0.6716597676277161,0.17630183696746826
2025-12-12,0.016831636428833008,0.9803917407989502,0.0027766358107328415,0.018275513136568104,0.9782645515143887,0.0034599353490429646,0.05756042826778819,0.9273117078355004,0.015127863896711356,0.16,0.82,0.02,0.14130985736846924,0.6999070048332214,0.15878307819366455
2025-12-15,0.0019254675135016441,0.9965806603431702,0.0014938738895580173,0.0052199357038216895,0.9913669356582714,0.003413128637906874,0.011954844506996498,0.9798501193620485,0.008195036130954968,0.02,0.94,0.04,0.14088775217533112,0.7115799188613892,0.14753229916095734
2025-12-16,0.003705270355567336,0.9915270209312439,0.004767740610986948,0.0154624857804633,0.9698550073654318,0.014682506854104823,0.021329742890606244,0.9434138633926223,0.035256393716771424,0.02,0.94,0.04,0.14618106186389923,0.6926989555358887,0.1611199527978897
2025-12-17,0.0030315921176224947,0.9938516616821289,0.0031167780980467796,0.02379014871387082,0.9611412699492876,0.015068581336841734,0.022620006852447205,0.9475483905378683,0.029831602609684333,0.0,0.94,0.06,0.1559617519378662,0.6766985058784485,0.16733971238136292
2025-12-18,0.002343482570722699,0.9955428242683411,0.0021137020085006952,0.01719016249246169,0.9738036009738286,0.009006236533709869,0.009567917942544562,0.9840931020043527,0.0063389800531027515,0.0,1.0,0.0,0.15491952002048492,0.6772003173828125,0.16788023710250854
2025-12-19,0.009862680919468403,0.9863998889923096,0.003737426595762372,0.07173533029636824,0.9155902364582952,0.012674433245336476,0.028351193394102664,0.9551130449581009,0.016535761647796424,0.02,0.96,0.02,0.13876180350780487,0.7065520286560059,0.15468621253967285
2025-12-22,0.042685236781835556,0.9542409181594849,0.003073860891163349,0.12012234030289666,0.853884794710307,0.025992864986796323,0.07669901382891177,0.8924396304361017,0.03086135573498635,0.22,0.76,0.02,0.13671036064624786,0.7074791193008423,0.15581059455871582
2025-12-23,0.04950615391135216,0.9464156627655029,0.004078211262822151,0.18308872539311374,0.7876127593500314,0.029298515256854927,0.18194781635954616,0.7550125877656622,0.06303959587479152,0.3,0.68,0.02,0.14045387506484985,0.7148935794830322,0.14465247094631195
2025-12-24,0.936590850353241,0.05654803663492203,0.006861046422272921,0.7811254907253482,0.19670212085730324,0.022172388417348598,0.8304041609915689,0.11557063693552143,0.05402520207290971,0.76,0.2,0.04,0.13019442558288574,0.7270668745040894,0.1427387148141861
2025-12-26,0.9494395852088928,0.04277459904551506,0.007785848341882229,0.8660938862955073,0.12304083371709132,0.010865279987401532,0.8601007779973205,0.09989981351101554,0.039999408491663856,0.78,0.16,0.06,0.12442629784345627,0.7506666779518127,0.12490694969892502
2025-12-29,0.9577173590660095,0.040031712502241135,0.002250882564112544,0.8947614207472191,0.0961047116615677,0.00913386759121318,0.9495367640707267,0.033018134830169986,0.017445101099103237,0.84,0.16,0.0,0.1220274567604065,0.752170979976654,0.12580156326293945
2025-12-30,0.9796084761619568,0.017329977825284004,0.0030614850111305714,0.9300655299179674,0.06541113194772466,0.004523338134307941,0.9012117700777532,0.08808670700515037,0.0107015229170964,0.88,0.12,0.0,0.12081707268953323,0.7563192248344421,0.12286362797021866
2025-12-31,0.9609146118164062,0.034547723829746246,0.004537584725767374,0.8734662939088468,0.11897306795948687,0.007560638131666338,0.773970790506618,0.200741135813206,0.025288073680175997,0.8,0.18,0.02,0.12495812028646469,0.7456304430961609,0.1294115036725998
2026-01-02,0.003741278313100338,0.9872738122940063,0.008984859101474285,0.011657828746698946,0.9763394773307328,0.012002693922568254,0.10426941926287238,0.8831516687880407,0.012578911949086962,0.08,0.88,0.04,0.24151934683322906,0.5580714344978333,0.2004091590642929
2026-01-05,0.009980241768062115,0.9843557476997375,0.005663973279297352,0.022842340485457073,0.9550410152166462,0.022116644297896736,0.1322097498532491,0.8262425055761174,0.04154774457063346,0.08,0.9,0.02,0.26189175248146057,0.5301551818847656,0.20795302093029022
2026-01-06,0.009311458095908165,0.9866359829902649,0.004052558448165655,0.04477856132351542,0.9375605889069821,0.01766084976950251,0.19502059599581797,0.7824688275710003,0.022510576433181557,0.1,0.88,0.02,0.25214093923568726,0.5434315204620361,0.20442751049995422
2026-01-07,0.9493744373321533,0.04532574862241745,0.0052998000755906105,0.882229853710953,0.09084407253312121,0.026926073755925806,0.6226494209288995,0.33460646998279336,0.04274410908830709,0.7,0.28,0.02,0.24881871044635773,0.5296028256416321,0.22157849371433258
2026-01-08,0.011310779489576817,0.9834438562393188,0.005245308857411146,0.04197413841243476,0.9446162770526492,0.013409584534915977,0.014806267997004728,0.9402500493100505,0.04494368269294473,0.08,0.8,0.12,0.19047628343105316,0.6139612793922424,0.195562481880188
2026-01-09,0.0053043426014482975,0.9805355072021484,0.014160138554871082,0.012338527284685718,0.9512551399157247,0.03640633279958945,0.02997181113015382,0.8997497977349834,0.07027839113486269,0.2,0.8,0.0,0.2327035516500473,0.5481658577919006,0.21913063526153564
2026-01-12,0.013723858632147312,0.9815247058868408,0.004751369822770357,0.1002048343510344,0.8827223850315069,0.01707278061745867,0.09273992666278986,0.8411385268418365,0.0661215464953735,0.16,0.8,0.04,0.23728200793266296,0.5492632389068604,0.2134547382593155
2026-01-13,0.9516310691833496,0.04386526346206665,0.004503683187067509,0.8469894187413978,0.14572454050764838,0.007286040750953796,0.5734574303513162,0.39528306351857667,0.03125950613010715,0.78,0.2,0.02,0.25107136368751526,0.5233248472213745,0.22560381889343262
2026-01-14,0.026063453406095505,0.9711881875991821,0.0027483426965773106,0.07850887556095788,0.9148351617186085,0.006655962720433714,0.12086708981968981,0.8609620579795996,0.018170852200710616,0.1,0.9,0.0,0.2412886619567871,0.5514041781425476,0.20730717480182648
2026-01-16,0.03492552787065506,0.955978274345398,0.009096176363527775,0.09155374169473499,0.8993300143811493,0.009116243924115704,0.10156384129335605,0.8809768650507372,0.017459293655906705,0.1,0.9,0.0,0.2229558378458023,0.5673072934150696,0.2097369283437729
2026-01-19,0.9402527809143066,0.0561552420258522,0.003592036198824644,0.8617521539709607,0.1329000454633773,0.005347800565661863,0.6683511991835451,0.2728297810596061,0.05881901975684876,0.64,0.3,0.06,0.22685998678207397,0.5570662021636963,0.21607375144958496
2026-01-20,0.024194972589612007,0.9747087955474854,0.0010961928637698293,0.0999979382211265,0.8938789109504944,0.006123150828379203,0.0908898493024509,0.8931573560833389,0.015952794614210113,0.04,0.94,0.02,0.23145589232444763,0.5540609359741211,0.21448315680027008
2026-01-21,0.016064373776316643,0.9826822280883789,0.0012533983681350946,0.06338442247639063,0.930586132765862,0.0060294447577473025,0.11051494841290692,0.8742171610346314,0.015267890552461603,0.08,0.92,0.0,0.23616071045398712,0.5372177958488464,0.22662152349948883
2026-01-22,0.011645827442407608,0.9854475855827332,0.0029065257403999567,0.02016389151269926,0.9657905603025808,0.014045548184719847,0.08033519993238798,0.8727819163952907,0.04688288367232135,0.12,0.72,0.16,0.21317532658576965,0.5679144859313965,0.21891014277935028
2026-01-23,0.9399221539497375,0.05382763221859932,0.006250146776437759,0.796957831309975,0.1751405801178409,0.02790158857218415,0.6469346897967726,0.29902794475037187,0.05403736545285542,0.62,0.34,0.04,0.22230742871761322,0.5676156878471375,0.21007691323757172
2026-01-27,0.00524177635088563,0.9831820130348206,0.01157618872821331,0.030708959037819762,0.9220249271063399,0.047266113855840286,0.035153590700929424,0.8886731609746087,0.07617324832446191,0.06,0.88,0.06,0.21160107851028442,0.5581645965576172,0.23023439943790436
2026-01-28,0.0024210300762206316,0.9951834082603455,0.002395503455772996,0.029041648775376572,0.9555375717609782,0.015420779463645099,0.03093318325022353,0.9270807259777543,0.04198609077202215,0.08,0.8,0.12,0.2273581624031067,0.5237370729446411,0.24890480935573578
2026-01-29,0.0010083889355883002,0.9928997755050659,0.0060918028466403484,0.011540722815449364,0.9523146066178915,0.03614467056665923,0.06609543183265579,0.887790137661197,0.046114430506147316,0.04,0.84,0.12,0.2557206451892853,0.503109335899353,0.2411700040102005
2026-01-30,0.026832373812794685,0.9602704048156738,0.012897202745079994,0.1015773679552017,0.8712167418954304,0.027205890149368042,0.1643305498977278,0.7915294966506428,0.044139953451629306,0.06,0.84,0.1,0.23726914823055267,0.5087355375289917,0.2539953887462616
2026-02-02,0.012944293208420277,0.0401848740875721,0.9468708038330078,0.04314697939701503,0.09248024300394535,0.8643727775990396,0.1620525048497336,0.22438174988865944,0.6135657452616069,0.04,0.32,0.64,0.2193162441253662,0.5262500047683716,0.2544337213039398
2026-02-03,0.0027369584422558546,0.012724792584776878,0.984538197517395,0.015464983511146491,0.06981377115987657,0.9147212453289768,0.04173590968482147,0.11901427655540577,0.8392498137597729,0.06,0.12,0.82,0.20357076823711395,0.46837493777275085,0.32805436849594116
2026-02-04,0.004117363132536411,0.02549157105386257,0.9703910946846008,0.01216135107436153,0.0930333482201515,0.8948053007054869,0.040726829583886376,0.2835551242158126,0.675718046200301,0.08,0.2,0.72,0.21463651955127716,0.4671066701412201,0.31825676560401917
2026-02-05,0.0015430195489898324,0.017657356336712837,0.980799674987793,0.0065579229939423285,0.052752853649355454,0.9406892233567022,0.01175938123264759,0.035520137916203856,0.9527204808511487,0.02,0.06,0.92,0.19787202775478363,0.4426761269569397,0.35945188999176025
2026-02-06,0.002790076658129692,0.9821051359176636,0.015104776248335838,0.008622419539790396,0.9490925043097479,0.04228507615046151,0.07963901379131012,0.7351752758988841,0.18518571030980588,0.02,0.84,0.14,0.18938544392585754,0.4993250072002411,0.31128954887390137
2026-02-09,0.007873288355767727,0.9839085936546326,0.008218151517212391,0.019935535935736978,0.9586958725986209,0.021368591465642024,0.0670742377076696,0.8634612287969171,0.06946453349541337,0.08,0.84,0.08,0.1893058866262436,0.5316959023475647,0.2789982259273529
2026-02-10,0.01491772010922432,0.982628345489502,0.002453864086419344,0.06333744367698886,0.9317263134265901,0.004936242896421014,0.14167446489160315,0.8405042536015473,0.017821281506849546,0.1,0.9,0.0,0.21469971537590027,0.5562281012535095,0.22907224297523499
2026-02-11,0.015775538980960846,0.9818721413612366,0.0023523233830928802,0.052329341111096266,0.9415973575786708,0.00607330131023275,0.05355971759100034,0.9300982745999765,0.016342007809023264,0.08,0.86,0.06,0.19665323197841644,0.5737303495407104,0.22961640357971191
2026-02-12,0.007562174927443266,0.9897422790527344,0.0026955874636769295,0.03620543308786205,0.9539668053988423,0.009827761513295705,0.05920925870193674,0.9168844724100476,0.0239062688880158,0.06,0.88,0.06,0.18239395320415497,0.6007453799247742,0.21686069667339325
2026-02-13,0.0031904871575534344,0.9957226514816284,0.001086817355826497,0.01509714547623762,0.9826626995932136,0.0022401549305488748,0.025783732122343275,0.9638787494955577,0.010337518382098976,0.04,0.94,0.02,0.23371636867523193,0.473743200302124,0.29254040122032166
2026-02-16,0.004085049498826265,0.994746744632721,0.0011681404430419207,0.015831807090442053,0.9799416845359626,0.004226508373595186,0.040474857004707855,0.9517202787275415,0.007804864267750594,0.02,0.94,0.04,0.22907130420207977,0.47673705220222473,0.2941916286945343
2026-02-17,0.00376886036247015,0.9937829375267029,0.0024482007138431072,0.017809275493492652,0.9753431595914116,0.006847564915095877,0.07641442393743236,0.8949580367673158,0.0286275392952518,0.06,0.92,0.02,0.21886518597602844,0.4863668382167816,0.29476791620254517
2026-02-18,0.014250032603740692,0.9823744893074036,0.0033753958996385336,0.06679560874242262,0.912601763428913,0.02060262782866436,0.15218636561159501,0.8266049463056439,0.02120868808276103,0.08,0.9,0.02,0.20987814664840698,0.5616925954818726,0.22842930257320404
2026-02-19,0.010826165787875652,0.9857665300369263,0.003407248994335532,0.027632838696939103,0.9653952549788911,0.00697190632416972,0.07718045709032713,0.9092392365463517,0.01358030636332103,0.1,0.9,0.0,0.23335488140583038,0.5094053149223328,0.25723981857299805
2026-02-20,0.010740069672465324,0.9877759218215942,0.0014840501826256514,0.03624507961678495,0.9589304677775465,0.004824452605668646,0.11041659755488649,0.879599531652184,0.009983870792929601,0.16,0.82,0.02,0.1860663741827011,0.6379399299621582,0.1759936809539795
2026-02-23,0.9740116596221924,0.022142089903354645,0.0038463121745735407,0.8982415570515531,0.09213731799024288,0.009621124958203987,0.7919170002807936,0.18821804491860727,0.01986495480059907,0.68,0.3,0.02,0.18457776308059692,0.6284058094024658,0.18701647222042084
2026-02-24,0.9933657050132751,0.005176047328859568,0.00145824090577662,0.9531013624755785,0.04316277003343338,0.0037358674909881927,0.8913405622010017,0.10235387387607561,0.006305563922922852,0.8,0.2,0.0,0.18279317021369934,0.6366198062896729,0.1805870085954666
2026-02-25,0.9837844371795654,0.010813236236572266,0.0054022809490561485,0.9373761545529241,0.05157944667594735,0.011044398771128573,0.883587662421629,0.10413460374648272,0.01227773383188835,0.76,0.22,0.02,0.17324598133563995,0.6367432475090027,0.19001078605651855
2026-02-26,0.9924249649047852,0.00615416606888175,0.00142088090069592,0.9463263171306179,0.04834110919330319,0.00533257367607886,0.8654012689268127,0.11561181947098306,0.018986911602204153,0.74,0.22,0.04,0.1679924726486206,0.6307246088981628,0.20128290355205536
2026-02-27,0.9697349667549133,0.026082009077072144,0.0041829850524663925,0.8692132598652538,0.12493452885421726,0.005852211280528748,0.775447098465623,0.1485141323275099,0.07603876920686713,0.78,0.2,0.02,0.21718603372573853,0.5199196934700012,0.2628942131996155
2026-03-02,0.955915093421936,0.04315108805894852,0.0009337983792647719,0.8573901050833452,0.13826429600782728,0.004345598908827457,0.6538958554218519,0.33342158071996,0.012682563858188053,0.68,0.3,0.02,0.24244311451911926,0.5400768518447876,0.21747995913028717
2026-03-04,0.027186928316950798,0.9720926284790039,0.0007204229477792978,0.15059977615015455,0.8415735753483261,0.007826648501519297,0.09827513371397441,0.8874809700955673,0.014243896190458377,0.16,0.8,0.04,0.2800353467464447,0.5284054279327393,0.1915593147277832
2026-03-05,0.9674680829048157,0.029978172853589058,0.0025537183973938227,0.8753675971962706,0.11870031263319047,0.005932090170539025,0.8786041305705891,0.11090470341749865,0.010491166011912252,0.74,0.24,0.02,0.26357147097587585,0.5719548463821411,0.16447368264198303
2026-03-06,0.9526808261871338,0.04268912598490715,0.004630101379007101,0.8153575562007929,0.17655753446123304,0.008084909337974112,0.7450434682808964,0.2410817109201419,0.013874820798961664,0.7,0.3,0.0,0.24676108360290527,0.6037598848342896,0.149478942155838
2026-03-09,0.03056686744093895,0.961125910282135,0.008307188749313354,0.11025333647630342,0.8648465390177396,0.024900124505957077,0.23704395295446684,0.7385764627784066,0.024379584267126525,0.22,0.78,0.0,0.2622053325176239,0.5762295722961426,0.1615651547908783
2026-03-10,0.962124764919281,0.03324774652719498,0.0046275295317173,0.9292327270465706,0.06302804777054255,0.0077392251828868434,0.7705036158343461,0.20020595902876154,0.029290425136892482,0.62,0.36,0.02,0.2533397972583771,0.5001070499420166,0.2465531975030899
2026-03-11,0.04167567566037178,0.9545590877532959,0.0037652826867997646,0.1764092577389617,0.8188795103483157,0.004711231912722672,0.1530684009373804,0.8365099649703897,0.010421634092229988,0.12,0.88,0.0,0.2601892948150635,0.5198172926902771,0.219993457198143
2026-03-12,0.9265239834785461,0.0713387280702591,0.002137270290404558,0.6656050271088909,0.3230123851862527,0.011382587704856265,0.7408675109031992,0.2313063400493911,0.027826149047409612,0.72,0.28,0.0,0.2814490497112274,0.4985288977622986,0.22002197802066803
2026-03-13,0.07901235669851303,0.9192318916320801,0.0017557060346007347,0.27499640127416164,0.6921613445149886,0.032842254210849714,0.2683899448016951,0.6968036995360594,0.03480635566224554,0.16,0.82,0.02,0.26088568568229675,0.5249863862991333,0.21412798762321472
2026-03-16,0.9546492695808411,0.04392383247613907,0.0014269142411649227,0.8386880593788598,0.15453169863181926,0.006780241989320857,0.7090430700164186,0.25918927960201055,0.03176765038157068,0.68,0.32,0.0,0.2737824320793152,0.466555655002594,0.25966188311576843
2026-03-17,0.9363012909889221,0.06128591299057007,0.0024127683136612177,0.8201539373938252,0.17151993314699904,0.008326129459175748,0.7259811054921885,0.2252678324934218,0.048751062014389654,0.56,0.36,0.08,0.2533933222293854,0.5421827435493469,0.2044239640235901
2026-03-18,0.025039423257112503,0.9694082140922546,0.005552410148084164,0.1696592951058362,0.8132256892746694,0.017115015619494415,0.18071879809688626,0.7947987175264295,0.024482484376684283,0.3,0.68,0.02,0.2511671483516693,0.4975980818271637,0.2512347400188446
2026-03-19,0.011665375903248787,0.9703090786933899,0.018025577068328857,0.0717374869091562,0.8092900988441978,0.1189724142466459,0.08448301677767327,0.840770425351014,0.0747465578713129,0.1,0.82,0.08,0.2500585615634918,0.49352580308914185,0.25641563534736633
2026-03-20,0.9135986566543579,0.07466389238834381,0.011737457476556301,0.6677519256843839,0.2670105289492852,0.06523754536633099,0.5591941060651187,0.3974241514305763,0.04338174250430498,0.68,0.22,0.1,0.24987345933914185,0.4859507381916046,0.2641758918762207
2026-03-23,0.018994919955730438,0.9670687913894653,0.013936305418610573,0.11632478820624942,0.8229645489521924,0.06071066284155829,0.05224102743041272,0.9204277021165249,0.027331270453062384,0.12,0.76,0.12,0.23789286613464355,0.5329842567443848,0.2291228473186493
2026-03-24,0.013501226902008057,0.9664676785469055,0.02003105729818344,0.032823954361663035,0.9351275215103503,0.03204852412798683,0.04514350171178497,0.9297128058981519,0.025143692390063123,0.04,0.82,0.14,0.24195869266986847,0.516398549079895,0.2416428029537201
2026-03-25,0.00792274996638298,0.9816530346870422,0.010424239560961723,0.013822577775446602,0.9722566608268705,0.013920761397682918,0.02696566511740929,0.937338371495433,0.03569596338715777,0.06,0.84,0.1,0.2285207211971283,0.5373556613922119,0.2341236174106598
2026-03-27,0.016618676483631134,0.9372022747993469,0.046179041266441345,0.04073895358885399,0.8005295841660558,0.15873146224509016,0.09398045595975218,0.7552554442490491,0.15076409979119862,0.02,0.82,0.16,0.24139082431793213,0.4975310266017914,0.2610781788825989
2026-03-30,0.018110936507582664,0.04644598066806793,0.9354430437088013,0.048677229715109724,0.17067736519696364,0.7806454050879266,0.15110409773319428,0.28556200384369845,0.5633338984231072,0.1,0.2,0.7,0.27276527881622314,0.4811764061450958,0.24605828523635864
2026-04-01,0.004376350902020931,0.02121754363179207,0.9744061231613159,0.004898453536151194,0.06533247006009298,0.9297690764037558,0.01629112780847395,0.08370982484866864,0.8999990473428574,0.02,0.22,0.76,0.2606711685657501,0.3712345063686371,0.3680942952632904
2026-04-02,0.0015559651656076312,0.014548399485647678,0.9838956594467163,0.001798762951939355,0.04358791073352706,0.9546133263145337,0.004659989952082503,0.02222177347741824,0.9731182365704992,0.02,0.12,0.86,0.253915935754776,0.35569214820861816,0.39039191603660583
2026-04-06,0.0016313571250066161,0.023724554106593132,0.974644124507904,0.0021974488816831478,0.03770074096907463,0.9601018101492423,0.013662709893031528,0.07357760392774979,0.9127596861792188,0.0,0.08,0.92,0.235866978764534,0.3984083831310272,0.3657245934009552
2026-04-07,0.0010711669456213713,0.048858460038900375,0.950070321559906,0.0022665288387382137,0.17716487100923434,0.8205686001520275,0.007590155974500661,0.08663822402596694,0.9057716199995325,0.0,0.2,0.8,0.23246188461780548,0.4132223129272461,0.3543158173561096
2026-04-08,0.0024041689466685057,0.9041935801506042,0.09340221434831619,0.009046286863441486,0.7189528815327574,0.2720008316038011,0.008222402228109278,0.691097456703172,0.30068014106871865,0.0,0.72,0.28,0.20167429745197296,0.451957106590271,0.3463684916496277
2026-04-09,0.0017995858797803521,0.04083055257797241,0.957369863986969,0.006711290714395393,0.10569442442037368,0.8875942848652311,0.00898771343063477,0.30887495603901055,0.6821373305303546,0.02,0.2,0.78,0.20659160614013672,0.47716817259788513,0.31624019145965576
2026-04-10,0.000990145723335445,0.023578274995088577,0.9754315614700317,0.0026692649993160684,0.06678496771848734,0.9305457672821966,0.007277684958802371,0.08679115992867764,0.9059311551125199,0.02,0.14,0.84,0.18532708287239075,0.5079019665718079,0.3067709803581238
2026-04-13,0.001313422224484384,0.014675093814730644,0.9840114712715149,0.003132694349209619,0.05507166176783485,0.9417956438829556,0.02429798595771743,0.0374589176980938,0.9382430963441889,0.06,0.2,0.74,0.19869762659072876,0.5433676242828369,0.25793468952178955
2026-04-15,0.0005760090425610542,0.010362805798649788,0.9890612363815308,0.0044308197734702895,0.048304443228035315,0.9472647369984944,0.00628528749176575,0.03960338462971542,0.9541113278785187,0.02,0.1,0.88,0.19072669744491577,0.5699738264083862,0.239299476146698
2026-04-16,0.0005556944524869323,0.008621398359537125,0.9908229112625122,0.0032027590996933507,0.04814763053162119,0.9486496103686854,0.02737481948299895,0.03681797684392972,0.9358072036730712,0.04,0.18,0.78,0.19107294082641602,0.6037322282791138,0.2051948606967926
2026-04-17,0.0010192799381911755,0.006654268596321344,0.9923264980316162,0.006254228800057933,0.029345304954747003,0.9644004662451952,0.019079676142607062,0.04665923435269726,0.9342610895046957,0.04,0.06,0.9,0.17209255695343018,0.6215021014213562,0.20640531182289124
2026-04-20,0.003023067256435752,0.028412330895662308,0.9685645699501038,0.010443321462489429,0.10306994911106064,0.88648672942645,0.006433550523212307,0.19111606741452883,0.8024503820622589,0.02,0.12,0.86,0.16954025626182556,0.5585156679153442,0.2719441056251526
2026-04-21,0.0018899397691711783,0.9922012090682983,0.005908825434744358,0.00878621252272376,0.9635864005243469,0.027627386952929482,0.0038563818661578016,0.9574442536779321,0.03869936445591024,0.02,0.86,0.12,0.14038382470607758,0.6791176199913025,0.1804986298084259
2026-04-22,0.004361859057098627,0.9926518797874451,0.0029862995725125074,0.02582249050574565,0.9611283704563911,0.013049139037863281,0.014838215252669236,0.8907523755536879,0.09440940919364278,0.0,0.92,0.08,0.14658501744270325,0.709561824798584,0.14385314285755157
2026-04-23,0.011058554984629154,0.986422061920166,0.0025194152258336544,0.014671401930918844,0.9804825190025134,0.0048460790665676035,0.006813141759019681,0.9645353707242669,0.028651487516713443,0.0,0.96,0.04,0.14497748017311096,0.7152881622314453,0.13973431289196014
2026-04-24,0.017017334699630737,0.9799121022224426,0.0030705975368618965,0.06469193903603976,0.9137839677059215,0.021524093258038824,0.04159890096202289,0.9246022261351339,0.03379887290284317,0.0,0.9,0.1,0.1675555258989334,0.6911269426345825,0.14131757616996765
2026-04-27,0.005729277618229389,0.9936979413032532,0.0005728553514927626,0.0237539910132242,0.9729823691832669,0.0032636398035089443,0.030175611033396176,0.9643536973572595,0.005470691609344292,0.1,0.86,0.04,0.142939493060112,0.7379667162895203,0.11909377574920654
2026-04-28,0.006028543692082167,0.9931964874267578,0.0007750250515528023,0.01625157290822781,0.981095238710522,0.0026531883812502236,0.02130585503312673,0.9719419719499065,0.00675217301696674,0.06,0.9,0.04,0.15724724531173706,0.7041940093040466,0.13855873048305511
2026-04-29,0.006330352276563644,0.9930580854415894,0.0006115722353570163,0.035940866644155085,0.9571201407718489,0.006938992583996052,0.02201322503281312,0.9742283719021697,0.0037584030650170235,0.06,0.94,0.0,0.15971869230270386,0.7073980569839478,0.13288317620754242
2026-04-30,0.007774175610393286,0.9912182688713074,0.0010074995225295424,0.032446144443185915,0.9633541431816959,0.004199712375118063,0.0172717404683449,0.9743150834853144,0.008413176046340782,0.02,0.98,0.0,0.1671423763036728,0.6862938404083252,0.1465637981891632
2026-05-04,0.01916344463825226,0.9802242517471313,0.0006123491912148893,0.062044710229769366,0.9349165886714758,0.0030387010987548693,0.06351274393928437,0.9319121086616037,0.004575147399112068,0.12,0.88,0.0,0.1598806530237198,0.7020136117935181,0.13810576498508453
2026-05-05,0.9178134799003601,0.07694228738546371,0.005244206637144089,0.7128442960562736,0.2745092461565562,0.012646457787170296,0.6387283318329944,0.3289722702095973,0.0322993979574084,0.64,0.36,0.0,0.14464344084262848,0.7233125567436218,0.13204403221607208
2026-05-06,0.005736092105507851,0.984333336353302,0.009930578991770744,0.012915744180582518,0.965991571522696,0.021092684296721596,0.01770635740301338,0.9698040377772872,0.012489604819699447,0.04,0.9,0.06,0.1476392298936844,0.6846319437026978,0.16772884130477905
2026-05-07,0.001127207069657743,0.9962754249572754,0.0025974158197641373,0.0038240492347691533,0.9915859933871147,0.004589957378116289,0.0057520610040427845,0.9772023181054679,0.017045620890489388,0.0,0.94,0.06,0.16093018651008606,0.6338687539100647,0.2052011340856552
2026-05-08,0.0002474083739798516,0.998789370059967,0.0009632456349208951,0.001268133965974003,0.9958706291655596,0.0028612368684664763,0.001731187099163182,0.9936397318667634,0.004629081034073474,0.0,0.98,0.02,0.1509835571050644,0.6581054329872131,0.19091106951236725
2026-05-11,0.0006895913975313306,0.9964168071746826,0.00289361085742712,0.002929430264085661,0.9908315140320777,0.006239055703836698,0.0020845995611216387,0.9858246658711468,0.012090734567731588,0.02,0.86,0.12,0.14236687123775482,0.6675216555595398,0.19011147320270538
2026-05-12,0.0025373008102178574,0.9924167394638062,0.005045976955443621,0.002322340798341438,0.9923240329616698,0.005353626239988686,0.011538365437800254,0.9753825920941873,0.013079042468012347,0.0,0.86,0.14,0.18654265999794006,0.5988988280296326,0.21455855667591095
2026-05-13,0.0012402046704664826,0.9968010187149048,0.0019587213173508644,0.007546898118987181,0.9843691570668798,0.008083944814133161,0.00755204877320623,0.9801900386069754,0.012257912619818413,0.02,0.94,0.04,0.18690501153469086,0.6334938406944275,0.1796010285615921
2026-05-14,0.0017272053519263864,0.9721161723136902,0.026156609877943993,0.010758565474133671,0.8923863094008305,0.09685512512503583,0.05174995172240607,0.8753926116450682,0.07285743663252572,0.0,0.94,0.06,0.17216862738132477,0.6768003702163696,0.15103097259998322
2026-05-15,0.00440147565677762,0.988917350769043,0.006681191269308329,0.01760415761388731,0.9634534180448185,0.01894242434129406,0.015807216202448092,0.9767876233351799,0.00740516046237219,0.02,0.88,0.1,0.15745893120765686,0.7222031950950623,0.12033791840076447
2026-05-18,0.004084156360477209,0.9938334226608276,0.002082447987049818,0.009955606031915561,0.981822676229322,0.008221717738762487,0.0123777245353704,0.9858685225206092,0.0017537529440202607,0.0,0.96,0.04,0.1540176421403885,0.7308551073074341,0.11512722074985504
2026-05-19,0.004963997285813093,0.9945327043533325,0.0005032821791246533,0.03005159879720881,0.9659130967642331,0.004035304438558208,0.023378761622653944,0.9756229305996966,0.0009983077776495083,0.04,0.94,0.02,0.15379999577999115,0.7135772705078125,0.13262274861335754
2026-05-20,0.007503777276724577,0.9908010363578796,0.001695138169452548,0.049444660980637954,0.9366035289302506,0.01395181008911147,0.03172466961813111,0.9653358935381018,0.0029394368437669887,0.1,0.88,0.02,0.1676742285490036,0.6593708395957947,0.17295490205287933
2026-05-21,0.017590083181858063,0.9788951873779297,0.0035146865993738174,0.053894063129479114,0.9356756941745418,0.010430242695979152,0.01601496442230719,0.9777355771066851,0.006249458471007688,0.04,0.96,0.0,0.1758771538734436,0.635206401348114,0.18891641497612
2026-05-22,0.9460840225219727,0.05151206627488136,0.002403939375653863,0.8973567519453709,0.09764155040255615,0.005001697652073156,0.8647434036974392,0.10987025213939855,0.025386344163162187,0.64,0.36,0.0,0.179025799036026,0.5887713432312012,0.23220281302928925
2026-05-25,0.990513801574707,0.007203413173556328,0.0022828183136880398,0.9609360061730573,0.03173995103658184,0.00732404279036076,0.8974772685769892,0.05303868059237677,0.04948405083063393,0.8,0.18,0.02,0.1787748485803604,0.5626731514930725,0.25855207443237305
2026-05-26,0.9861854910850525,0.011200658977031708,0.002613846445456147,0.9271255333468337,0.06504961711734217,0.007824849535824241,0.9050063487451181,0.04259812532348071,0.05239552593140117,0.78,0.16,0.06,0.16582632064819336,0.5569939613342285,0.27717968821525574
2026-05-27,0.9729310870170593,0.018691839650273323,0.00837708543986082,0.919436614786108,0.0688831729219995,0.011680212291892395,0.8375897591870044,0.10464455025714643,0.05776569055584915,0.74,0.2,0.06,0.15784798562526703,0.5780614018440247,0.2640905976295471
2026-05-29,0.9759764075279236,0.014610962010920048,0.009412611834704876,0.8726429003763754,0.0639123820706457,0.06344471755297897,0.8360697981421754,0.1309883841993934,0.03294181765843118,0.74,0.2,0.06,0.18616250157356262,0.5311935544013977,0.2826438844203949
2026-06-01,0.0036343138199299574,0.9902406930923462,0.006124973297119141,0.028685623989638236,0.938829914674621,0.03248446133574084,0.04419004389046938,0.8957048734429678,0.06010508266656281,0.04,0.84,0.12,0.2211666852235794,0.4699518084526062,0.3088814616203308
2026-06-02,0.015390060842037201,0.9652113318443298,0.019398629665374756,0.07127277813861292,0.8803099214877314,0.04841730037365569,0.05111060206919483,0.8457041140287633,0.10318528390204176,0.12,0.82,0.06,0.2583215534687042,0.47726574540138245,0.26441264152526855
2026-06-03,0.0021562858019024134,0.9916985034942627,0.00614522909745574,0.008799780401187575,0.9781187768246392,0.013081442774173294,0.03799423659923109,0.9276650297089136,0.03434073369185538,0.16,0.82,0.02,0.2765808701515198,0.45039868354797363,0.2730204164981842
2026-06-04,0.003488416550680995,0.9909887909889221,0.005522767547518015,0.011623830441539975,0.9777892934193795,0.010586876139080506,0.04616067757881742,0.921482274798229,0.03235704762295378,0.0,0.98,0.02,0.24883104860782623,0.5044627785682678,0.24670614302158356
2026-06-05,0.011591765098273754,0.9848942160606384,0.0035140698309987783,0.03422880326398005,0.9394507788468894,0.026320417889130424,0.0694959886664227,0.8561439675940021,0.07436004373957508,0.04,0.94,0.02,0.22871339321136475,0.5170841217041016,0.2542025148868561
2026-06-08,0.006862503010779619,0.9790278077125549,0.014109647832810879,0.014951452536255143,0.9277790330024193,0.057269514461325666,0.05678024258962135,0.7484290241656771,0.19479073324470153,0.02,0.92,0.06,0.22960315644741058,0.5053861737251282,0.26501068472862244
2026-06-09,0.002003183588385582,0.061430271714925766,0.9365665316581726,0.011710341790467158,0.13995734588157874,0.8483323123279541,0.03124481621753346,0.21523823720571383,0.7535169465767527,0.02,0.18,0.8,0.21408578753471375,0.5252614617347717,0.2606528401374817
2026-06-10,0.0015109279192984104,0.9654697775840759,0.0330192930996418,0.011821771864421002,0.8649153550822626,0.12326287305331644,0.023611468305160806,0.8551331559748184,0.12125537572002078,0.0,0.84,0.16,0.23003976047039032,0.48295557498931885,0.2870047092437744
2026-06-11,0.0008023118134588003,0.021114589646458626,0.9780831336975098,0.005889729685190364,0.07462077176151154,0.9194894985532981,0.015898008857253735,0.23836506615073078,0.7457369249920155,0.08,0.28,0.64,0.22686372697353363,0.45658451318740845,0.3165517747402191
2026-06-12,0.011054151691496372,0.9788734912872314,0.01007242314517498,0.01300208298907481,0.9737316346547902,0.013266282356134916,0.006556315271864296,0.965891207926685,0.027552476801450624,0.02,0.94,0.04,0.20791347324848175,0.5217607617378235,0.27032577991485596
2026-06-15,0.0016733278753235936,0.9926609992980957,0.005665610544383526,0.012960900112001775,0.9658295654977088,0.02120953439028943,0.007352063781161114,0.9707167170446419,0.021931219174196884,0.02,0.96,0.02,0.18400010466575623,0.5593374371528625,0.25666242837905884
2026-06-16,0.00041263626189902425,0.9976152181625366,0.001972170313820243,0.0028129907900530655,0.993426482455219,0.003760526754728016,0.003234221562009457,0.9885427936493417,0.008222984788648783,0.04,0.92,0.04,0.16462939977645874,0.5740532279014587,0.26131731271743774
2026-06-17,0.0005677068256773055,0.9942821264266968,0.005150142125785351,0.002169217538671491,0.9813418611228812,0.01648892133844711,0.0035309022576388398,0.9841489556836994,0.012320142058661636,0.02,0.9,0.08,0.1658691018819809,0.5841677784919739,0.24996313452720642
2026-06-18,0.000543267815373838,0.9977389574050903,0.0017177659319713712,0.0018169260878634842,0.9947102632157773,0.0034728106963592287,0.0051490237736683585,0.9826500658003896,0.012200910425942178,0.0,1.0,0.0,0.15156640112400055,0.6325682401657104,0.2158653885126114
2026-06-19,0.0008758982294239104,0.9969454407691956,0.0021786305587738752,0.005491012405355098,0.9862544994969845,0.008254488097660512,0.004369598197984772,0.984520391705409,0.011110010096606348,0.0,0.96,0.04,0.14057469367980957,0.6521665453910828,0.20725883543491364
2026-06-22,0.0030247033573687077,0.9949669241905212,0.002008342882618308,0.015690492619730382,0.9738780333679521,0.010431474012317471,0.00669723735008255,0.9731016411583533,0.020201121491564084,0.08,0.88,0.04,0.1487906575202942,0.6444525122642517,0.2067568451166153
2026-06-23,0.0019792255479842424,0.9564400911331177,0.04158063232898712,0.008114174350649801,0.8975208449808544,0.09436498066849586,0.009192573680448743,0.9161041677932155,0.07470325852633589,0.0,0.9,0.1,0.17621926963329315,0.5823087096214294,0.24147199094295502
2026-06-24,0.004457054194062948,0.04864921420812607,0.9468936920166016,0.03280580674344386,0.14229716445777935,0.8248970287987768,0.020454822458295063,0.27330993115506186,0.7062352463866431,0.02,0.38,0.6,0.16802233457565308,0.6174719929695129,0.21450568735599518
2026-06-25,0.0024874135851860046,0.9499207735061646,0.04759176820516586,0.006772524911130239,0.8769107559481852,0.11631671914068449,0.01921383256136015,0.741090875625707,0.23969529181293284,0.02,0.88,0.1,0.15047112107276917,0.6500912308692932,0.19943764805793762
2026-06-29,0.012365716509521008,0.030565472319722176,0.9570688605308533,0.0542317517420573,0.05060175187686104,0.8951664963810817,0.03513842503197893,0.14946576615277896,0.8153958088152422,0.14,0.2,0.66,0.13841144740581512,0.685887336730957,0.17570120096206665
2026-06-30,0.0021815134678035975,0.043926969170570374,0.9538915157318115,0.015251506095879651,0.09937118732203788,0.8853773065820825,0.06697828582361103,0.2780896707347394,0.6549320434416496,0.06,0.42,0.52,0.13431203365325928,0.708236038684845,0.15745200216770172
2026-07-01,0.005431428086012602,0.9876741766929626,0.006894418504089117,0.008935802464899584,0.965428657062009,0.02563554047309131,0.01725735046895824,0.9555359079984479,0.027206741532593864,0.06,0.9,0.04,0.1332920491695404,0.7341928482055664,0.13251511752605438
2026-07-02,0.011359368450939655,0.9827053546905518,0.005935291759669781,0.064112075004301,0.915426519974117,0.020461405021582137,0.0625426427185812,0.9123474417131119,0.02510991556830674,0.06,0.9,0.04,0.13007356226444244,0.7590088844299316,0.1109175831079483
2026-07-03,0.022190259769558907,0.9733483195304871,0.004461417905986309,0.10926482445287991,0.8656487523304436,0.025086423216676645,0.15297841300310938,0.821468820581389,0.02555276641550157,0.18,0.8,0.02,0.13159184157848358,0.7618756890296936,0.10653246939182281
2026-07-06,0.9418450593948364,0.04647904634475708,0.011675930581986904,0.7733389480998776,0.19813429653283743,0.028526755367285037,0.6950274376671662,0.2802145607706459,0.02475800156218793,0.78,0.2,0.02,0.12988470494747162,0.7677353620529175,0.10237997025251389
2026-07-07,0.9737498760223389,0.024213002994656563,0.0020371361169964075,0.9090589938451052,0.08598596614058952,0.004955040014305293,0.9153570958757742,0.07231897253315836,0.012323931591067401,0.8,0.18,0.02,0.11871176958084106,0.7879571318626404,0.09333114326000214
2026-07-08,0.003247795859351754,0.9955140948295593,0.0012381004635244608,0.003674860798298165,0.9948478823826638,0.0014772568190380836,0.005430589736636193,0.9925255206480968,0.002043889615267143,0.0,0.98,0.02,0.17130737006664276,0.7002565860748291,0.1284361183643341
2026-07-09,0.003752616699784994,0.9906932711601257,0.005554138217121363,0.008588514417477752,0.9873291134560521,0.004082372126470132,0.039249386693431546,0.9515416131180731,0.009209000188495457,0.02,0.96,0.02,0.1678638458251953,0.7001853585243225,0.1319507360458374
2026-07-10,0.004202685318887234,0.9943312406539917,0.0014660470187664032,0.011535162203341066,0.9821222799018858,0.006342557894773016,0.03098623238881669,0.9319892930931829,0.03702447451800054,0.0,0.96,0.04,0.16964060068130493,0.6812934279441833,0.1490660309791565
2026-07-13,0.005453960038721561,0.9920599460601807,0.002486104378476739,0.00936860477268339,0.9879513207796339,0.0026800744476825396,0.024895728839334455,0.9666830877126608,0.008421183448004802,0.0,0.98,0.02,0.19200867414474487,0.6700118780136108,0.13797935843467712
2026-07-14,0.0015692925080657005,0.9967105388641357,0.001720125786960125,0.009470713185993952,0.9879769453868196,0.002552341427186569,0.009198758488364062,0.985453144812154,0.0053480966994820574,0.02,0.98,0.0,0.17167793214321136,0.6979119777679443,0.1304101198911667
2026-07-15,0.0005317274481058121,0.9988282322883606,0.0006400540005415678,0.0016620085011079977,0.9967627332991102,0.0015752581997815456,0.001991298510730877,0.9946970843910129,0.003311617098256153,0.0,0.98,0.02,0.18341775238513947,0.6760175228118896,0.1405647248029709
2026-07-16,0.0018804864957928658,0.9975100755691528,0.0006094787386246026,0.004067646515347192,0.9949595815793747,0.0009727719052780511,0.007112774433752884,0.9896746609565172,0.003212564609729927,0.0,1.0,0.0,0.19505953788757324,0.653285026550293,0.1516554355621338
2026-07-17,0.0023541999980807304,0.9936794638633728,0.003966331947594881,0.007291706504302101,0.9899799132151503,0.002728380280547519,0.011045432558488732,0.9723580363335879,0.016596531107923418,0.0,0.98,0.02,0.17684635519981384,0.6984299421310425,0.12472375482320786
