Date,0,1,2,3,4,5,6,7,8,9,10,11,12,13,14
2024-12-12,0.06225157156586647,0.9321877956390381,0.005560585297644138,0.22673723952103103,0.7569208523956993,0.01634190808326966,0.321301955237529,0.6620838766083827,0.016614168154088386,0.28,0.72,0.0,0.27684879302978516,0.588593065738678,0.13455815613269806
2024-12-13,0.9694839119911194,0.024980168789625168,0.0055358922109007835,0.8226076111063936,0.12968342288375356,0.047708966009852825,0.7899860389142647,0.1952902957875421,0.014723665298193288,0.84,0.14,0.02,0.3156653940677643,0.5421513915061951,0.14218319952487946
2024-12-16,0.9765459895133972,0.01876053772866726,0.004693532362580299,0.9126103256862442,0.07576983286450191,0.011619841449253925,0.9356486497448759,0.060328128680274186,0.004023221574849989,0.76,0.2,0.04,0.30820807814598083,0.538724958896637,0.15306690335273743
2024-12-17,0.9693498015403748,0.0274284016340971,0.0032217702828347683,0.8371876081578697,0.14473190027973926,0.01808049156239098,0.9172243045547206,0.07365484050914976,0.009120854936129687,0.9,0.1,0.0,0.3080195486545563,0.5322771668434143,0.15970328450202942
2024-12-18,0.9640019536018372,0.0252265315502882,0.010771508328616619,0.8558450689776393,0.09503268466525144,0.049122246357109184,0.9374069979131655,0.04383946800788033,0.018753534078954075,0.88,0.08,0.04,0.3016849756240845,0.5319443941116333,0.166370689868927
2024-12-19,0.9424765706062317,0.046945471316576004,0.010577965527772903,0.8223805310252706,0.15913793907261273,0.018481529902116572,0.620654758627548,0.35857320311902224,0.020772038253429593,0.78,0.2,0.02,0.28673434257507324,0.5394781827926636,0.17378748953342438
2024-12-20,0.012912076897919178,0.9815981388092041,0.005489781033247709,0.03563238907336542,0.9370890179842742,0.0272785929423602,0.10119475806594207,0.8514394820853439,0.047365759848713974,0.04,0.94,0.02,0.2639828026294708,0.5715866684913635,0.16443055868148804
2024-12-23,0.010315150022506714,0.9804515242576599,0.009233363904058933,0.13656186128126196,0.8265668741910357,0.03687126452770233,0.0947064239453081,0.881007583040302,0.02428599301439,0.06,0.92,0.02,0.28421562910079956,0.5421176552772522,0.17366667091846466
2024-12-24,0.02579626999795437,0.9711403250694275,0.003063470358029008,0.08318000390977115,0.9021698615135949,0.014650134576634095,0.0720721614734986,0.9152823459498668,0.012645492576634762,0.08,0.9,0.02,0.2873879075050354,0.5335584282875061,0.1790536344051361
2024-12-26,0.013413571752607822,0.979500949382782,0.007085483521223068,0.03139330421659187,0.9528721395883253,0.01573455619508291,0.03341749627701552,0.9319164994293292,0.034666004293655246,0.02,0.92,0.06,0.27079784870147705,0.5320911407470703,0.19711105525493622
2024-12-27,0.016126826405525208,0.9808005094528198,0.0030726781114935875,0.07832893464336246,0.8911917293683866,0.03047933598825089,0.08328392008779924,0.8626954281708868,0.05402065174131393,0.14,0.78,0.08,0.2953478991985321,0.49466896057128906,0.2099831998348236
2024-12-30,0.02155294641852379,0.9709531664848328,0.007493948098272085,0.0695611818088124,0.9008923939876767,0.02954642420351079,0.07721975397777897,0.8567081648800293,0.0660720811421917,0.18,0.72,0.1,0.27442216873168945,0.5430834889411926,0.1824943721294403
2024-12-31,0.018122034147381783,0.9718517065048218,0.010026230476796627,0.06133063795734291,0.9015032896900201,0.03716607235263695,0.04700547114059227,0.8987574171342098,0.05423711172519809,0.06,0.9,0.04,0.2906356453895569,0.5224752426147461,0.1868891417980194
2025-01-01,0.01236952655017376,0.9777168035507202,0.009913620539009571,0.04708488840383056,0.9016569343323557,0.051258177263813626,0.06835079893941699,0.8616665376892756,0.0699826633713076,0.08,0.88,0.04,0.2959973216056824,0.5233309864997864,0.18067166209220886
2025-01-02,0.9344581961631775,0.054214462637901306,0.011327380314469337,0.6995933705876799,0.2539886209774998,0.046418008434820336,0.6207043864247264,0.317636441608898,0.06165917196637563,0.62,0.32,0.06,0.290748655796051,0.5547645688056946,0.15448686480522156
2025-01-03,0.024523967877030373,0.06321842968463898,0.9122575521469116,0.05226747402652951,0.19290619856776578,0.7548263274057048,0.1602221552239672,0.4374490343288808,0.4023288104471519,0.12,0.2,0.68,0.31168332695961,0.5197919011116028,0.16852471232414246
2025-01-06,0.0329350009560585,0.9512640833854675,0.01580088958144188,0.0601008080448003,0.8473873481252335,0.09251184382996627,0.06484351042779798,0.8337893321778268,0.10136715739437524,0.08,0.84,0.08,0.2848266661167145,0.5318017601966858,0.18337155878543854
2025-01-07,0.01677960902452469,0.9774521589279175,0.005768216215074062,0.06852314754476743,0.8991607095086532,0.03231614294657921,0.06369138697315968,0.8894323234602924,0.046876289566547956,0.08,0.76,0.16,0.29983022809028625,0.4916481673717499,0.20852164924144745
2025-01-08,0.011620419099926949,0.9848565459251404,0.0035230102948844433,0.04695363287817661,0.906658898295093,0.04638746882673027,0.10069504727022884,0.8717842970693523,0.027520655660418905,0.08,0.82,0.1,0.28655728697776794,0.5040682554244995,0.20937448740005493
2025-01-09,0.015636874362826347,0.978762149810791,0.005600989330559969,0.04019724969407091,0.9266786228726978,0.0331241274332314,0.08444347171503563,0.8505809407445133,0.06497558754045094,0.08,0.86,0.06,0.27630215883255005,0.47487983107566833,0.24881795048713684
2025-01-10,0.9585179686546326,0.03932260349392891,0.002159456955268979,0.8512626793904875,0.13494772231673838,0.013789598292774199,0.8826135281401811,0.10584716284266625,0.011539309017152532,0.76,0.2,0.04,0.27922582626342773,0.5469224452972412,0.1738518327474594
2025-01-13,0.9766092896461487,0.020207826048135757,0.0031828859355300665,0.8259942383053613,0.1517292459976589,0.022276515696979762,0.8681106203008065,0.09311725122844762,0.03877212847074589,0.72,0.28,0.0,0.28606486320495605,0.5234106779098511,0.1905244141817093
2025-01-14,0.9524868726730347,0.0312887467443943,0.01622438058257103,0.8040802507642782,0.13520848000685542,0.060711269228866285,0.617709636639371,0.20656288705841536,0.1757274763022136,0.84,0.12,0.04,0.26143380999565125,0.5150880813598633,0.2234780341386795
2025-01-15,0.015435270965099335,0.9809393882751465,0.0036253659054636955,0.037687148199034876,0.9349051305278858,0.027407721273079458,0.09060677055287454,0.8278081914070697,0.0815850380400559,0.1,0.84,0.06,0.2589125633239746,0.5627144575119019,0.17837302386760712
2025-01-16,0.013241402804851532,0.9800012707710266,0.006757343653589487,0.06594685755871771,0.8891511290201086,0.04490201342117373,0.08981052451600928,0.8485142471137733,0.06167522837021728,0.04,0.84,0.12,0.2543523907661438,0.5777822732925415,0.1678653061389923
2025-01-17,0.008934807032346725,0.038340721279382706,0.9527243971824646,0.07091533597314181,0.24195332749303466,0.6871313365338235,0.06285668583515465,0.2806902431762046,0.6564530709886407,0.0,0.16,0.84,0.24798092246055603,0.5479046702384949,0.2041144073009491
2025-01-20,0.022325502708554268,0.9582470655441284,0.019427413120865822,0.08497059586758421,0.8737299968600016,0.04129940727241422,0.08118013307390325,0.8157660375329462,0.10305382939315064,0.08,0.74,0.18,0.2522051930427551,0.5640857219696045,0.183709055185318
2025-01-21,0.015508596785366535,0.9798721671104431,0.004619278945028782,0.03461696456940284,0.9319605111131581,0.033422524317438994,0.15498421266868895,0.7834327174611092,0.061583069870201894,0.04,0.88,0.08,0.2692035734653473,0.5835232138633728,0.14727328717708588
2025-01-22,0.018359746783971786,0.9796686768531799,0.0019715705420821905,0.058898866484030574,0.9138803036791683,0.0272208298368012,0.09026077463371075,0.8846312222322665,0.02510800313402265,0.06,0.88,0.06,0.2423299252986908,0.6055598258972168,0.1521102637052536
2025-01-23,0.9329705834388733,0.057270437479019165,0.009758968837559223,0.7800766663372026,0.18885582982418034,0.031067503838617016,0.5257704643010148,0.32753041380568965,0.1466991218932955,0.64,0.32,0.04,0.23307305574417114,0.6108010411262512,0.1561259776353836
2025-01-24,0.03225303441286087,0.950793445110321,0.016953539103269577,0.05486106502488866,0.884848353396067,0.06029058157904412,0.14272628251655664,0.8312773786317124,0.025996338851731034,0.06,0.9,0.04,0.23769986629486084,0.6267931461334229,0.13550706207752228
2025-01-27,0.008029036223888397,0.9864230751991272,0.00554792070761323,0.042828083198166715,0.9367223141267432,0.020449602675090068,0.128235907247877,0.8044733869276054,0.06729070582451765,0.14,0.86,0.0,0.2829701602458954,0.5686054229736328,0.1484244018793106
2025-01-28,0.02385164052248001,0.05199886113405228,0.9241494536399841,0.08615084779251789,0.21827507660174122,0.6955740756057409,0.2146830223463037,0.20977866902210252,0.5755383086315938,0.16,0.26,0.58,0.28043097257614136,0.5500463247299194,0.16952267289161682
2025-01-29,0.02281070314347744,0.9515944719314575,0.025594787672162056,0.061024013023247274,0.8890257244952922,0.049950262481460596,0.17450937088215843,0.7987260638929942,0.026764565224847433,0.12,0.84,0.04,0.25875696539878845,0.6023696660995483,0.13887342810630798
2025-01-30,0.023336973041296005,0.964322566986084,0.012340448796749115,0.07204821333527345,0.8675907416046106,0.0603610450601161,0.08771662405961923,0.8837476995089121,0.028535676431468728,0.16,0.82,0.02,0.2737882137298584,0.5698617100715637,0.15635007619857788
2025-01-31,0.0069773271679878235,0.9871598482131958,0.00586285162717104,0.016377451851285942,0.9602329145409868,0.023389633607727132,0.011889008205199685,0.9748317086046461,0.013279283190154064,0.06,0.9,0.04,0.2603680491447449,0.5651339292526245,0.17449797689914703
2025-02-03,0.018009906634688377,0.9773200750350952,0.004670002032071352,0.08155187691959537,0.9051226046892834,0.013325518391121288,0.07337640496457735,0.8924199297634696,0.034203665271953086,0.1,0.86,0.04,0.2575054466724396,0.5633283257484436,0.1791662722826004
2025-02-04,0.9607507586479187,0.03569328412413597,0.003555979812517762,0.7905017993616201,0.16478126669468318,0.044716933943696684,0.8057998168124925,0.08485585148205503,0.10934433170545256,0.88,0.06,0.06,0.2317534238100052,0.5974360704421997,0.17081056535243988
2025-02-05,0.9675716161727905,0.026268208399415016,0.006160208955407143,0.848650880467425,0.11864218589701973,0.03270693363555539,0.8305989677325814,0.11009215482905381,0.059308877438364785,0.84,0.12,0.04,0.213103786110878,0.6216275691986084,0.16526858508586884
2025-02-06,0.9749072790145874,0.019956549629569054,0.005136141087859869,0.8903024334841262,0.06660092487650549,0.043096641639368376,0.7902866689562211,0.13856770372237076,0.07114562732140801,0.84,0.1,0.06,0.20824454724788666,0.6166618466377258,0.1750936210155487
2025-02-07,0.9676550030708313,0.02158810943365097,0.010756843723356724,0.8911532594925925,0.0706568729866483,0.03818986752075922,0.7487946598105584,0.1498478552351773,0.10135748495426433,0.82,0.14,0.04,0.20643746852874756,0.6140762567520142,0.17948618531227112
2025-02-10,0.9560198783874512,0.027490578591823578,0.016489556059241295,0.8210882551762283,0.1254958671632391,0.05341587766053268,0.8369219259724291,0.10744260353204368,0.05563547049552707,0.82,0.18,0.0,0.2081555724143982,0.5797120332717896,0.21213239431381226
2025-02-11,0.006892112083733082,0.9894508719444275,0.003656962187960744,0.039040613415178484,0.9438241588975249,0.017135227687296608,0.14547637431946678,0.7966563475164017,0.05786727816413137,0.08,0.84,0.08,0.2411978393793106,0.5374962687492371,0.22130586206912994
2025-02-12,0.020406808704137802,0.9758359789848328,0.003757227212190628,0.03986703697209222,0.9503336701507774,0.009799292877130255,0.15933674650831825,0.8248516285538703,0.01581162493781153,0.06,0.86,0.08,0.2903311550617218,0.4783460199832916,0.23132281005382538
2025-02-13,0.012443113140761852,0.9840229749679565,0.003533952170982957,0.06053131332567285,0.9185683377206151,0.02090034895371192,0.10997983487252079,0.841592843649501,0.04842732147797823,0.14,0.84,0.02,0.30636700987815857,0.48079144954681396,0.21284155547618866
2025-02-14,0.044270988553762436,0.9498279690742493,0.005901019554585218,0.20904182588086945,0.7745266249230068,0.016431549196123704,0.26870969448632465,0.6960826078529196,0.035207697660755835,0.18,0.74,0.08,0.3029418885707855,0.5052408576011658,0.1918172985315323
2025-02-17,0.9701142311096191,0.026124579831957817,0.003761191386729479,0.8790242727799256,0.09954588360178786,0.021429843618286634,0.7588819111267283,0.19520607813333568,0.04591201073993607,0.8,0.14,0.06,0.31286436319351196,0.4981105327606201,0.18902499973773956
2025-02-18,0.9823827743530273,0.012108326889574528,0.005508912727236748,0.9603442779445551,0.0324872611216184,0.007168460933826388,0.7937899225411573,0.11061190211886396,0.09559817533997869,0.8,0.08,0.12,0.2994920611381531,0.49369990825653076,0.20680806040763855
2025-02-19,0.9721060991287231,0.021894806995987892,0.005999052431434393,0.9427031016089301,0.047395668099979096,0.00990123029109068,0.7065814572410055,0.23673681622638812,0.05668172653260625,0.8,0.14,0.06,0.26820480823516846,0.5132839679718018,0.21851114928722382
2025-02-20,0.942773163318634,0.04117455333471298,0.016052288934588432,0.8304205883311169,0.1306364872722042,0.03894292439667881,0.8252106533946655,0.12808856276201896,0.04670078384331553,0.66,0.16,0.18,0.2856544256210327,0.5145574808120728,0.19978809356689453
2025-02-21,0.9723010659217834,0.02145935781300068,0.006239558104425669,0.8334153603578666,0.13608121154559835,0.030503428096535053,0.8807420987151263,0.08210553216319255,0.03715236912168118,0.74,0.22,0.04,0.32691827416419983,0.468673437833786,0.20440831780433655
2025-02-24,0.965773344039917,0.026905329897999763,0.007321333047002554,0.856113211579988,0.12141138043078488,0.02247540798922721,0.7476382856051723,0.19682866312013583,0.05553305127469188,0.82,0.08,0.1,0.3644646406173706,0.4420985281467438,0.1934368908405304
2025-02-25,0.9827342629432678,0.011452100239694118,0.005813563242554665,0.9232392981726405,0.0594096483900847,0.017351053437274676,0.9461757163538981,0.040662593589859936,0.013161690056241989,0.94,0.06,0.0,0.38589152693748474,0.4565633237361908,0.15754513442516327
2025-02-27,0.9765259623527527,0.014165343716740608,0.00930872280150652,0.9257768306790931,0.05523607718737884,0.018987092133528,0.8737929442647023,0.11233343881937286,0.013873616915924826,0.9,0.08,0.02,0.37843140959739685,0.47327327728271484,0.1482953429222107
2025-02-28,0.01663454808294773,0.9799275398254395,0.0034379372373223305,0.11563660998355778,0.8572360451253601,0.027127344891082192,0.04446521311313302,0.9284854822486194,0.0270493046382477,0.06,0.9,0.04,0.3830324113368988,0.4644137918949127,0.1525537520647049
2025-03-03,0.03176119923591614,0.9649781584739685,0.003260628320276737,0.15605368287456134,0.8222296406358123,0.021716676489626392,0.11855921704095392,0.83568427316453,0.04575650979451609,0.08,0.92,0.0,0.39057233929634094,0.4631352126598358,0.14629243314266205
2025-03-04,0.040793050080537796,0.9569366574287415,0.002270297845825553,0.2138641938476628,0.7604122955113918,0.025723510640945406,0.12301625347800106,0.8340559857628151,0.04292776075918379,0.12,0.88,0.0,0.42694780230522156,0.41901692748069763,0.1540352702140808
2025-03-05,0.9769647121429443,0.0180869959294796,0.0049482593312859535,0.885849075135921,0.08412520087678906,0.030025723987289855,0.7681234394493256,0.1617741887874438,0.0701023717632307,0.92,0.04,0.04,0.43507784605026245,0.3789221942424774,0.18599990010261536
2025-03-06,0.9816546440124512,0.012038568034768105,0.006306775379925966,0.8909594684252581,0.07982819303852712,0.02921233853621474,0.7947085433019799,0.09260877267338079,0.11268268402463925,0.98,0.02,0.0,0.44423002004623413,0.3417418301105499,0.21402819454669952
2025-03-07,0.9877598881721497,0.00794281717389822,0.004297272767871618,0.946338945006512,0.0414525768078561,0.012208478185631859,0.9134455163907912,0.04586056757557331,0.04069391603363551,0.9,0.08,0.02,0.434978187084198,0.32817405462265015,0.23684774339199066
2025-03-10,0.9807162880897522,0.010866953991353512,0.00841677375137806,0.9398770094916302,0.04356118918799821,0.016561801320371702,0.9321485819408322,0.03564829290794269,0.03220312515122519,0.96,0.02,0.02,0.4445638060569763,0.32829549908638,0.2271406650543213
2025-03-11,0.9705713987350464,0.025702888146042824,0.003725737566128373,0.8312916069055994,0.1389568266608359,0.02975156643356461,0.798750957620474,0.15699183236446654,0.04425721001505945,0.7,0.2,0.1,0.4065462052822113,0.33182311058044434,0.2616305947303772
2025-03-12,0.02654528245329857,0.9587616920471191,0.014692987315356731,0.14691884612209832,0.7695184764921702,0.08356267738573145,0.25063232268058855,0.5774837001766403,0.1718839771427711,0.18,0.78,0.04,0.4212706387042999,0.3550107181072235,0.22371867299079895
2025-03-13,0.009384621866047382,0.9597072601318359,0.030908165499567986,0.07171001689422589,0.8369687316077735,0.09132125149800054,0.04509794896661463,0.8578757667191977,0.0970262843141875,0.1,0.8,0.1,0.380779504776001,0.4020371437072754,0.21718332171440125
2025-03-17,0.009212079457938671,0.019994506612420082,0.9707933664321899,0.030521248544300234,0.12982585620059248,0.8396528952551072,0.05686030565946751,0.08268064532297675,0.8604590490175557,0.04,0.18,0.78,0.359070748090744,0.3516578674316406,0.28927144408226013
2025-03-18,0.00705568864941597,0.03901359811425209,0.953930675983429,0.022698978208227832,0.058734746456007576,0.9185662753357646,0.1042714715805307,0.24515393364580002,0.6505745947736693,0.12,0.12,0.76,0.3711242377758026,0.3627440631389618,0.2661316990852356
2025-03-19,0.019495343789458275,0.013456406071782112,0.9670482873916626,0.04610388205219318,0.037787414364053716,0.9161087035837532,0.16674957067170865,0.08272376187161741,0.750526667456674,0.08,0.1,0.82,0.36336514353752136,0.33609265089035034,0.3005422055721283
2025-03-20,0.020082013681530952,0.010235714726150036,0.9696822762489319,0.06122406012245948,0.043959603300301166,0.8948163365772392,0.15325526421753957,0.09760923543482612,0.7491355003476343,0.12,0.06,0.82,0.3545362055301666,0.36915940046310425,0.27630433440208435
2025-03-21,0.035801906138658524,0.9501761198043823,0.014022029004991055,0.08695331551515521,0.8401249662895267,0.07292171819531816,0.14458580887409747,0.6882478410295763,0.16716635009632633,0.1,0.7,0.2,0.3281824290752411,0.3976757824420929,0.27414172887802124
2025-03-24,0.9753121137619019,0.007609299849718809,0.01707858219742775,0.9341143160399779,0.03349446568459411,0.032391218275428166,0.8134982111366692,0.06478525641036857,0.12171653245296216,0.88,0.02,0.1,0.3349841833114624,0.40735378861427307,0.25766199827194214
2025-03-25,0.9601650834083557,0.03276679292321205,0.007068101316690445,0.9299262620687181,0.043560353573290536,0.026513384357991287,0.7653751913297164,0.10424933658195813,0.13037547208832534,0.82,0.16,0.02,0.333504319190979,0.44539502263069153,0.22110070288181305
2025-03-26,0.9819933176040649,0.013093698769807816,0.004913013428449631,0.9424642979930694,0.03269138181058862,0.02484432019634191,0.8096221754986661,0.08740720937169505,0.10297061512963873,0.88,0.08,0.04,0.33552172780036926,0.3994571566581726,0.2650212347507477
2025-03-27,0.9568790197372437,0.03237099573016167,0.01074999663978815,0.9021461305588527,0.06554778021785199,0.03230608922329525,0.7860241192085242,0.10797301096331088,0.10600286982816498,0.68,0.18,0.14,0.2941616177558899,0.41022223234176636,0.29561612010002136
2025-03-28,0.9618348479270935,0.022133715450763702,0.016031458973884583,0.8797434256287353,0.05732792649670007,0.06292864787456454,0.814074238773432,0.050659280635195765,0.13526648059137225,0.84,0.08,0.08,0.3062814474105835,0.4070682227611542,0.28665032982826233
2025-04-01,0.9841220378875732,0.007173814810812473,0.008704103529453278,0.9082691264625871,0.058697601580341006,0.03303327195707207,0.8833689893286174,0.041750956824977224,0.07488005384640527,0.8,0.16,0.04,0.29585742950439453,0.45051735639572144,0.25362515449523926
2025-04-02,0.9556041955947876,0.032596636563539505,0.011799213476479053,0.8405777436870037,0.12460725451751467,0.03481500179548179,0.817517627789093,0.06644257826337863,0.11603979394752827,0.8,0.1,0.1,0.2798619568347931,0.4767199456691742,0.2434181272983551
2025-04-03,0.9487813711166382,0.033564671874046326,0.017653904855251312,0.7961928165541549,0.15831146818126732,0.04549571526457788,0.7428442965017003,0.15315146473809743,0.10400423876020229,0.72,0.16,0.12,0.319762259721756,0.4937553405761719,0.18648234009742737
2025-04-04,0.02632453292608261,0.9694197177886963,0.004255721345543861,0.09525818752297013,0.8722896086603399,0.032452203816689916,0.1024716665440182,0.8455986497929697,0.051929683663012115,0.22,0.76,0.02,0.3461241126060486,0.48663124442100525,0.1672445684671402
2025-04-07,0.018525859341025352,0.9747626781463623,0.006711403839290142,0.0761500905631133,0.821422952197254,0.10242695723963265,0.03441571036725252,0.9214192941621734,0.04416499547057413,0.08,0.9,0.02,0.34844180941581726,0.47898566722869873,0.1725725382566452
2025-04-08,0.014264725148677826,0.9749830365180969,0.01075223833322525,0.05490156659652343,0.8890529365726754,0.05604549683080128,0.011922521889981991,0.875416450651838,0.11266102745817991,0.04,0.84,0.12,0.3104515075683594,0.4842187762260437,0.20532970130443573
2025-04-09,0.029741762205958366,0.05007186904549599,0.9201863408088684,0.07252675278170678,0.36767374665308544,0.5597995005652078,0.01775138756087371,0.369179111177377,0.6130695012617492,0.0,0.14,0.86,0.3125111758708954,0.3671598434448242,0.3203289806842804
2025-04-11,0.0018018181435763836,0.00465350691229105,0.9935446977615356,0.008040399138244149,0.07479688890958172,0.9171627119521741,0.013092002126717512,0.04711217075268882,0.9397958271205935,0.06,0.08,0.86,0.26769521832466125,0.2774564325809479,0.4548482894897461
2025-04-15,0.02791808731853962,0.014623286202549934,0.9574586153030396,0.0303982541199831,0.07035944199400437,0.8992423038860126,0.1049456768324503,0.090724106158184,0.8043302170093656,0.06,0.1,0.84,0.31701117753982544,0.3295404314994812,0.3534483313560486
2025-04-16,0.01575665920972824,0.0064641921781003475,0.9777791500091553,0.05214922089162011,0.050339292771444874,0.8975114863369351,0.11894766750347496,0.0855546785097587,0.7954976539867663,0.08,0.02,0.9,0.44564422965049744,0.32793161273002625,0.2264241725206375
2025-04-17,0.023000042885541916,0.013931220397353172,0.9630687236785889,0.03067892105483729,0.053438388577877374,0.9158826903672853,0.06652669818060025,0.11770592206763432,0.8157673797517655,0.04,0.1,0.86,0.44342800974845886,0.3210386037826538,0.23553341627120972
2025-04-21,0.012746157124638557,0.013026552274823189,0.974227249622345,0.0283224375871524,0.11898614766310023,0.8526914147497473,0.09268345716956103,0.1470489218961182,0.7602676209343208,0.08,0.22,0.7,0.4168563187122345,0.3793283700942993,0.20381535589694977
2025-04-22,0.008597707375884056,0.012266123667359352,0.9791361689567566,0.018542760138008242,0.06539446051237327,0.9160627793496184,0.11004241327806048,0.04007746406140632,0.8498801226605333,0.06,0.2,0.74,0.42654183506965637,0.32770511507987976,0.24575309455394745
2025-04-23,0.010133587755262852,0.9846560955047607,0.005210350267589092,0.024244958661353885,0.9207731439124077,0.05498189742623835,0.04533501118886896,0.8658892223634109,0.0887757664477201,0.06,0.82,0.12,0.36045214533805847,0.4448721408843994,0.1946757286787033
2025-04-24,0.002761495765298605,0.9933505654335022,0.0038879874628037214,0.017474081924572435,0.9711109790555582,0.01141493901986935,0.021448944623945643,0.9349890445111332,0.043562010864921126,0.04,0.96,0.0,0.2991020679473877,0.517098605632782,0.18379926681518555
2025-04-25,0.0014642641181126237,0.992747962474823,0.005787817761301994,0.01835569905210002,0.9486314256649876,0.0330128752829123,0.017252006930699754,0.9293561695709617,0.053391823498338715,0.04,0.96,0.0,0.2737276256084442,0.5569004416465759,0.16937200725078583
2025-04-28,0.0015548092778772116,0.9891786575317383,0.009266534820199013,0.009432076566526865,0.9799062353056123,0.010661688127860754,0.01640673268647666,0.9510027983979626,0.03259046891556066,0.04,0.94,0.02,0.24214355647563934,0.6093389391899109,0.14851750433444977
2025-04-29,0.0011757828760892153,0.9934160709381104,0.005408118944615126,0.01147426746102509,0.9740713057472906,0.01445442679168435,0.01844051361256611,0.9646214065902716,0.01693807979716233,0.0,0.94,0.06,0.22867654263973236,0.605555534362793,0.16576799750328064
2025-04-30,0.009048961102962494,0.9800379276275635,0.010913106612861156,0.04321122745980663,0.9295473350099032,0.02724143753029012,0.05100147505885236,0.9078787566646914,0.04111976827645611,0.06,0.88,0.06,0.2436661720275879,0.5674062371253967,0.18892759084701538
2025-05-02,0.01923171430826187,0.9529005289077759,0.02786773256957531,0.11808844268733691,0.785022830082951,0.09688872722971212,0.1664801159970323,0.570059043678347,0.26346084032462064,0.04,0.76,0.2,0.2894033193588257,0.4253992736339569,0.2851974070072174
2025-05-05,0.024482082575559616,0.024139603599905968,0.9513782858848572,0.06873653493674795,0.11438842866005322,0.8168750364031988,0.11748620744423875,0.1489186915232893,0.7335951010324719,0.1,0.22,0.68,0.29881978034973145,0.42594587802886963,0.27523428201675415
2025-05-06,0.008518029935657978,0.0052315909415483475,0.9862504005432129,0.036422723398440215,0.03838218432881439,0.9251950922727454,0.06163437082485553,0.07039291202588575,0.8679727171492586,0.08,0.08,0.84,0.32205620408058167,0.40048038959503174,0.27746346592903137
2025-05-07,0.02350352331995964,0.010309496894478798,0.9661869406700134,0.08343971543634524,0.05524622374139145,0.8613140608222634,0.17414555678548813,0.041215904477006626,0.7846385387375052,0.1,0.14,0.76,0.30518144369125366,0.4018527865409851,0.29296576976776123
2025-05-08,0.025828128680586815,0.009683262556791306,0.9644886255264282,0.08164957893744709,0.04926960656184679,0.8690808145007062,0.15648212001431433,0.043904366198523774,0.7996135137871618,0.04,0.16,0.8,0.28695544600486755,0.42973801493644714,0.2833065092563629
2025-05-09,0.008949129842221737,0.01394104678183794,0.9771098494529724,0.09135462276648502,0.06517501411824773,0.8434703631152672,0.017548792366086304,0.056776341864619155,0.9256748657692946,0.16,0.16,0.68,0.2615245580673218,0.4628394544124603,0.2756359279155731
2025-05-12,0.9231739044189453,0.06627517938613892,0.01055087149143219,0.6405645206720556,0.3520095918164779,0.007425887511466515,0.7251028343577096,0.2632281104723043,0.011669055169986073,0.84,0.14,0.02,0.23717312514781952,0.6556128859519958,0.10721398144960403
2025-05-13,0.056115273386240005,0.9360311031341553,0.007853591814637184,0.2297838905310254,0.7377836292821628,0.03243248018681188,0.17965403480382705,0.7950224767079166,0.02532348848825644,0.08,0.88,0.04,0.24742908775806427,0.618521511554718,0.1340494602918625
2025-05-14,0.026532510295510292,0.9699462056159973,0.0035212943330407143,0.17684330729523726,0.8103794243593878,0.012777268345374843,0.11680619133872233,0.876013338866771,0.007180469794506712,0.16,0.84,0.0,0.2580905258655548,0.6145625710487366,0.12734688818454742
2025-05-15,0.9383527636528015,0.057643286883831024,0.004003992769867182,0.6407607149388859,0.33341362080295484,0.02582566425815938,0.8084006102060993,0.183634059169533,0.007965330624367732,0.74,0.24,0.02,0.2227277159690857,0.6725786924362183,0.10469359159469604
2025-05-16,0.007299675606191158,0.9862615466117859,0.00643881456926465,0.053065714103404694,0.9011402126315403,0.045794073265054996,0.19787831479212484,0.7899038523535284,0.012217832854346682,0.12,0.86,0.02,0.24234876036643982,0.6314928531646729,0.12615837156772614
2025-05-19,0.05824320763349533,0.9350663423538208,0.006690479815006256,0.1388212231386348,0.8356546527825011,0.025524124078863977,0.3333293922222668,0.6439640486577516,0.022706559119981578,0.08,0.9,0.02,0.269499272108078,0.5548468828201294,0.17565388977527618
2025-05-20,0.021580573171377182,0.9697866439819336,0.008632718585431576,0.09393522370883704,0.8900117438421996,0.01605303244896325,0.09978971131557735,0.8739486535491927,0.026261635135230034,0.04,0.9,0.06,0.2461467832326889,0.5827873349189758,0.17106594145298004
2025-05-21,0.005652259103953838,0.990995466709137,0.003352281404659152,0.020539258636385966,0.9683897133531989,0.01107102801041496,0.01977081346459598,0.9713686754007734,0.008860511134630438,0.1,0.86,0.04,0.25812649726867676,0.5480293035507202,0.1938442587852478
2025-05-22,0.013062120415270329,0.984818160533905,0.002119779819622636,0.03141906407231373,0.9590321119040773,0.009548824023608932,0.03606698561108457,0.9547324955072685,0.009200518881646889,0.08,0.88,0.04,0.28066447377204895,0.4984697699546814,0.22086580097675323
2025-05-23,0.008432104252278805,0.989486813545227,0.0020811017602682114,0.035280048475836864,0.9562258911194995,0.008494060404663679,0.050532058511200406,0.9174632550683123,0.03200468642048734,0.08,0.9,0.02,0.2625281512737274,0.5006977915763855,0.23677408695220947
2025-05-26,0.022029250860214233,0.9645298719406128,0.013440839014947414,0.1112319196889687,0.8437273895932729,0.04504069071775841,0.07183923444186387,0.8913960778203515,0.036764687737784664,0.16,0.78,0.06,0.2701330780982971,0.5346647500991821,0.19520215690135956
2025-05-27,0.0032433641608804464,0.9903062582015991,0.00645034434273839,0.015040868260833243,0.9572144935129688,0.027744638226197965,0.01298972910494614,0.9554630490421825,0.03154722185287142,0.02,0.92,0.06,0.2407248318195343,0.5729984641075134,0.18627670407295227
2025-05-28,0.00701155886054039,0.9853759407997131,0.007612427230924368,0.02318461636263607,0.9364046928115283,0.040410690825835635,0.013878283544564562,0.9527410274479063,0.03338068900752921,0.04,0.84,0.12,0.24470368027687073,0.5581606030464172,0.19713568687438965
2025-05-29,0.0018574673449620605,0.9896120429039001,0.00853046029806137,0.00929808229668371,0.932584191680237,0.058117726023079366,0.011037147165341477,0.9296451085544104,0.05931774428024806,0.04,0.84,0.12,0.19818872213363647,0.6395120024681091,0.16229921579360962
2025-05-30,0.008133300580084324,0.9679040908813477,0.023962652310729027,0.014063097060399233,0.9042756189223313,0.0816612840172695,0.01995553137136915,0.889170734822701,0.09087373380592975,0.02,0.82,0.16,0.2379160076379776,0.570676326751709,0.1914076954126358
2025-06-02,0.005726195406168699,0.9588878750801086,0.035385943949222565,0.007529242333895625,0.9207630187311056,0.0717077389349987,0.0311199190154116,0.8169619960574608,0.15191808492712758,0.02,0.92,0.06,0.228397935628891,0.5533534288406372,0.218248650431633
2025-06-03,0.007288071326911449,0.03255295008420944,0.9601589441299438,0.04054556577543402,0.051041944695252806,0.9084124895293131,0.10043482558579857,0.09848415117808744,0.8010810232361141,0.04,0.18,0.78,0.2565206289291382,0.5186129808425903,0.22486642003059387
2025-06-04,0.0033727330155670643,0.017841367051005363,0.9787858724594116,0.015565839606309835,0.0710924875992007,0.9133416727944894,0.062328729792302015,0.13201193683703277,0.8056593333706652,0.08,0.2,0.72,0.22634650766849518,0.570014476776123,0.20363906025886536
2025-06-05,0.0015222002984955907,0.03002433478832245,0.9684534072875977,0.022746258941117165,0.16036157167350876,0.8168921693853741,0.06514802168344035,0.09711193088788983,0.8377400474286698,0.06,0.28,0.66,0.22935743629932404,0.5528677105903625,0.21777482330799103
2025-06-06,0.008191079832613468,0.010591869242489338,0.9812170267105103,0.09256307394030107,0.052905227635652696,0.8545316984240462,0.0636581154932642,0.06828064177966126,0.8680612427270745,0.12,0.1,0.78,0.23723049461841583,0.5386025309562683,0.22416704893112183
2025-06-09,0.021100040525197983,0.021954212337732315,0.9569457173347473,0.035003547376840936,0.037731835714705945,0.9272646169084532,0.11458438110506025,0.052198930489991156,0.8332166884049486,0.06,0.14,0.8,0.21942238509655,0.6029765605926514,0.17760105431079865
2025-06-10,0.009971411898732185,0.0530509278178215,0.9369776248931885,0.06722877673232586,0.1856221595191085,0.7471490637485656,0.09141386176452436,0.20653148846969097,0.7020546497657847,0.04,0.22,0.74,0.22045208513736725,0.6113910675048828,0.16815683245658875
2025-06-11,0.00560037000104785,0.9745288491249084,0.019870782271027565,0.020453138128379057,0.9323222554808263,0.047224606390794746,0.07629837424929989,0.9026443378827891,0.021057287867911133,0.06,0.88,0.06,0.23855708539485931,0.632905900478363,0.12853707373142242
2025-06-12,0.0014594491804018617,0.9976656436920166,0.0008749654516577721,0.01202525640649379,0.9764272499067554,0.011547493686750641,0.023712608135757988,0.96501361318254,0.011273778681702071,0.02,0.94,0.04,0.24760596454143524,0.6215235590934753,0.13087044656276703
2025-06-13,0.025667810812592506,0.972456157207489,0.001876102527603507,0.14815898328309968,0.8436103200005393,0.008230696716361192,0.15051040943768207,0.8160573120437374,0.033432278518580515,0.16,0.8,0.04,0.2762385308742523,0.5801058411598206,0.14365559816360474
2025-06-16,0.015058414079248905,0.980554461479187,0.004387110937386751,0.05713815372869644,0.9225227910309538,0.020339055240349718,0.1297164429831896,0.8578564710840536,0.012427085932756755,0.1,0.86,0.04,0.24535344541072845,0.61113440990448,0.14351220428943634
2025-06-17,0.9285061359405518,0.07025786489248276,0.0012359671527519822,0.780535071128618,0.2125155395705618,0.006949389300820245,0.7599158403096486,0.228585713705341,0.011498445985010286,0.86,0.14,0.0,0.27078956365585327,0.6060948371887207,0.12311552464962006
2025-06-18,0.019967446103692055,0.9779198169708252,0.002112690359354019,0.0898207206657963,0.9028984920303014,0.0072807873039023255,0.09264828213086636,0.889991570228763,0.01736014764037089,0.1,0.84,0.06,0.26970699429512024,0.5901493430137634,0.14014369249343872
2025-06-19,0.006375601049512625,0.991199791431427,0.0024246626999229193,0.029126360694425743,0.9589170201628179,0.011956619142756392,0.03765529861445864,0.9420080190124177,0.020336682373123697,0.06,0.88,0.06,0.26353880763053894,0.5826926827430725,0.15376845002174377
2025-06-20,0.04008369892835617,0.9524552822113037,0.007460978347808123,0.0499600968394173,0.9352470536326799,0.014792849527902803,0.07486054499125148,0.881102174576282,0.04403728043246654,0.04,0.9,0.06,0.26640769839286804,0.5800078511238098,0.15358446538448334
2025-06-23,0.0066940938122570515,0.9899024963378906,0.003403416369110346,0.017779584481227646,0.9729621028742726,0.009258312644499875,0.030912783818933302,0.9415568616752412,0.027530354505825316,0.08,0.88,0.04,0.20863327383995056,0.6409813165664673,0.15038533508777618
2025-06-24,0.006030935328453779,0.991146981716156,0.0028220650274306536,0.017867185415675908,0.9722041572141278,0.009928657370196254,0.010577543658421453,0.9701883617232948,0.019234094618283796,0.06,0.92,0.02,0.1956407129764557,0.6483166217803955,0.15604268014431
2025-06-25,0.0015966353239491582,0.9938569664955139,0.004546404350548983,0.009143222848796746,0.9739855224710018,0.016871254680201443,0.002981696699051541,0.9871092393622043,0.009909063938744227,0.06,0.88,0.06,0.18751396238803864,0.6767508387565613,0.1357351392507553
2025-06-26,0.002314669778570533,0.9922935962677002,0.005391678307205439,0.011279536931979101,0.9726233560429599,0.01609710702506108,0.004401968881265511,0.9835720716286888,0.012025959490045892,0.06,0.92,0.02,0.17980986833572388,0.6894301176071167,0.1307600438594818
2025-06-27,0.0021628409158438444,0.9946061968803406,0.0032309601083397865,0.03194642629507007,0.9571512246460642,0.010902349058865815,0.004678048809025165,0.9710896054059881,0.024232345784986786,0.06,0.9,0.04,0.19638213515281677,0.6542043685913086,0.14941348135471344
2025-06-30,0.0026864612009376287,0.9912776947021484,0.006035882979631424,0.027106626743877812,0.9554872438660283,0.017406129390093856,0.02061783108038288,0.9442822899516693,0.03509987896794774,0.08,0.84,0.08,0.21039362251758575,0.6481665372848511,0.14143985509872437
2025-07-01,0.007601776625961065,0.989597737789154,0.0028004739433526993,0.059221176054854316,0.8936742291754293,0.04710459476971654,0.032448049079585595,0.9421078854732157,0.02544406544719888,0.06,0.86,0.08,0.23349566757678986,0.5934305787086487,0.1730736941099167
2025-07-02,0.024049675092101097,0.9622815847396851,0.013668694533407688,0.1408859472534339,0.8072289120424233,0.05188514070414284,0.08060247479880386,0.86130282711592,0.05809469808527633,0.04,0.9,0.06,0.23557764291763306,0.5823444724082947,0.18207791447639465
2025-07-03,0.046934522688388824,0.946499228477478,0.006566213443875313,0.18419412691930212,0.79636739870852,0.019438474372177952,0.13145226234187557,0.7981537345576701,0.07039400310045443,0.2,0.76,0.04,0.2449905425310135,0.5621810555458069,0.1928284913301468
2025-07-04,0.9632013440132141,0.034926265478134155,0.001872393535450101,0.7440886663410269,0.2375271780803437,0.018384155578629345,0.8084410329567273,0.16235749438047423,0.029201472662798367,0.68,0.26,0.06,0.23785464465618134,0.5788312554359436,0.18331407010555267
2025-07-07,0.9880066514015198,0.007982771843671799,0.004010622389614582,0.9324999054129858,0.05035415860945263,0.017145935977561685,0.9345957687998061,0.0499135721518433,0.015490659048350577,0.88,0.1,0.02,0.24478085339069366,0.5614376068115234,0.1937815248966217
2025-07-08,0.9925925135612488,0.006340380292385817,0.001067029545083642,0.945261221394744,0.0441890294224758,0.010549749182780205,0.9403272347414839,0.03722646132491693,0.02244630393359919,0.88,0.08,0.04,0.24813511967658997,0.5606375932693481,0.19122731685638428
2025-07-09,0.9848166108131409,0.010825716890394688,0.004357669968158007,0.9096570782708969,0.07738232514893036,0.012960596580172795,0.9326308266678655,0.045258500233649024,0.02211067309848551,0.8,0.16,0.04,0.23039031028747559,0.590820848941803,0.17878881096839905
2025-07-10,0.9525200724601746,0.04093438386917114,0.006545506417751312,0.8515775003351893,0.1193733302728944,0.029049169391916166,0.8201493385928221,0.1558482275959423,0.024002433811235648,0.76,0.16,0.08,0.23076538741588593,0.5847969651222229,0.18443767726421356
2025-07-11,0.031146518886089325,0.9616747498512268,0.00717869121581316,0.08451794602592523,0.8868739878730737,0.028608066101001056,0.04732176243724409,0.9310276860486116,0.021650551514144085,0.12,0.8,0.08,0.24621881544589996,0.5725466012954712,0.18123455345630646
2025-07-14,0.005758898798376322,0.9752736687660217,0.01896742172539234,0.043442728788302604,0.8942278881852173,0.06232938302648016,0.017013411195702335,0.9445842635147507,0.03840232528954693,0.08,0.82,0.1,0.24812671542167664,0.581997811794281,0.16987544298171997
2025-07-15,0.010919970460236073,0.9828231930732727,0.0062568094581365585,0.04257617423272701,0.9207453717036426,0.036678454063630295,0.052222564356789375,0.7987266187355394,0.14905081690767127,0.0,0.9,0.1,0.26938024163246155,0.5495947003364563,0.18102505803108215
2025-07-16,0.0076599749736487865,0.9904075264930725,0.0019325586035847664,0.02467794597370562,0.9647715722394022,0.010550481786892177,0.010683032526450162,0.9709960323302178,0.01832093514333181,0.02,0.94,0.04,0.2622874975204468,0.5430956482887268,0.19461679458618164
2025-07-17,0.9558558464050293,0.04191771522164345,0.002226409735158086,0.8003227199306543,0.18954489942881853,0.010132380640527284,0.7881695048249961,0.19200065193973867,0.019829843235265175,0.7,0.24,0.06,0.2909334599971771,0.500623345375061,0.20844320952892303
2025-07-18,0.9793537855148315,0.016269149258732796,0.004376994911581278,0.9307778035280009,0.059223045309990806,0.009999151162008306,0.9037576540806667,0.07738771039883598,0.018854635520497414,0.84,0.12,0.04,0.2667066156864166,0.5399203300476074,0.19337308406829834
2025-07-21,0.9837979674339294,0.01472304854542017,0.0014790374552831054,0.9550154382789328,0.037503187723250966,0.007481373997816247,0.9588302346141316,0.033925914948980236,0.007243850436888,0.88,0.12,0.0,0.2722257077693939,0.5542715191841125,0.17350275814533234
2025-07-22,0.9759288430213928,0.020202282816171646,0.003868896747007966,0.9388601747086459,0.055401127611540486,0.0057386976798134304,0.9084768021564683,0.0859547401655626,0.005568457677968938,0.82,0.14,0.04,0.26785483956336975,0.5640469789505005,0.16809822618961334
2025-07-23,0.9853691458702087,0.008627760224044323,0.006003167945891619,0.9167115676153906,0.05804355614928445,0.025244876235324863,0.9367215472127851,0.05407436859515866,0.009204084192056327,0.8,0.16,0.04,0.2629076838493347,0.5422086119651794,0.19488368928432465
2025-07-24,0.9834286570549011,0.009814493358135223,0.006756811402738094,0.9250453463072228,0.05031944280584042,0.02463521088693665,0.9235918807949762,0.05937804748179,0.01703007172323393,0.82,0.1,0.08,0.2873491942882538,0.5129066705703735,0.19974415004253387
2025-07-25,0.9534988403320312,0.04260404035449028,0.0038971127942204475,0.8303942781320053,0.1499791949218429,0.01962652694615168,0.7850332930311937,0.16383249598802102,0.05113421098078529,0.72,0.2,0.08,0.3073195517063141,0.5027288794517517,0.18995164334774017
2025-07-28,0.03384837508201599,0.9568048715591431,0.009346681647002697,0.14751229128347187,0.8029897719095705,0.04949793680695758,0.10246543506243393,0.8443677818493996,0.0531667830881664,0.12,0.78,0.1,0.3266250193119049,0.4686773121356964,0.2046976387500763
2025-07-29,0.06390704959630966,0.9320862889289856,0.004006613045930862,0.27378804675815227,0.6876057044803084,0.038606248761539376,0.2723850191234232,0.7018918457805767,0.02572313509600006,0.2,0.72,0.08,0.33382150530815125,0.47730985283851624,0.1888686865568161
2025-07-30,0.9582437872886658,0.03747716546058655,0.004279016982764006,0.8141242535961145,0.16788399343006863,0.0179917529738168,0.5937787211487501,0.36632663024992584,0.039894648601324155,0.72,0.26,0.02,0.3393296003341675,0.4546753168106079,0.20599500834941864
2025-07-31,0.01821887493133545,0.9756048917770386,0.00617617042735219,0.09735207527455855,0.8781885586079807,0.02445936611746057,0.15941570959879772,0.8340011869317066,0.006583103469495795,0.08,0.88,0.04,0.30411389470100403,0.4752005636692047,0.22068554162979126
2025-08-01,0.027112917974591255,0.9700096845626831,0.002877329010516405,0.081257094381829,0.8971563459865306,0.021586559631640485,0.08671459178751371,0.909999781217556,0.0032856269949302877,0.1,0.8,0.1,0.3339875638484955,0.4871121048927307,0.17890037596225739
2025-08-04,0.006122894585132599,0.9933503270149231,0.0005267913220450282,0.044414716840149436,0.947629787400262,0.00795549575958831,0.1348547357295248,0.8618004011267932,0.003344863143681828,0.06,0.92,0.02,0.30392393469810486,0.5285599231719971,0.16751614212989807
2025-08-05,0.003407589392736554,0.9955032467842102,0.0010891465935856104,0.01473230702202277,0.9763912895896465,0.008876403388330805,0.029524774794806124,0.9661930207580054,0.004282204447188546,0.1,0.88,0.02,0.27617117762565613,0.5285605788230896,0.19526825845241547
2025-08-06,0.006768394261598587,0.9920359253883362,0.0011956579983234406,0.025604531641041917,0.9670479075443338,0.007347560814624271,0.05905408885140484,0.93229669220037,0.00864921894822499,0.14,0.84,0.02,0.29309991002082825,0.5100176930427551,0.19688239693641663
2025-08-07,0.008877161890268326,0.9853665828704834,0.005756225902587175,0.03740228953733668,0.9324036556027273,0.030194054859936138,0.060920455622105525,0.9057529309824254,0.03332661339546914,0.12,0.82,0.06,0.30701345205307007,0.47186678647994995,0.2211197465658188
2025-08-08,0.012519567273557186,0.9592771530151367,0.028203340247273445,0.019722354968069702,0.8737481854333353,0.1065294595985948,0.05395265408897352,0.8214187089326933,0.12462863697833322,0.04,0.76,0.2,0.30906713008880615,0.4208613336086273,0.27007153630256653
2025-08-11,0.014179137535393238,0.9713094234466553,0.014511434361338615,0.03887238114417821,0.9053982385735716,0.05572938028225004,0.19561642200640664,0.7207323659408298,0.08365121205276355,0.12,0.76,0.12,0.29582449793815613,0.4221944510936737,0.2819809913635254
2025-08-12,0.004554443527013063,0.013334079645574093,0.9821114540100098,0.03799588637361001,0.09182330145838959,0.8701808121680004,0.06974355396571075,0.07347117797333481,0.8567852680609545,0.02,0.06,0.92,0.2932254672050476,0.40929892659187317,0.29747554659843445
2025-08-13,0.003878203220665455,0.019188862293958664,0.9769330024719238,0.012860019173274366,0.06899503333967584,0.9181449474870498,0.033679923100018785,0.036373495489649244,0.9299465814103319,0.02,0.12,0.86,0.27374544739723206,0.45678722858428955,0.269467294216156
2025-08-14,0.006283137947320938,0.9656345248222351,0.028082309290766716,0.035175584089750155,0.7848974579393494,0.17992695797090047,0.06548758454544046,0.7198270972039774,0.2146853182505822,0.1,0.6,0.3,0.28191274404525757,0.45483019948005676,0.2632570266723633
2025-08-18,0.006718555931001902,0.009458928368985653,0.9838225245475769,0.0407683423879163,0.079385381875671,0.8798462757364126,0.03043566015670845,0.1109341052832656,0.858630234560026,0.12,0.08,0.8,0.26587381958961487,0.4553576707839966,0.2787685990333557
2025-08-19,0.0034547122195363045,0.025674302130937576,0.9708710312843323,0.019793725183493517,0.10747688483385681,0.8727293899826498,0.015945162844685133,0.09119993812241996,0.8928548990328949,0.1,0.1,0.8,0.27067649364471436,0.4684501588344574,0.2608734369277954
2025-08-20,0.035715293139219284,0.9587975740432739,0.005487118382006884,0.13302478700312917,0.8546595939502516,0.012315619046619186,0.1561125573133472,0.8180310341317303,0.025856408554922532,0.2,0.78,0.02,0.2743486762046814,0.5284222364425659,0.1972290724515915
2025-08-21,0.026545636355876923,0.9632543325424194,0.010200005024671555,0.09882877139840537,0.8688546933688721,0.032316535232722564,0.12305541066366416,0.8371284632931426,0.03981612604319321,0.12,0.88,0.0,0.2625736594200134,0.5490013360977173,0.18842501938343048
2025-08-22,0.021356897428631783,0.9718331098556519,0.0068100024946033955,0.04203836402780792,0.9272240623142943,0.030737573657897525,0.09147287636294028,0.8507318108015015,0.05779531283555825,0.06,0.82,0.12,0.25018617510795593,0.5676885843276978,0.18212522566318512
2025-08-25,0.004778861999511719,0.9933533668518066,0.001867705606855452,0.019738642077245166,0.966743346723813,0.013518011198941773,0.06954739845134589,0.9094722090722323,0.020980392476421774,0.02,0.94,0.04,0.23041874170303345,0.6235128045082092,0.1460684835910797
2025-08-26,0.02234521135687828,0.9703319668769836,0.007322825491428375,0.0794594829331132,0.8897628448910797,0.030777672175806906,0.21330363315658762,0.7215706788087467,0.06512568803466576,0.08,0.88,0.04,0.22082620859146118,0.6073663830757141,0.17180746793746948
2025-08-28,0.013414137996733189,0.9746168255805969,0.011969033628702164,0.06465065532229396,0.8895735617754202,0.04577578290228569,0.02591853068638157,0.8965721790434614,0.07750929027015711,0.08,0.8,0.12,0.2134087085723877,0.5956520438194275,0.190939262509346
2025-08-29,0.04447662830352783,0.9394853115081787,0.01603805646300316,0.150340181921718,0.786782884314393,0.06287693376388892,0.1686259199391653,0.7777601014708024,0.05361397859003217,0.12,0.86,0.02,0.2411230355501175,0.5531948208808899,0.2056821584701538
2025-09-01,0.9136070013046265,0.0833786353468895,0.0030143565963953733,0.7357143486708598,0.23338135462336076,0.03090429670577932,0.38326193680656645,0.5769313234996508,0.03980673969378283,0.64,0.34,0.02,0.2168305665254593,0.5907928943634033,0.19237655401229858
2025-09-02,0.011608320288360119,0.9690114259719849,0.019380228593945503,0.040149016767966554,0.898706478693605,0.06114450453842843,0.04859328492317364,0.8915722553350327,0.059834459741793654,0.1,0.82,0.08,0.23272868990898132,0.5616361498832703,0.20563511550426483
2025-09-03,0.011105496436357498,0.9652644991874695,0.023630037903785706,0.031118054652982625,0.9066398639070438,0.062242081439973534,0.0676286055224075,0.8461778022464718,0.08619359223112076,0.04,0.92,0.04,0.2250722199678421,0.5649656057357788,0.20996211469173431
2025-09-04,0.005904229357838631,0.03637745976448059,0.9577183127403259,0.04167294428026111,0.13167048820646102,0.8266565675132779,0.08513742787913002,0.15723091990270965,0.7576316522181604,0.12,0.3,0.58,0.22241617739200592,0.5607939958572388,0.21678981184959412
2025-09-05,0.0015847207978367805,0.03299148380756378,0.9654238224029541,0.007329039331243108,0.06593993356169617,0.9267310271070607,0.03197682983203367,0.10284664402366765,0.8651765261442987,0.08,0.18,0.74,0.21882307529449463,0.5686228275299072,0.21255406737327576
2025-09-08,0.0037017043214291334,0.04210904613137245,0.9541892409324646,0.018278813284953108,0.13358550024693872,0.8481356864681081,0.042697009408519684,0.16614687536511263,0.7911561152263675,0.08,0.1,0.82,0.2409505695104599,0.564879834651947,0.19416958093643188
2025-09-09,0.0019431692780926824,0.015353516675531864,0.9827033281326294,0.02017463761712825,0.12801812375945976,0.851807238623412,0.04370952756853097,0.1757545699398233,0.7805359024916457,0.02,0.12,0.86,0.21026886999607086,0.6164959669113159,0.1732352375984192
2025-09-10,0.026653172448277473,0.9297429919242859,0.0436038002371788,0.13422047678543203,0.6872623258414271,0.1785171973731408,0.0677768961066643,0.789536426519614,0.1426866773737216,0.08,0.74,0.18,0.20701450109481812,0.6549443006515503,0.13804113864898682
2025-09-11,0.023584261536598206,0.05955228582024574,0.9168634414672852,0.13012809174326612,0.19046119076115542,0.6794107174955786,0.05351847115088226,0.27183126789419054,0.6746502609549272,0.12,0.3,0.58,0.21398422122001648,0.6551569104194641,0.13085885345935822
2025-09-12,0.019889067858457565,0.9682485461235046,0.011862379498779774,0.06177446077708524,0.9059786197276603,0.03224691949525453,0.02541058974495916,0.9564605007352401,0.01812890951980088,0.1,0.82,0.08,0.22448764741420746,0.6356436014175415,0.1398688107728958
2025-09-15,0.006460200063884258,0.968690037727356,0.024849681183695793,0.022433528066988728,0.8810275186018159,0.09653895333119544,0.09973563562420466,0.8265272164679324,0.07373714790786301,0.02,0.84,0.14,0.22900915145874023,0.5877206325531006,0.1832701712846756
2025-09-16,0.9422273635864258,0.03807754069566727,0.019695114344358444,0.8208315999220844,0.10356342330934408,0.07560497676857152,0.650724801246659,0.12985091992707257,0.2194242788262684,0.66,0.18,0.16,0.2263457477092743,0.5777757167816162,0.19587858021259308
2025-09-17,0.9570750594139099,0.03706858679652214,0.005856301635503769,0.7817772626602951,0.1785410875299506,0.039681649809754346,0.6952220791192133,0.20887406765835204,0.09590385322243478,0.78,0.22,0.0,0.24211469292640686,0.5615090131759644,0.1963762640953064
2025-09-18,0.9745498299598694,0.02130977064371109,0.004140469711273909,0.8549957985850885,0.0925368469288521,0.0524673544860595,0.9059063911125077,0.0838275796462246,0.010266029241267731,0.88,0.1,0.02,0.24377140402793884,0.5757340788841248,0.18049447238445282
2025-09-19,0.9696794748306274,0.018114212900400162,0.012206329964101315,0.9261792354438744,0.0467778028921655,0.027042961663960186,0.7785822358675769,0.13553123065523748,0.08588653347718556,0.86,0.1,0.04,0.24947108328342438,0.5480656027793884,0.2024632841348648
2025-09-22,0.9654380083084106,0.017583852633833885,0.01697809435427189,0.8902712608740205,0.04754228049747964,0.06218645862849988,0.8719053157257005,0.04804267665477586,0.08005200761952361,0.8,0.12,0.08,0.2742452621459961,0.4939919710159302,0.23176273703575134
2025-09-23,0.9503060579299927,0.02681153453886509,0.02288246899843216,0.8460885907036421,0.0999769930053105,0.05393441629104741,0.5704621947181973,0.23736017228578346,0.19217763299601937,0.6,0.28,0.12,0.26228514313697815,0.5129247903823853,0.2247900515794754
2025-09-24,0.9201987385749817,0.061557572335004807,0.018243659287691116,0.776233964251534,0.169271713522553,0.05449432222591302,0.7115739981939273,0.2216813834744237,0.06674461833164896,0.74,0.22,0.04,0.24672222137451172,0.5138912796974182,0.2393864393234253
2025-09-25,0.03249327465891838,0.9217953681945801,0.045711349695920944,0.09609391470134099,0.7856505969757414,0.11825548832291756,0.11860407028577855,0.8267570615997112,0.054638868114510304,0.1,0.82,0.08,0.2558057904243469,0.5002287030220032,0.2439655214548111
2025-09-26,0.007444093935191631,0.02728814259171486,0.9652677178382874,0.01897828907483048,0.060895858293069954,0.9201258526320997,0.04411749804318424,0.2101740177891903,0.7457084841676255,0.02,0.14,0.84,0.28893953561782837,0.4671889841556549,0.24387140572071075
2025-09-29,0.008359359577298164,0.0196435134857893,0.971997082233429,0.024214931472704718,0.08136952287280905,0.8944155456544862,0.10580080050184587,0.17408872671442757,0.7201104727837266,0.08,0.14,0.78,0.3012232184410095,0.4738256335258484,0.2249511331319809
2025-09-30,0.009053083136677742,0.0188763365149498,0.9720705151557922,0.03022224773938178,0.05014213696938114,0.9196356152912372,0.10576019689908463,0.05991154939421161,0.8343282537067037,0.1,0.12,0.78,0.3173922896385193,0.43601030111312866,0.24659736454486847
2025-10-01,0.013780440203845501,0.010865293443202972,0.9753543138504028,0.0227706929260445,0.03536629069316239,0.9418630163807932,0.08030330698200167,0.0735158155335347,0.8461808774844636,0.14,0.1,0.76,0.32135966420173645,0.4402572214603424,0.23838311433792114
2025-10-03,0.03211809694766998,0.010710218921303749,0.9571717381477356,0.10812817304407475,0.07317904881256805,0.8186927781433573,0.0993195842767015,0.16574475777873815,0.7349356579445604,0.06,0.14,0.8,0.30923599004745483,0.44598013162612915,0.2447839081287384
2025-10-06,0.016153942793607712,0.9648831486701965,0.018962949514389038,0.04207823390184162,0.9160455790952066,0.04187618700295187,0.08088551745956692,0.8840676169624951,0.03504686557793812,0.08,0.88,0.04,0.29591432213783264,0.5027474761009216,0.20133823156356812
2025-10-07,0.017161065712571144,0.9755586981773376,0.007280200719833374,0.07353189930118406,0.9137505457632,0.012717554935615763,0.06160489681361331,0.8945136182087065,0.04388148497768034,0.08,0.92,0.0,0.2991834878921509,0.5229030847549438,0.1779133826494217
2025-10-08,0.003238013945519924,0.9953475594520569,0.0014144378947094083,0.005966823687978366,0.9883223679223071,0.0057108083897145345,0.01464291946189321,0.9696897663169146,0.015667314221192146,0.0,0.98,0.02,0.2906692326068878,0.5477052330970764,0.16162553429603577
2025-10-09,0.004600712098181248,0.9940173625946045,0.001381951617076993,0.012324960705192909,0.9733647702918544,0.01431026900295276,0.04645703277605766,0.9306086715173263,0.022934295706616134,0.02,0.98,0.0,0.2849828004837036,0.5503095388412476,0.16470764577388763
2025-10-10,0.0028762961737811565,0.9908787608146667,0.006244984921067953,0.05039209331254342,0.8669182282278391,0.0826896784596174,0.0343062135034667,0.9298386040489829,0.03585518244755042,0.02,0.94,0.04,0.2568434178829193,0.5787129402160645,0.164443701505661
2025-10-13,0.005187108647078276,0.9879639148712158,0.006848955526947975,0.054966059022685615,0.9125546453230075,0.03247929565430693,0.11414287599133412,0.8351726861747909,0.05068443783387493,0.04,0.92,0.04,0.24876806139945984,0.5857236981391907,0.16550825536251068
2025-10-14,0.0030070149805396795,0.9937863349914551,0.0032066889107227325,0.02712897916144997,0.9517002560856398,0.021170764752910347,0.0239546141815099,0.9557233820344071,0.020322003784082998,0.06,0.9,0.04,0.24255654215812683,0.5791024565696716,0.17834100127220154
2025-10-15,0.0024630913976579905,0.9884345531463623,0.009102278389036655,0.015560198048936595,0.9610586488347813,0.02338115311628198,0.014818065807953256,0.9649949525249307,0.020186981667115907,0.08,0.9,0.02,0.23217804729938507,0.5848320722579956,0.18298988044261932
2025-10-16,0.006790307816118002,0.9842064380645752,0.00900330115109682,0.020694613584458094,0.9251365765458128,0.05416880986972902,0.016399169757200852,0.96423606098317,0.01936476925962911,0.1,0.8,0.1,0.24989831447601318,0.5849530696868896,0.16514869034290314
2025-10-17,0.019852736964821815,0.04819859191775322,0.9319486618041992,0.030043825188559827,0.2002243666612923,0.7697318081501479,0.16815787534053903,0.1771783940739575,0.6546637305855034,0.06,0.18,0.76,0.27518025040626526,0.533317506313324,0.19150219857692719
2025-10-20,0.018103672191500664,0.9344571828842163,0.047439154237508774,0.10364147045037975,0.6401657188500263,0.25619281069959393,0.07725198321731655,0.6670181915117209,0.25572982527096255,0.06,0.72,0.22,0.24673111736774445,0.5748572945594788,0.1784115880727768
2025-10-21,0.018251698464155197,0.033824898302555084,0.9479233622550964,0.055186887027728934,0.15722635135397306,0.7875867616182981,0.06364790541200846,0.2320938825214272,0.7042582120665644,0.08,0.18,0.74,0.24094393849372864,0.5814533829689026,0.17760266363620758
2025-10-23,0.013840394094586372,0.9713567495346069,0.014802820980548859,0.037789977784789236,0.8921381429736776,0.07007187924153307,0.03778623171167654,0.8998084795249242,0.06240528876339923,0.1,0.8,0.1,0.23744450509548187,0.6120827198028564,0.15047281980514526
2025-10-24,0.010170490480959415,0.9670091271400452,0.02282032184302807,0.031193112366979164,0.8712799447388939,0.09752694289412683,0.027010872881515675,0.9013333357065363,0.071655791411948,0.18,0.72,0.1,0.23381800949573517,0.6197640299797058,0.14641794562339783
2025-10-27,0.002531405072659254,0.9907780885696411,0.006690501235425472,0.017395833614554088,0.9521285592886077,0.030475607096838057,0.017226339590936703,0.937872187561237,0.044901472847826175,0.08,0.9,0.02,0.231347918510437,0.6293374300003052,0.13931463658809662
2025-10-28,0.0025557493790984154,0.9826028347015381,0.01484147273004055,0.011924992937630361,0.8764881666961191,0.11158684036625054,0.04983957824447288,0.8319232863286525,0.11823713542687457,0.08,0.78,0.14,0.218853160738945,0.6203374862670898,0.16080932319164276
2025-10-29,0.9540421962738037,0.03151902183890343,0.014438753947615623,0.820399288733112,0.14089273247477682,0.03870797879211106,0.7774088237717169,0.18152629394275122,0.04106488228553192,0.7,0.22,0.08,0.22358019649982452,0.6009057760238647,0.17551404237747192
2025-10-30,0.9577810764312744,0.022233478724956512,0.019985442981123924,0.6291401732996829,0.22436123838522187,0.14649858831509535,0.5101196888039747,0.3398602832761227,0.1500200279199025,0.68,0.26,0.06,0.21124239265918732,0.583996593952179,0.20476095378398895
2025-10-31,0.04722416773438454,0.9357134103775024,0.017062421888113022,0.11816131701050309,0.8209043893857679,0.060934293603729046,0.13934432217462836,0.7469341275048874,0.11372155032048438,0.16,0.78,0.06,0.208832785487175,0.5777375102043152,0.21342964470386505
2025-11-03,0.006222127936780453,0.9723652005195618,0.021412642672657967,0.034661904195654604,0.9172434798570984,0.048094615947246885,0.02954133910914892,0.8810234488758801,0.0894352120149708,0.08,0.78,0.14,0.2073475867509842,0.5734314918518066,0.21922090649604797
2025-11-04,0.012936443090438843,0.06590571254491806,0.9211578965187073,0.03622940945062823,0.20044472611640565,0.7633258644329662,0.052792158880393555,0.20743911927359518,0.7397687218460112,0.04,0.12,0.84,0.2208242565393448,0.5784096717834473,0.20076613128185272
2025-11-06,0.0024292687885463238,0.02650880627334118,0.9710619449615479,0.01692706228890616,0.10002403486475507,0.8830489028463387,0.01610835980518824,0.07077761347833629,0.9131140267164756,0.08,0.16,0.76,0.2138245552778244,0.5905004143714905,0.1956750452518463
2025-11-07,0.006252299062907696,0.017025692388415337,0.976722002029419,0.039117632795556044,0.0674988413371258,0.8933835258673183,0.01587945670141509,0.06835131774799576,0.9157692255505891,0.06,0.12,0.82,0.22083894908428192,0.5831959843635559,0.19596509635448456
2025-11-10,0.016081085428595543,0.9415658712387085,0.042353011667728424,0.06308508551687059,0.7502683363409398,0.18664657814218955,0.04735453063401321,0.8168213468300936,0.1358241225358933,0.12,0.82,0.06,0.2093527466058731,0.6193547248840332,0.17129254341125488
2025-11-11,0.0133857112377882,0.968715488910675,0.01789887808263302,0.06328962217722892,0.8845823194485524,0.05212805837421868,0.059821535422168864,0.9135206757185285,0.026657788859302697,0.16,0.82,0.02,0.21319513022899628,0.6277191042900085,0.15908581018447876
2025-11-12,0.005155122838914394,0.9837820529937744,0.011062825098633766,0.009720201225685048,0.9371316317771976,0.053148166997117344,0.0236637788155705,0.9365440106910718,0.03979221049335774,0.06,0.9,0.04,0.19033873081207275,0.7054275274276733,0.10423365980386734
2025-11-13,0.0028580655343830585,0.9907433390617371,0.006398595403879881,0.01211697538953722,0.9530531036032821,0.03482992100718058,0.05987889161538513,0.8951384285201527,0.04498267986446233,0.02,0.98,0.0,0.21280784904956818,0.665652334690094,0.12153981626033783
2025-11-14,0.004777992144227028,0.9915406107902527,0.003681403351947665,0.02839425116714193,0.9605666668715418,0.011039081961316312,0.0634381509484148,0.916165258106389,0.020396590945196275,0.06,0.92,0.02,0.22210416197776794,0.6313673257827759,0.1465284377336502
2025-11-17,0.007659056223928928,0.9484924077987671,0.04384857788681984,0.02823264158756546,0.7958794759699058,0.17588788244252868,0.043123474498250346,0.9019486831286868,0.05492784237306261,0.04,0.9,0.06,0.2274848073720932,0.6158735752105713,0.15664158761501312
2025-11-18,0.005290037486702204,0.05257381126284599,0.9421361684799194,0.02153816833690647,0.23582691639504827,0.7426349152680453,0.05279710924034569,0.4121013563963216,0.5351015343633326,0.0,0.26,0.74,0.24014079570770264,0.5937564969062805,0.16610267758369446
2025-11-19,0.007085561286658049,0.9860236644744873,0.006890818011015654,0.03358883575306161,0.9500578010646598,0.016353363182278844,0.030824678660536665,0.9083364874627463,0.060838833876717006,0.1,0.88,0.02,0.23483781516551971,0.6209878325462341,0.14417432248592377
2025-11-20,0.010526013560593128,0.9814935922622681,0.007980391383171082,0.05236265997842712,0.8986922843429531,0.04894505567861995,0.0360068334765286,0.9459202198662897,0.018072946657181812,0.04,0.96,0.0,0.23113270103931427,0.6379590630531311,0.13090825080871582
2025-11-21,0.0017303181812167168,0.9914729595184326,0.006796646863222122,0.02001869653641306,0.957902490626576,0.022078812837010846,0.01059524480374349,0.9549169243810096,0.03448783081524677,0.02,0.96,0.02,0.20729978382587433,0.6649703979492188,0.1277298480272293
2025-11-24,0.020254209637641907,0.9760881662368774,0.003657681867480278,0.06853491435899965,0.9035922429659267,0.027872842675073645,0.028137858462609154,0.9023812317121112,0.06948090982527984,0.1,0.86,0.04,0.19300313293933868,0.6678235530853271,0.13917329907417297
2025-11-25,0.013684048317372799,0.9704138040542603,0.015902159735560417,0.06509489619676266,0.8540610785165793,0.08084402528665803,0.05856758864811781,0.8320675309115564,0.1093648804403257,0.08,0.82,0.1,0.17672833800315857,0.6756365895271301,0.1476350575685501
2025-11-26,0.0069791898131370544,0.9652642607688904,0.02775648981332779,0.02827417357230967,0.8403465482025549,0.1313792782251354,0.09007052465505232,0.621870834709668,0.28805864063527964,0.02,0.78,0.2,0.18044313788414001,0.675923228263855,0.1436336487531662
2025-11-27,0.009131291881203651,0.02748747169971466,0.9633811712265015,0.014871398699251864,0.19619934818810306,0.7889292531126451,0.0734923067915158,0.20998699904885298,0.7165206941596313,0.04,0.28,0.68,0.1771094650030136,0.684398353099823,0.13849219679832458
2025-11-28,0.010364500805735588,0.024388469755649567,0.9652470946311951,0.027556996623628323,0.1906895058612077,0.781753497515164,0.10418075139214067,0.18075007349590674,0.7150691751119526,0.04,0.18,0.78,0.18256953358650208,0.6711398363113403,0.14629067480564117
2025-12-01,0.03144500404596329,0.051216185092926025,0.9173387885093689,0.09181412626579918,0.24313579551750175,0.665050078216699,0.11840331809998171,0.29141810214876473,0.5901785797512535,0.12,0.14,0.74,0.2227107435464859,0.6352530717849731,0.14203625917434692
2025-12-02,0.01226071733981371,0.9770068526268005,0.010732408612966537,0.0632897706378063,0.8688309626006923,0.06787926676150143,0.051147802592379055,0.894876109263409,0.053976088144212085,0.06,0.82,0.12,0.21430489420890808,0.6105273365974426,0.1751677542924881
2025-12-03,0.026616740971803665,0.9598165154457092,0.013566720299422741,0.151845867045602,0.794934432526681,0.05321970042771714,0.18451409102596794,0.7786282636780877,0.03685764529594431,0.08,0.84,0.08,0.21775448322296143,0.6122274994850159,0.17001812160015106
2025-12-04,0.02620183303952217,0.9721445441246033,0.001653642626479268,0.12325347445761375,0.8642448897726879,0.0125016357696984,0.08400789917206643,0.8936592472196544,0.022332853608279187,0.1,0.82,0.08,0.21959540247917175,0.6343957781791687,0.14600874483585358
2025-12-05,0.013698338530957699,0.9851396679878235,0.0011619747383520007,0.09779266247167658,0.889472834619374,0.012734502908949497,0.06790420389755379,0.9035502722268918,0.028545523875554472,0.06,0.86,0.08,0.22982269525527954,0.649864912033081,0.1203124150633812
2025-12-08,0.0185225997120142,0.980400562286377,0.0010769118089228868,0.11555497626876753,0.875609558025052,0.008835465706180448,0.0433228265930222,0.9495745163980659,0.00710265700891189,0.12,0.84,0.04,0.2088305801153183,0.673054575920105,0.11811485141515732
2025-12-09,0.013762954622507095,0.98455411195755,0.0016828728839755058,0.08955015775455692,0.9072552452599911,0.003194596985452035,0.04564008008869116,0.9437199025615617,0.010640017349747143,0.2,0.8,0.0,0.2272864431142807,0.6273198127746582,0.14539378881454468
2025-12-10,0.027041206136345863,0.9697134494781494,0.0032453848980367184,0.07077335681476778,0.9218850856602404,0.007341557524991756,0.015402656623795767,0.9534714876395057,0.031125855736698353,0.1,0.86,0.04,0.24357596039772034,0.595733106136322,0.16069094836711884
2025-12-11,0.007680085022002459,0.9855878353118896,0.006732100620865822,0.025621030792640838,0.9190711120795124,0.055307857127846846,0.02955817416249997,0.9361850815836718,0.03425674425382827,0.04,0.92,0.04,0.2329767644405365,0.613944947719574,0.15307830274105072
2025-12-12,0.0039299712516367435,0.9707432389259338,0.025326808914542198,0.009132981064488241,0.909490842316822,0.08137617661868972,0.023769324701270328,0.9014918768469575,0.0747387984517722,0.02,0.9,0.08,0.21768887341022491,0.6092795133590698,0.1730315238237381
2025-12-15,0.0014355285093188286,0.036500997841358185,0.9620634913444519,0.023073051706950117,0.14194128254618385,0.8349856657468661,0.08448951498894991,0.19904338314357833,0.7164671018674716,0.02,0.24,0.74,0.2025212198495865,0.6261876225471497,0.17129120230674744
2025-12-16,0.0044021448120474815,0.05784238874912262,0.9377554655075073,0.021899634929214148,0.16822888102728428,0.8098714840435016,0.046360189223349856,0.25218515168284966,0.7014546590938006,0.0,0.26,0.74,0.19685211777687073,0.6286404132843018,0.17450743913650513
2025-12-17,0.005547807086259127,0.03997883200645447,0.9544733762741089,0.06489204939085315,0.15528668902131793,0.7798212615878289,0.054517083916942814,0.1942257511358164,0.7512571649472408,0.08,0.18,0.74,0.19344137609004974,0.6148764491081238,0.19168217480182648
2025-12-18,0.012221552431583405,0.941439151763916,0.04633926972746849,0.08277405659416713,0.7754584226035163,0.14176752080231644,0.12399402226292722,0.6772060288674719,0.19879994886960098,0.02,0.84,0.14,0.20079168677330017,0.6276830434799194,0.17152521014213562
2025-12-19,0.008221118710935116,0.9729657173156738,0.018813110888004303,0.023181084157741436,0.902247009211722,0.07457190663053648,0.08956958291389552,0.8058612272097937,0.10456918987631077,0.1,0.82,0.08,0.20507963001728058,0.6396346688270569,0.15528568625450134
2025-12-22,0.972385823726654,0.026516171172261238,0.0010980573715642095,0.8342322917814853,0.154071288476033,0.011696419742481642,0.8617641628309445,0.13214215774753138,0.00609367942152405,0.78,0.22,0.0,0.22222617268562317,0.6661864519119263,0.11158733814954758
2025-12-23,0.9921461939811707,0.006933427415788174,0.0009204059024341404,0.9245770617081789,0.06528658334461468,0.010136354947206298,0.8640937751617083,0.12384628356413101,0.012059941274160739,0.9,0.08,0.02,0.24930903315544128,0.6341808438301086,0.11651013791561127
2025-12-24,0.9940152764320374,0.0037731979973614216,0.0022115162573754787,0.9416599676857749,0.0516516141005031,0.006688418213722184,0.9097190112325767,0.07722016237475095,0.013060826392672333,0.9,0.04,0.06,0.24452221393585205,0.6329010128974915,0.12257671356201172
2025-12-26,0.008832383900880814,0.9798077940940857,0.011359835974872112,0.017474605864574538,0.9567219540675435,0.025803440067882117,0.1000579166490293,0.7945279161135955,0.10541416723737514,0.04,0.84,0.12,0.2380402833223343,0.6082434058189392,0.15371640026569366
2025-12-29,0.014233731664717197,0.9813368916511536,0.004429354332387447,0.05781722869088617,0.9034214203563479,0.03876135095276605,0.0731811197454399,0.8859203762959404,0.04089850395861976,0.02,0.9,0.08,0.24933573603630066,0.6066197752952576,0.1440443992614746
2025-12-30,0.016971660777926445,0.9617586731910706,0.0212696623057127,0.046825054085031535,0.9133894900287299,0.0397854558862384,0.04188666861529284,0.9210109994764547,0.037102331908252434,0.02,0.96,0.02,0.2263675183057785,0.613669753074646,0.1599627435207367
2025-12-31,0.004805243574082851,0.09313635528087616,0.9020583629608154,0.05620573913268179,0.34999861908721525,0.593795641780103,0.035269369452344906,0.4672417981222517,0.49748883242540337,0.02,0.38,0.6,0.2308039367198944,0.6068897843360901,0.16230623424053192
2026-01-01,0.011246577836573124,0.907815158367157,0.08093822747468948,0.06399280395703871,0.7935688558994017,0.1424383401435595,0.03905793581136023,0.761392783610374,0.1995492805782659,0.16,0.8,0.04,0.22326333820819855,0.6115438342094421,0.16519278287887573
2026-01-02,0.012156165204942226,0.9783788919448853,0.009464883245527744,0.11229621874059524,0.8514418503190777,0.03626193094032693,0.0410442982941975,0.8828344167093222,0.0761212849964802,0.14,0.82,0.04,0.2219899445772171,0.5972321629524231,0.1807778775691986
2026-01-05,0.023281501606106758,0.9686482548713684,0.00807031337171793,0.07329819451695345,0.8978666444777949,0.028835161005251655,0.06324866078939928,0.8768941626475931,0.05985717656300759,0.12,0.82,0.06,0.26040422916412354,0.5623071789741516,0.17728862166404724
2026-01-06,0.0221971794962883,0.972614586353302,0.005188211798667908,0.09274882032558163,0.8846447328124577,0.022606446861960755,0.14226384495067135,0.799817284994306,0.057918870055022546,0.26,0.72,0.02,0.22920362651348114,0.5750696659088135,0.1957266926765442
2026-01-07,0.9503610730171204,0.043321531265974045,0.00631743436679244,0.7097549819922938,0.23641568681739236,0.05382933119031384,0.5921683290354721,0.3594313060668093,0.04840036489771844,0.7,0.2,0.1,0.2119181752204895,0.6345922350883484,0.1534896343946457
2026-01-08,0.007221072446554899,0.07009422779083252,0.9226846694946289,0.061115680520721284,0.25271636266311603,0.6861679568161627,0.053642498250380505,0.40131217601085417,0.5450453257387654,0.02,0.2,0.78,0.24042896926403046,0.5828597545623779,0.17671124637126923
2026-01-09,0.006159032229334116,0.05107030272483826,0.9427706003189087,0.0419559281344741,0.1777040643647517,0.7803400075007741,0.0276552359685852,0.40124392780977175,0.571100836221643,0.06,0.14,0.8,0.2433992177248001,0.5885957479476929,0.16800495982170105
2026-01-12,0.030136791989207268,0.899603009223938,0.070260189473629,0.10425158766458956,0.6729310348521526,0.22281737748325797,0.1762486171749919,0.6891190845471731,0.1346322982778349,0.1,0.84,0.06,0.23932695388793945,0.574013352394104,0.1866597682237625
2026-01-13,0.030034616589546204,0.9635581374168396,0.006407265085726976,0.1354897035959803,0.8325820835047655,0.031928212899254176,0.1420024839944054,0.7591181121699505,0.09887940383564399,0.16,0.84,0.0,0.2556358277797699,0.5787348747253418,0.16562926769256592
2026-01-14,0.01927851513028145,0.9701642990112305,0.010557183064520359,0.09878016466413962,0.8556183983986628,0.04560143693719745,0.057493600093145504,0.7652348248246287,0.17727157508222585,0.14,0.8,0.06,0.2685706317424774,0.5375616550445557,0.19386766850948334
2026-01-16,0.8951441645622253,0.104059599339962,0.0007962498930282891,0.6243765216384891,0.36719789509022793,0.008425583271282835,0.5385672404539561,0.42235385530138736,0.03907890424465637,0.68,0.3,0.02,0.2195781171321869,0.631851315498352,0.14857058227062225
2026-01-19,0.058560218662023544,0.9400296211242676,0.001410167315043509,0.16192142889670202,0.8326299074386542,0.005448663664643814,0.2233271639255868,0.7557696179020416,0.020903218172371812,0.22,0.78,0.0,0.22325128316879272,0.6278066039085388,0.14894217252731323
2026-01-20,0.02559416927397251,0.9725693464279175,0.001836471725255251,0.11617529538205347,0.8687174635084873,0.01510724110945917,0.08081141465278383,0.9033284300509727,0.01586015529624347,0.06,0.94,0.0,0.239709734916687,0.5829657912254333,0.17732453346252441
2026-01-21,0.003973455633968115,0.9943482279777527,0.0016783123137429357,0.028564178127176727,0.9634535007070777,0.007982321165745732,0.029214954667995674,0.9499208141136736,0.02086423121833075,0.04,0.88,0.08,0.2273634821176529,0.5874895453453064,0.1851469874382019
2026-01-22,0.012172606773674488,0.9865841269493103,0.0012432592920958996,0.09159583697851115,0.8761141025076508,0.032290060513837995,0.10201417388599816,0.8693137843151189,0.02867204179888309,0.1,0.86,0.04,0.2090766280889511,0.5774599313735962,0.21346347033977509
2026-01-23,0.011258606798946857,0.9756130576133728,0.01312835793942213,0.04760017489399549,0.840560976287315,0.11183884881868952,0.06705601801386848,0.9086936761721134,0.02425030581401808,0.24,0.7,0.06,0.22107481956481934,0.5582279562950134,0.22069717943668365
2026-01-27,0.03540733829140663,0.9543578624725342,0.010234790854156017,0.18240437430166426,0.745723589389768,0.0718720363085678,0.09490241831206112,0.8925439384884835,0.012553643199455332,0.3,0.66,0.04,0.20127609372138977,0.6170263886451721,0.18169760704040527
2026-01-28,0.9766325950622559,0.01576504111289978,0.007602356374263763,0.8878574826946235,0.07277300455491134,0.03936951275046521,0.8833940303397452,0.09385177271030846,0.022754196949946258,0.88,0.08,0.04,0.21506552398204803,0.6201136112213135,0.16482090950012207
2026-01-29,0.9672518968582153,0.02993028424680233,0.002817875472828746,0.8820407144661192,0.10487718834828982,0.01308209718559108,0.8958110630358401,0.07371596413928701,0.03047297282487295,0.86,0.12,0.02,0.23607183992862701,0.5924660563468933,0.1714620739221573
2026-01-30,0.9789437055587769,0.01084963046014309,0.010206641629338264,0.8186396798551998,0.08258809222545148,0.09877222791934875,0.7458650477296989,0.20098724169459073,0.05314771057571042,0.86,0.1,0.04,0.2364528924226761,0.5849920511245728,0.17855508625507355
2026-02-02,0.9765399694442749,0.016665397211909294,0.006794655695557594,0.8704449106087633,0.08903811544138106,0.04051697394985559,0.880159568956665,0.10049244803142973,0.019347983011905275,0.78,0.16,0.06,0.22971224784851074,0.5862879157066345,0.18399985134601593
2026-02-03,0.9769970178604126,0.015167350880801678,0.007835637778043747,0.900691044201539,0.08729434362953323,0.01201461216892783,0.8568803891223702,0.10688945770085784,0.03623015317677197,0.9,0.08,0.02,0.2694023549556732,0.5770789384841919,0.1535187065601349
2026-02-04,0.9579080939292908,0.02665349841117859,0.015438429079949856,0.9046221082896075,0.07854951657645463,0.016828375133937905,0.9528202925412477,0.026130846740183292,0.021048860718569054,0.84,0.14,0.02,0.37444281578063965,0.4600493907928467,0.16550780832767487
2026-02-05,0.9838371872901917,0.008421791717410088,0.0077410172671079636,0.9266634003643108,0.05359726513586549,0.019739334499823676,0.9487323059241753,0.025192386010347397,0.026075308065477348,0.78,0.1,0.12,0.43388092517852783,0.4254685640335083,0.14065046608448029
2026-02-06,0.9948545694351196,0.003185102716088295,0.0019602500833570957,0.9160707050217985,0.04776263165130313,0.0361666633268984,0.892078856218251,0.07259631517745153,0.03532482860429738,0.82,0.14,0.04,0.44863054156303406,0.41414448618888855,0.13722491264343262
2026-02-09,0.9903034567832947,0.006531743798404932,0.003164837369695306,0.9379536752092618,0.04526987916900601,0.016776445621732198,0.9777028001274161,0.015581281728138762,0.006715918144445144,0.86,0.12,0.02,0.46189332008361816,0.4068344831466675,0.13127224147319794
2026-02-10,0.9761261940002441,0.016170848160982132,0.007702971342951059,0.8732683309898481,0.10225065059356551,0.024481018416586373,0.92465164767854,0.06838346226692071,0.006964890054539231,0.76,0.2,0.04,0.34118908643722534,0.4794065058231354,0.17940445244312286
2026-02-11,0.9857503175735474,0.012260813266038895,0.001988898729905486,0.9385121781679512,0.04715445229512005,0.014333369536928922,0.918207795924171,0.07152873998305731,0.010263464092771653,0.92,0.04,0.04,0.38369640707969666,0.44281595945358276,0.17348764836788177
2026-02-12,0.9329732656478882,0.06323135644197464,0.0037954237777739763,0.6918929311466678,0.2882335577190194,0.019873511134312783,0.8139342404225767,0.16540487760282663,0.020660881974596708,0.82,0.16,0.02,0.43666189908981323,0.4155060946941376,0.1478319764137268
2026-02-13,0.9690932631492615,0.024898307397961617,0.006008440162986517,0.8423054355672542,0.14992938189679755,0.007765182535948203,0.867619683429929,0.11809867896791712,0.014281637602153837,0.9,0.1,0.0,0.4987075924873352,0.38564276695251465,0.11564967036247253
2026-02-16,0.9700869917869568,0.022704487666487694,0.00720853079110384,0.9158353894311766,0.07012050622572435,0.014044104343099148,0.965513805595131,0.02425909071299271,0.010227103691876157,0.98,0.02,0.0,0.534402072429657,0.3576776683330536,0.1079203262925148
2026-02-17,0.9832894802093506,0.012934800237417221,0.0037757016252726316,0.939861264730936,0.0543340128883676,0.0058047223806962575,0.9638024278204569,0.026857209000535846,0.009340363179007286,0.96,0.04,0.0,0.5508025288581848,0.3319583833217621,0.11723911017179489
2026-02-18,0.9703277945518494,0.02598266862332821,0.0036895787343382835,0.8945840975218357,0.0937640405965076,0.011651861881656872,0.8506379095131766,0.09542522893374053,0.05393686155308301,0.86,0.1,0.04,0.5657192468643188,0.2756187915802002,0.15866190195083618
2026-02-19,0.9922997355461121,0.004834984894841909,0.0028652974870055914,0.9436037093033071,0.04838241535083918,0.008013875345853641,0.8459155133621657,0.11082533236093312,0.04325915427690091,0.86,0.1,0.04,0.5512996912002563,0.29553890228271484,0.15316139161586761
2026-02-20,0.9352543950080872,0.029167529195547104,0.03557809069752693,0.8161640802865234,0.1110080067928367,0.07282791292063985,0.5671011139756643,0.2789986714686653,0.15390021455567035,0.84,0.1,0.06,0.5102061629295349,0.3171643018722534,0.17262956500053406
2026-02-23,0.9556335806846619,0.03510333597660065,0.009263081476092339,0.8031052031681654,0.15584697172350062,0.04104782510833402,0.6765059408360138,0.24104951353702692,0.08244454562695916,0.8,0.18,0.02,0.5117562413215637,0.32061320543289185,0.16763050854206085
2026-02-24,0.029901744797825813,0.9661054015159607,0.003992907237261534,0.15529915685763848,0.8089804050254815,0.035720438116880075,0.026750531746421297,0.9531908698976633,0.02005859835591551,0.06,0.94,0.0,0.48519739508628845,0.3540738821029663,0.16072866320610046
2026-02-25,0.029806215316057205,0.9619589447975159,0.008234805427491665,0.13265042082671558,0.8444408048910349,0.02290877428224944,0.0333813805319872,0.9119290458711933,0.05468957359681945,0.06,0.92,0.02,0.47033584117889404,0.3695441782474518,0.16012001037597656
2026-02-26,0.01654987223446369,0.9696910381317139,0.013759066350758076,0.09377078159771376,0.8755999719607108,0.03062924644157536,0.059774962200758446,0.8542056330823746,0.08601940471686695,0.04,0.92,0.04,0.4712953269481659,0.35964444279670715,0.16906030476093292
2026-02-27,0.03589281812310219,0.9560511708259583,0.008056068792939186,0.19728293338184008,0.7642360390250809,0.03848102759307922,0.1403660827497484,0.7799315407237208,0.07970237652653071,0.18,0.82,0.0,0.48939818143844604,0.3411461412906647,0.1694556623697281
2026-03-02,0.02001110464334488,0.9724346995353699,0.00755414878949523,0.16809169770124133,0.8095201213137914,0.02238818098496739,0.11979818013339866,0.8377494459735321,0.042452373893069335,0.18,0.82,0.0,0.44532716274261475,0.3102269470691681,0.24444587528705597
2026-03-04,0.9505003094673157,0.04342110455036163,0.006078602746129036,0.7960376833915117,0.18690245626653637,0.017059860341951893,0.7132306542022673,0.2311000142632578,0.05566933153447495,0.82,0.18,0.0,0.4180276691913605,0.3415452241897583,0.2404271513223648
2026-03-05,0.06549840420484543,0.9251666069030762,0.009334921836853027,0.2944772967022877,0.6557772715121292,0.04974543178558312,0.2808487020554166,0.683112043018836,0.03603925492574745,0.26,0.7,0.04,0.4091376066207886,0.34701400995254517,0.24384838342666626
2026-03-06,0.9681367874145508,0.028610453009605408,0.003252775641158223,0.83719635174304,0.1420083448209601,0.020795303435999887,0.7544576184926517,0.21624252370427577,0.029299857803072364,0.82,0.16,0.02,0.45013847947120667,0.3451550304889679,0.20470643043518066
2026-03-09,0.9496190547943115,0.04439784586429596,0.005983120296150446,0.7634353552903045,0.21270426713098095,0.02386037757871442,0.8201414632886063,0.14912946846584485,0.03072906824554895,0.88,0.1,0.02,0.4312569200992584,0.3484962582588196,0.22024676203727722
2026-03-10,0.9548736810684204,0.028437882661819458,0.016688497737050056,0.8404515535559075,0.12283847821649266,0.0367099682275998,0.9389168836974725,0.029904371329936473,0.03117874497259104,0.84,0.08,0.08,0.3876394033432007,0.30676203966140747,0.3055986166000366
2026-03-11,0.03517511859536171,0.9497359395027161,0.015088919550180435,0.12594416976893102,0.8086358086079412,0.06542002162312793,0.307176922664305,0.6012269781720025,0.09159609916369253,0.18,0.72,0.1,0.3637292683124542,0.32940804958343506,0.30686265230178833
2026-03-12,0.9238603115081787,0.06163417920470238,0.014505545608699322,0.7163280478546844,0.21985049098167583,0.06382146116363976,0.6147074982748557,0.24066713362254763,0.14462536810259674,0.7,0.2,0.1,0.3545636236667633,0.34321340918540955,0.30222299695014954
2026-03-13,0.009605609811842442,0.9769367575645447,0.013457691296935081,0.0849655743815608,0.7892049133949796,0.12582951222345962,0.05622663187156927,0.8023484711438732,0.14142489698455754,0.1,0.7,0.2,0.2789674401283264,0.34943243861198425,0.37160012125968933
2026-03-16,0.005921013653278351,0.9393221735954285,0.05475684627890587,0.01965293475442676,0.8427519194674561,0.13759514577811713,0.017265188705384623,0.8793266864091438,0.10340812488547163,0.02,0.76,0.22,0.2571331560611725,0.34379467368125916,0.39907217025756836
2026-03-17,0.0011280172038823366,0.030830835923552513,0.9680411219596863,0.006472823869035668,0.17218373348551375,0.8213434426454507,0.036647823296741155,0.19400957104308011,0.7693426056601788,0.02,0.26,0.72,0.2748648226261139,0.38081616163253784,0.3443189263343811
2026-03-18,0.016212062910199165,0.9534452557563782,0.030342603102326393,0.10273587701943274,0.8192353680868351,0.07802875489373226,0.05909489717477568,0.7555613750860625,0.18534372773916175,0.06,0.74,0.2,0.29628193378448486,0.3735928237438202,0.33012524247169495
2026-03-19,0.005521278362721205,0.043122969567775726,0.9513557553291321,0.04341866462630277,0.21730813563532736,0.7392731997383699,0.035394940655003086,0.1654942212905351,0.7991108380544617,0.08,0.16,0.76,0.24662663042545319,0.35409876704216003,0.3992745280265808
2026-03-20,0.007137766573578119,0.9718413352966309,0.021020900458097458,0.03716071382988835,0.8754123139235028,0.08742697224660886,0.03420451287731742,0.8348969187576042,0.13089856836507835,0.0,0.92,0.08,0.24936023354530334,0.34784919023513794,0.4027906060218811
2026-03-23,0.00730147585272789,0.9371522068977356,0.05554630234837532,0.020695924363195957,0.6718056009179527,0.3074984747188513,0.02875351055132144,0.7715670941138271,0.19967939533485138,0.0,0.78,0.22,0.22466757893562317,0.3477210998535156,0.4276112914085388
2026-03-24,0.009862442500889301,0.019849656149744987,0.9702879786491394,0.07620841173735252,0.05691177557546967,0.8668798126871778,0.01805268181972355,0.09221264035421686,0.8897346778260596,0.02,0.2,0.78,0.23029325902462006,0.3518144488334656,0.41789230704307556
2026-03-25,0.0008315686136484146,0.010779472067952156,0.9883888959884644,0.010627835317004068,0.06194141734361066,0.9274307473393854,0.019292791338348696,0.03921752692723885,0.9414896817344125,0.04,0.16,0.8,0.210506871342659,0.37477725744247437,0.41471582651138306
2026-03-27,0.006708377972245216,0.03183835744857788,0.9614533185958862,0.03386537865515809,0.09323100059694561,0.8729036207478962,0.03604811136790436,0.05060536908926508,0.9133465195428305,0.04,0.18,0.78,0.23475302755832672,0.38907933235168457,0.3761676251888275
2026-03-30,0.0023927665315568447,0.007355620618909597,0.9902516603469849,0.027774791344874622,0.06878180437845674,0.9034434042766687,0.07289821823317856,0.033008775322006,0.8940930064448154,0.08,0.16,0.76,0.2675052583217621,0.4056156873703003,0.32687899470329285
2026-04-01,0.010391555726528168,0.023548094555735588,0.9660603404045105,0.035924229841123215,0.14851662969654983,0.8155591404623269,0.13851194606726905,0.08255373864863808,0.778934315284093,0.1,0.1,0.8,0.2960379719734192,0.40846794843673706,0.2954941391944885
2026-04-02,0.01212994009256363,0.9713701605796814,0.01649988628923893,0.0986362280921761,0.8262108579225168,0.07515291398530713,0.07976357950366612,0.8749680976611472,0.04526832283518681,0.1,0.84,0.06,0.31832072138786316,0.47676724195480347,0.20491205155849457
2026-04-06,0.008705011568963528,0.9854062795639038,0.005888676270842552,0.037161609772650143,0.943489430732098,0.0193489594952519,0.041963315459612904,0.9255895147898523,0.03244716975053462,0.1,0.86,0.04,0.2870912253856659,0.5345496535301208,0.17835913598537445
2026-04-07,0.01042267121374607,0.9871742725372314,0.002403055550530553,0.05054948289327424,0.9197214431307383,0.029729073975987553,0.09874060004512829,0.884246491432131,0.01701290852274064,0.12,0.84,0.04,0.26492151618003845,0.5891932249069214,0.14588524401187897
2026-04-08,0.012254411354660988,0.9774137139320374,0.010331892408430576,0.05084919100221765,0.891020528673986,0.05813028032379635,0.023555989500134274,0.9409372898683354,0.035506720631530445,0.04,0.96,0.0,0.2182154357433319,0.6387726664543152,0.1430118829011917
2026-04-09,0.00499727251008153,0.9909114241600037,0.004091348964720964,0.023573734241479814,0.938874057107138,0.0375522086513822,0.018683900074091535,0.9622148778538323,0.019101222072075992,0.08,0.92,0.0,0.23016446828842163,0.6110907793045044,0.15874476730823517
2026-04-10,0.013964678160846233,0.9823725819587708,0.003662753850221634,0.15995894761855617,0.8057874341935909,0.034253618187853024,0.04429858171938355,0.9139387238481299,0.041762694432486445,0.16,0.7,0.14,0.24425354599952698,0.5218120813369751,0.23393438756465912
2026-04-13,0.03210729733109474,0.05596252903342247,0.9119302034378052,0.1156821226420895,0.2172458730553894,0.6670720043025211,0.21675281033041863,0.1184249337718946,0.6648222558976868,0.2,0.08,0.72,0.21272540092468262,0.5065350532531738,0.28073951601982117
2026-04-15,0.9587146043777466,0.03139708936214447,0.00988834723830223,0.842348178286161,0.10994343883494483,0.04770838287889403,0.8214652923258301,0.08597701255090175,0.09255769512326804,0.68,0.28,0.04,0.24282827973365784,0.5388563275337219,0.21831545233726501
2026-04-16,0.978812038898468,0.009581541642546654,0.011606432497501373,0.9078429663592232,0.031459075945923384,0.06069795769485345,0.7820119073988766,0.12042900138058216,0.09755909122054114,0.88,0.04,0.08,0.23321513831615448,0.5468778014183044,0.21990707516670227
2026-04-17,0.9665301442146301,0.020378317683935165,0.013091551139950752,0.8229832493861156,0.126832400940431,0.05018434967345354,0.8865232686644123,0.0703157953255005,0.043160936010087206,0.82,0.1,0.08,0.2058253139257431,0.613797664642334,0.1803770363330841
2026-04-20,0.9675571322441101,0.026551902294158936,0.005890978965908289,0.8673570402094424,0.107773317970817,0.024869641819740693,0.7388582222338302,0.23226279586375548,0.02887898190241416,0.76,0.2,0.04,0.2525496184825897,0.5891926884651184,0.15825770795345306
2026-04-21,0.9797399640083313,0.010193241760134697,0.010066765360534191,0.8259500401061742,0.10496509027287856,0.06908486962094729,0.8960946031089476,0.06935653985938929,0.03454885703166297,0.66,0.22,0.12,0.29245033860206604,0.506990909576416,0.20055873692035675
2026-04-22,0.9524728059768677,0.035592105239629745,0.011935068294405937,0.8199941153241473,0.11444788337160527,0.06555800130424738,0.7508745699983816,0.18036943514977186,0.06875599485184646,0.78,0.1,0.12,0.260608047246933,0.4757726192474365,0.2636193037033081
2026-04-23,0.9551773071289062,0.03799601271748543,0.006826624274253845,0.7042444659133521,0.19258542690657068,0.10317010718007726,0.7525697023282789,0.06044877492417484,0.18698152274754634,0.7,0.16,0.14,0.2597598731517792,0.4750785231590271,0.26516154408454895
2026-04-24,0.010974657721817493,0.9806077480316162,0.008417648263275623,0.02527428226065591,0.9196613123336107,0.05506440540573333,0.018374587380157358,0.9044744772752252,0.07715093534461735,0.08,0.78,0.14,0.26184719800949097,0.47081679105758667,0.26733601093292236
2026-04-27,0.005598290357738733,0.9834905862808228,0.010911202989518642,0.027604956290871934,0.9422569182297632,0.03013812547936484,0.029764549140640813,0.9312533113907132,0.03898213946864599,0.02,0.9,0.08,0.24459411203861237,0.48411718010902405,0.27128878235816956
2026-04-28,0.004413235932588577,0.979278028011322,0.016308721154928207,0.01997347920097367,0.9301594049838298,0.049867115815196546,0.013634336576894866,0.917454031394649,0.0689116320284562,0.02,0.86,0.12,0.27551719546318054,0.416644424200058,0.3078383803367615
2026-04-29,0.006848706863820553,0.9838498830795288,0.009301383048295975,0.020797051707844377,0.9479899020966291,0.03121304619552646,0.06309407373460452,0.8535249896765289,0.08338093658886662,0.06,0.84,0.1,0.30628976225852966,0.396514892578125,0.29719534516334534
2026-04-30,0.017267506569623947,0.9689611792564392,0.013771340250968933,0.07831022038576915,0.8613897206854204,0.060300058928810525,0.05256808688784564,0.8066557871399171,0.14077612597223732,0.12,0.8,0.08,0.2939843237400055,0.3817351460456848,0.3242805004119873
2026-05-04,0.047119565308094025,0.9387919902801514,0.014088427647948265,0.22151495786807934,0.7117256536486689,0.06675938848325169,0.14267945688005254,0.7218182473747485,0.1355022957451989,0.18,0.7,0.12,0.32130682468414307,0.3660348355770111,0.3126582205295563
2026-05-05,0.9237746000289917,0.05911164730787277,0.01711367629468441,0.6831885811716338,0.15388467607688283,0.16292674275148325,0.7778844379841754,0.09886864571062033,0.12324691630520425,0.76,0.12,0.12,0.2827811539173126,0.36763033270835876,0.3495885133743286
2026-05-06,0.9690765738487244,0.010330415330827236,0.0205929446965456,0.910775444778439,0.06740417754974061,0.02182037767182039,0.9384170936531078,0.028822881431979013,0.032760024914913206,0.84,0.08,0.08,0.2648560404777527,0.4030768573284149,0.3320671617984772
2026-05-07,0.9719467759132385,0.005803061183542013,0.02225016988813877,0.8539904207514898,0.066520846132281,0.07948873311622931,0.8798984133024739,0.02558361968924798,0.09451796700827816,0.78,0.04,0.18,0.3104183077812195,0.3411109447479248,0.3484707474708557
2026-05-08,0.9613174796104431,0.0090071652084589,0.029675327241420746,0.8769745640042388,0.06292189102412801,0.06010354497163313,0.8780972221173916,0.040235193697717525,0.08166758418489081,0.82,0.02,0.16,0.3127969801425934,0.3568073809146881,0.3303956091403961
2026-05-11,0.9636902809143066,0.010954628698527813,0.02535506710410118,0.9077022943772592,0.03849443340865327,0.053803272214087455,0.856496206731928,0.03186786935587524,0.11163592391219682,0.78,0.02,0.2,0.29156237840652466,0.38221031427383423,0.3262273371219635
2026-05-12,0.0031391619704663754,0.013482170179486275,0.9833785891532898,0.02035475676633355,0.09895938344708069,0.8806858597865858,0.022418522991031937,0.0600141922427992,0.917567284766169,0.04,0.1,0.86,0.2944713532924652,0.3701618015766144,0.3353668749332428
2026-05-13,0.006141560152173042,0.013890532776713371,0.9799679517745972,0.01728698075070206,0.08905875231053392,0.893654266938764,0.010998302874222956,0.05459951091228827,0.9344021862134887,0.06,0.1,0.84,0.28762105107307434,0.39376962184906006,0.3186093866825104
2026-05-14,0.0037594980094581842,0.023235628381371498,0.9730048775672913,0.018123969960207553,0.13002363238529774,0.8518523976544948,0.01789653979837822,0.14545599415919902,0.8366474660424228,0.02,0.16,0.82,0.26822715997695923,0.4346034526824951,0.29716935753822327
2026-05-15,0.002176751848310232,0.020489878952503204,0.9773334264755249,0.012927492272990882,0.09709199230135254,0.8899805154256566,0.03910555783965998,0.09430333641089664,0.8665911057494433,0.0,0.1,0.9,0.2589716911315918,0.4323907196521759,0.3086375296115875
2026-05-18,0.0024593232665210962,0.02478238008916378,0.9727582335472107,0.01350321221881652,0.06268846646980969,0.9238083213113738,0.028718497366991554,0.03666544955531717,0.9346160530776912,0.02,0.12,0.86,0.26462239027023315,0.41889289021492004,0.3164847493171692
2026-05-19,0.005854735150933266,0.9685322642326355,0.025613045319914818,0.05569458122126555,0.7694755149766987,0.17482990380203564,0.07663835387010298,0.7788179056804104,0.1445437404494867,0.1,0.88,0.02,0.2711818516254425,0.4799615740776062,0.2488565742969513
2026-05-20,0.0021786028519272804,0.9880393147468567,0.009782036766409874,0.03751187229123844,0.9007360173263866,0.06175211038237483,0.016205269669541975,0.8989677069004872,0.08482702342997073,0.1,0.84,0.06,0.2517332136631012,0.5315929055213928,0.21667391061782837
2026-05-21,0.0019581320229917765,0.9842610359191895,0.013780847191810608,0.018432401924587616,0.9340098555156235,0.0475577425597889,0.01573270481192682,0.9265232599610247,0.05774403522704849,0.08,0.82,0.1,0.2448919415473938,0.5060403347015381,0.24906770884990692
2026-05-22,0.0042213983833789825,0.030396685004234314,0.965381920337677,0.02025960095335994,0.09399616067591905,0.885744238370721,0.06297090680879629,0.06761582438352473,0.869413268807679,0.02,0.22,0.76,0.2231391817331314,0.5497538447380066,0.22710689902305603
2026-05-25,0.02248809114098549,0.01725177839398384,0.9602601528167725,0.06503062742468395,0.06647360089504137,0.8684957716802746,0.08727950886118378,0.12987244276363136,0.7828480483751848,0.1,0.14,0.76,0.23432987928390503,0.5281451940536499,0.23752492666244507
2026-05-26,0.036622725427150726,0.9358441233634949,0.02753317542374134,0.08710488322465343,0.8269039494382293,0.08599116733711729,0.06892518474320809,0.8508463584713858,0.08022845678540617,0.1,0.76,0.14,0.22022293508052826,0.580755352973938,0.19902168214321136
2026-05-27,0.005651780869811773,0.9887564778327942,0.005591724067926407,0.040835532580732914,0.9318047968069064,0.027359670612360713,0.06179208287787851,0.88916731506784,0.04904060205428147,0.06,0.9,0.04,0.19884023070335388,0.6055823564529419,0.19557735323905945
2026-05-29,0.006053660064935684,0.9851352572441101,0.00881110318005085,0.059371111779752114,0.8952601695561616,0.04536871866408633,0.07031437611689335,0.8599896781194237,0.06969594576368289,0.04,0.94,0.02,0.20474033057689667,0.5913293957710266,0.20393021404743195
2026-06-01,0.9666358232498169,0.03006790205836296,0.0032963030971586704,0.792895616982621,0.17368645328272217,0.03341792973465681,0.6359550224609368,0.2758306208739526,0.08821435666511049,0.7,0.22,0.08,0.21931692957878113,0.6345385909080505,0.14614450931549072
2026-06-02,0.9541728496551514,0.03860636055469513,0.007220795843750238,0.6926137884473019,0.2554675921279651,0.05191861942473299,0.8301785092581331,0.13262134760026414,0.03720014314160271,0.64,0.3,0.06,0.19392147660255432,0.7212660908699036,0.0848124623298645
2026-06-03,0.960502028465271,0.030032839626073837,0.009465093724429607,0.8578766575412966,0.13652663928095435,0.005596703177749143,0.8476697756308664,0.11825571567491562,0.03407450869421786,0.76,0.16,0.08,0.29733529686927795,0.5750927925109863,0.1275719702243805
2026-06-04,0.9785376787185669,0.009827136993408203,0.011635225266218185,0.9393334638109184,0.03716968452515022,0.023496851663931267,0.9178411830778438,0.059273828361779544,0.022884988560376702,0.74,0.22,0.04,0.2508774697780609,0.613379955291748,0.13574257493019104
2026-06-05,0.9763842225074768,0.015198714099824429,0.008417109958827496,0.9440247421505488,0.04479056770541185,0.011184690144039262,0.8204258562932485,0.09249036992639116,0.08708377378036034,0.88,0.12,0.0,0.2846379578113556,0.5559003949165344,0.1594616025686264
2026-06-08,0.9513455033302307,0.04158739373087883,0.007067086175084114,0.8613515332691646,0.12274541275797801,0.015903053972857358,0.8719716744828679,0.09422524356525584,0.03380308195187614,0.78,0.18,0.04,0.2853160798549652,0.5423620939254761,0.17232175171375275
2026-06-09,0.015389990992844105,0.9729446172714233,0.01166535634547472,0.09929241183247693,0.8408634164650671,0.05984417170245594,0.1609982428917981,0.8248939554734595,0.014107801634742416,0.06,0.84,0.1,0.2692715525627136,0.4873252809047699,0.2434030920267105
2026-06-10,0.01453754398971796,0.9696230888366699,0.015839405357837677,0.09718076501944922,0.86174679498427,0.041072439996280734,0.09282535890337903,0.8930941757675889,0.014080465329031996,0.04,0.86,0.1,0.27638235688209534,0.4971896708011627,0.22642803192138672
2026-06-11,0.024838298559188843,0.057095661759376526,0.9180660247802734,0.2075931904020724,0.2808017489761987,0.511605060621729,0.2569242650790641,0.31915100744356734,0.4239247274773686,0.08,0.3,0.62,0.31024834513664246,0.47983697056770325,0.20991463959217072
2026-06-12,0.018109625205397606,0.9714213609695435,0.010468991473317146,0.07449434418175342,0.884105907870666,0.0413997479475805,0.07124284988198018,0.9000000360897501,0.028757114028269738,0.04,0.84,0.12,0.2680305242538452,0.5210974812507629,0.21087197959423065
2026-06-15,0.008984064683318138,0.9867695569992065,0.0042463564313948154,0.06351334829877213,0.9187488616186867,0.01773779008254132,0.07168546412687947,0.9012668177443183,0.027047718128802287,0.16,0.82,0.02,0.21906930208206177,0.588549792766571,0.1923808455467224
2026-06-16,0.9615487456321716,0.03675747662782669,0.0016937352484092116,0.866930396064348,0.12627825459446304,0.0067913493411890236,0.8168795293038047,0.13585045126129364,0.04727001943490184,0.78,0.2,0.02,0.2271461933851242,0.6188861131668091,0.15396763384342194
2026-06-17,0.9774988889694214,0.02145473100244999,0.0010464158840477467,0.8281188857959018,0.16361220875254703,0.008268905451551248,0.8336953700987477,0.1365168650108177,0.029787764890434713,0.64,0.34,0.02,0.21209844946861267,0.6408077478408813,0.14709386229515076
2026-06-18,0.9807841777801514,0.01682302914559841,0.002392777241766453,0.882477014827763,0.10493312811244071,0.012589857059796336,0.9095776676040925,0.06611333221890396,0.024309000177003368,0.84,0.12,0.04,0.2559632360935211,0.5707728862762451,0.17326387763023376
2026-06-19,0.08243775367736816,0.8993828892707825,0.018179362639784813,0.3536731427765954,0.5704766458498948,0.07585021137350981,0.27473604447065725,0.6004156684812214,0.12484828704812119,0.12,0.8,0.08,0.34495604038238525,0.4563743472099304,0.1986696571111679
2026-06-22,0.9455735087394714,0.04608026146888733,0.008346260525286198,0.7819995026149581,0.17180144018370933,0.04619905720133245,0.7632242341191675,0.14581162669637063,0.09096413918446192,0.66,0.24,0.1,0.31423699855804443,0.47571489214897156,0.21004806458950043
2026-06-23,0.9512482285499573,0.026993567124009132,0.021758193150162697,0.7995415900236089,0.08698245572173695,0.11347595425465422,0.8263834629406457,0.08545407057276931,0.08816246648658499,0.78,0.18,0.04,0.30688369274139404,0.47225669026374817,0.2208595722913742
2026-06-24,0.9594114422798157,0.035941705107688904,0.00464688241481781,0.7349326912826316,0.1765323492120285,0.08853495950533986,0.702248965897896,0.22459593232732042,0.07315510177478353,0.74,0.18,0.08,0.2732970118522644,0.5153090357780457,0.21139390766620636
2026-06-25,0.019935227930545807,0.9605004787445068,0.019564270973205566,0.031687069116748776,0.8767108000324969,0.09160213085075432,0.0904386871260065,0.7574504240206723,0.1521108888533213,0.18,0.78,0.04,0.2940808832645416,0.47472020983695984,0.23119889199733734
2026-06-29,0.016216915100812912,0.9716954827308655,0.012087571434676647,0.04956830030713361,0.8721763212305899,0.0782553784622764,0.06261336818754057,0.8166176536331523,0.12076897817930712,0.12,0.72,0.16,0.2727556824684143,0.5116541981697083,0.21559016406536102
2026-06-30,0.009120224043726921,0.025548620149493217,0.9653311371803284,0.021264706385037576,0.08048557092989492,0.8982497226850674,0.06558492924781267,0.11931734649229492,0.8150977242598924,0.2,0.16,0.64,0.29903557896614075,0.4550480544567108,0.24591630697250366
2026-07-01,0.0077856420539319515,0.02310549095273018,0.9691088199615479,0.028694354830744298,0.10252654431618523,0.8687791008530705,0.07303757374630888,0.12922040816188862,0.7977420180918026,0.04,0.14,0.82,0.3435834050178528,0.394298255443573,0.2621183395385742
2026-07-02,0.007889695465564728,0.9493370652198792,0.0427732951939106,0.025459616332895976,0.7739463872504458,0.20059399641665823,0.04423699554394514,0.6891439814544482,0.26661902300160656,0.04,0.8,0.16,0.26356184482574463,0.4600541889667511,0.27638402581214905
2026-07-03,0.013280468992888927,0.03189576417207718,0.9548237919807434,0.03405698485101473,0.08443898645877182,0.8815040286902135,0.04629175018547429,0.15896627343599876,0.794741976378527,0.2,0.18,0.62,0.24436934292316437,0.5176185965538025,0.23801203072071075
2026-07-06,0.017013851553201675,0.02438497170805931,0.9586012363433838,0.03055581873802206,0.07248549816519116,0.8969586830967868,0.05680521023775429,0.1276886670278308,0.8155061227344149,0.1,0.06,0.84,0.2557567358016968,0.49567466974258423,0.2485685646533966
2026-07-07,0.0074484520591795444,0.015400008298456669,0.9771515727043152,0.030991537446928907,0.13001240912811676,0.8389960534249544,0.10339055389366528,0.2224125812450456,0.6741968648612892,0.16,0.22,0.62,0.2503267824649811,0.5330191850662231,0.21665406227111816
2026-07-08,0.009373581036925316,0.02200452797114849,0.9686218500137329,0.02159557252784193,0.09376202460478585,0.8846424028673722,0.050379303220383045,0.10201754632948022,0.8476031504501367,0.02,0.32,0.66,0.27198198437690735,0.4799128472805023,0.24810519814491272
2026-07-09,0.007141864392906427,0.002351317321881652,0.9905067682266235,0.03694001050730289,0.02117101326392357,0.9418889762287734,0.10087489498201113,0.046415528842914416,0.8527095761750744,0.12,0.06,0.82,0.26745447516441345,0.4663991332054138,0.26614636182785034
2026-07-10,0.05823180451989174,0.016651395708322525,0.9251168370246887,0.14753158154712964,0.03745765509547773,0.8150107633573926,0.24133639560419023,0.11699479785355912,0.6416688065422506,0.16,0.14,0.7,0.2670260965824127,0.5080304741859436,0.22494344413280487
2026-07-13,0.003903695847839117,0.9893795847892761,0.006716782692819834,0.02103696693043114,0.9487331804075296,0.03022985266203915,0.04307183504473461,0.9417977022404835,0.015130462714781823,0.06,0.9,0.04,0.27795055508613586,0.5713294744491577,0.15071998536586761
2026-07-14,0.027760015800595284,0.9670407176017761,0.00519933458417654,0.06721900609175444,0.8977843351924154,0.03499665871583023,0.06194273549220859,0.8932109711735442,0.044846293334247174,0.16,0.8,0.04,0.26142069697380066,0.5909451246261597,0.14763414859771729
2026-07-15,0.0037020654417574406,0.9932613968849182,0.003036509733647108,0.02095246751255405,0.9707772181358598,0.008270314351586034,0.03971491275209641,0.9329082799173412,0.027376807330562424,0.02,0.92,0.06,0.24751770496368408,0.6031751036643982,0.14930716156959534
2026-07-16,0.00352848251350224,0.9908665418624878,0.005604969337582588,0.025406378999295876,0.9502381769183011,0.024355444082402884,0.031894195074222746,0.9220974837195535,0.04600832120622375,0.0,0.98,0.02,0.266030877828598,0.5631723403930664,0.17079675197601318
2026-07-17,0.0019889979157596827,0.9925693869590759,0.005441601853817701,0.025311391294438948,0.9249915456036607,0.04969706310190035,0.012065274038497055,0.9580142758354727,0.02992045012603013,0.04,0.9,0.06,0.26697292923927307,0.5728970766067505,0.16012997925281525
2026-07-20,0.010748308151960373,0.9605812430381775,0.02867046371102333,0.023284145126204466,0.907225435881036,0.06949041899275954,0.03758717131597852,0.7065654450708168,0.25584738361320486,0.04,0.78,0.18,0.24222546815872192,0.5848018527030945,0.1729726344347
2026-07-21,0.013162472285330296,0.029109366238117218,0.9577282071113586,0.05236636400869895,0.08356981220017766,0.8640638237911235,0.12959755592188446,0.10897137586707041,0.7614310682110452,0.1,0.2,0.7,0.2425026297569275,0.5917669534683228,0.16573040187358856
2026-07-22,0.015862740576267242,0.016534646973013878,0.9676026701927185,0.02174665206814492,0.08949618977503702,0.8887571581568181,0.10391751766067554,0.12122478676749364,0.7748576955718308,0.08,0.16,0.76,0.29038625955581665,0.511639416217804,0.19797421991825104
2026-07-23,0.01447102427482605,0.016418050974607468,0.9691109657287598,0.034092529506741936,0.07925242871955177,0.8866550417737062,0.03702214429943336,0.06404803158130384,0.8989298241192628,0.02,0.2,0.78,0.31818586587905884,0.5031791925430298,0.17863501608371735
2026-07-24,0.001958641456440091,0.008844992145895958,0.9891964197158813,0.009116891938291813,0.06384655614984927,0.927036551911859,0.03798041602711643,0.06072108468611983,0.9012984992867638,0.02,0.1,0.88,0.2745078504085541,0.5301837921142578,0.1953083574771881
2026-07-27,0.0016859121387824416,0.0447925366461277,0.9535215497016907,0.02454105043871855,0.14222765120529185,0.8332312983559896,0.03358606144939943,0.31358822278663373,0.6528257157639668,0.06,0.12,0.82,0.221643328666687,0.6378894448280334,0.14046719670295715
2026-07-28,0.0016423776978626847,0.05791519209742546,0.9404423832893372,0.03626193588322197,0.2204471422149136,0.7432909219018644,0.03559503184544868,0.16938197160153612,0.7950229965530152,0.12,0.32,0.56,0.18475422263145447,0.7300580739974976,0.08518771827220917
2026-07-29,0.017807943746447563,0.961984395980835,0.02020760253071785,0.1078398045503319,0.8185284626688776,0.07363173278079065,0.018607021944431708,0.9287974741743998,0.052595503881168446,0.06,0.84,0.1,0.17489835619926453,0.757215142250061,0.06788648664951324
2026-07-30,0.03918685019016266,0.931740403175354,0.029072700068354607,0.1828750432919478,0.7095255793437344,0.10759937736431782,0.04435447277688274,0.8872803624625692,0.06836516476054791,0.12,0.82,0.06,0.15642814338207245,0.7828287482261658,0.06074313819408417
2026-07-31,0.010519973002374172,0.08207737654447556,0.9074026346206665,0.06720469217805364,0.28615448371386165,0.6466408241080848,0.07109615637120957,0.21899518756211098,0.7099086560666795,0.06,0.26,0.68,0.21233050525188446,0.7017923593521118,0.08587713539600372
2026-08-03,0.01290038786828518,0.9811075925827026,0.005992021411657333,0.07000035852063438,0.8904735202397885,0.03952612123957691,0.08905052093143324,0.8364669820046783,0.07448249706388843,0.06,0.84,0.1,0.1937689334154129,0.7294559478759766,0.07677502930164337
2026-08-04,0.0030850006733089685,0.9948779344558716,0.002037030877545476,0.03694277487048307,0.9567820234367367,0.006275201692780135,0.026506040538950025,0.9637399646953594,0.009753994765690615,0.1,0.9,0.0,0.19371046125888824,0.7199416756629944,0.08634781837463379
2026-08-05,0.009201214648783207,0.9839684963226318,0.006830254103988409,0.08412986794525999,0.9029717163929902,0.012898415661749778,0.03834823263157103,0.934196111485778,0.027455655882651007,0.06,0.92,0.02,0.1870095580816269,0.7197230458259583,0.09326736629009247
2026-08-06,0.006640322040766478,0.9888283014297485,0.004531440325081348,0.05777320966193375,0.9294931207224565,0.01273366961560971,0.024509502861204686,0.9569148184180762,0.018575678720719014,0.0,1.0,0.0,0.21744538843631744,0.6812723278999329,0.1012822687625885
2026-08-07,0.013783888891339302,0.9785051345825195,0.007711040787398815,0.12620802461745959,0.8679003308155628,0.005891644566977508,0.09310437482152915,0.8922709563526179,0.014624668825852916,0.1,0.84,0.06,0.18030782043933868,0.7301178574562073,0.08957426995038986
2026-08-10,0.9321070909500122,0.06130697578191757,0.006585913710296154,0.8032538376681732,0.18985573031838773,0.006890432013439232,0.7037532484410064,0.2736813076790354,0.022565443879958118,0.76,0.2,0.04,0.24398064613342285,0.6415433883666992,0.11447596549987793
2026-08-11,0.9788176417350769,0.020096324384212494,0.0010860504116863012,0.899215772370743,0.09347144515501155,0.007312782474245419,0.904364765726159,0.0777797853279425,0.017855448945898314,0.82,0.16,0.02,0.28634193539619446,0.5991814732551575,0.11447661370038986
2026-08-12,0.977489173412323,0.021362705156207085,0.0011481089750304818,0.9239040757912019,0.07004788676185124,0.006048037446946947,0.9375236710505941,0.05129684094718581,0.011179488002220038,0.9,0.08,0.02,0.2872653901576996,0.587483823299408,0.12525083124637604
2026-08-13,0.9828556180000305,0.013223724439740181,0.003920618444681168,0.9239575619979781,0.06233370367359116,0.013708734328430627,0.9210574035390315,0.06181818865905171,0.017124407801916843,0.96,0.04,0.0,0.2256614863872528,0.656128466129303,0.11821004748344421
2026-08-14,0.9659156203269958,0.02643263153731823,0.007651783991605043,0.8904813857450731,0.08711838114709566,0.02240023310783114,0.8939847003203344,0.08779037206579116,0.018224927613874297,0.88,0.04,0.08,0.24596425890922546,0.6122052073478699,0.1418304443359375
2026-08-17,0.011432725936174393,0.9869579672813416,0.0016093308804556727,0.033518910069627914,0.953152082772982,0.013329007157390145,0.052558848016153084,0.9335656352692604,0.01387551671458661,0.14,0.76,0.1,0.2556007206439972,0.5782098770141602,0.16618941724300385
2026-08-18,0.002754242392256856,0.9837056398391724,0.013540091924369335,0.010929854802814363,0.9514674288599272,0.0376027163372586,0.02211091773822687,0.93492011833943,0.04296896392234329,0.04,0.8,0.16,0.27408677339553833,0.5399382710456848,0.1859750747680664
2026-08-19,0.0036437553353607655,0.983548104763031,0.012808142229914665,0.006279875328941872,0.9348427004318957,0.05887742423916244,0.02326908285651911,0.9332636486243626,0.04346726851911828,0.02,0.86,0.12,0.2627734839916229,0.5732579231262207,0.1639685481786728
2026-08-20,0.014488276094198227,0.9767861366271973,0.00872565247118473,0.07586194396727394,0.8739915354144822,0.05014652061824397,0.17799636992107817,0.7585463997220498,0.06345723035687198,0.1,0.82,0.08,0.2860144078731537,0.5516100525856018,0.16237547993659973
2026-08-21,0.0044267745688557625,0.06495197117328644,0.9306212663650513,0.022429043428161488,0.1790565277852887,0.7985144287865498,0.029436969853202634,0.28432360527777983,0.6862394248690176,0.0,0.18,0.82,0.26818615198135376,0.5416268706321716,0.190187007188797
2026-08-24,0.0034202351234853268,0.9314362406730652,0.06514350324869156,0.03633843622170576,0.7703114867625375,0.19335007701575666,0.03838988547974443,0.6050800199849398,0.35653009453531564,0.0,0.8,0.2,0.23364977538585663,0.5840581655502319,0.1822921186685562
2026-08-25,0.0032380782067775726,0.03357020393013954,0.9631916880607605,0.0355058865526323,0.09236315730378217,0.8721309561435855,0.04468870363162839,0.17395754293315605,0.7813537534352155,0.1,0.18,0.72,0.21152007579803467,0.6184630990028381,0.17001689970493317
2026-08-26,0.0067080119624733925,0.027986004948616028,0.9653059244155884,0.025548675904709873,0.050317818879205056,0.9241335052160851,0.06539776102202925,0.12367117000017176,0.810931068977799,0.18,0.16,0.66,0.3180446922779083,0.5012801885604858,0.18067510426044464
2026-08-27,0.002913598669692874,0.015434270724654198,0.9816521406173706,0.015104035113041987,0.05754061274668466,0.9273553521402733,0.06749970386044583,0.09487953700466786,0.8376207591348863,0.1,0.1,0.8,0.24337677657604218,0.5434571504592896,0.2131660133600235
2026-08-28,0.04261590912938118,0.9258493185043335,0.031534790992736816,0.12591130324998642,0.7485504360162049,0.12553826073380886,0.20325451937747296,0.6925637595825274,0.1041817210399998,0.1,0.84,0.06,0.23143580555915833,0.6069262623786926,0.16163790225982666
2026-08-31,0.9048300385475159,0.08897871524095535,0.00619123550131917,0.6931704374480936,0.27988876095169035,0.026940801600216138,0.559542891027032,0.40455922918957826,0.03589787978338973,0.58,0.34,0.08,0.25454872846603394,0.5664910078048706,0.17896024882793427
2026-09-01,0.9690625071525574,0.030317379161715508,0.0006200952338986099,0.833503723858899,0.1558163954064356,0.01067988073466539,0.9164818641681751,0.07865511609362415,0.004863019738200747,0.84,0.16,0.0,0.30299365520477295,0.5408745408058167,0.15613184869289398
2026-09-02,0.972582221031189,0.024778207764029503,0.002639582846313715,0.7773199444521302,0.18507271028730807,0.03760734526056174,0.8130203340880598,0.13727715654227857,0.04970250936966153,0.76,0.2,0.04,0.24894294142723083,0.5523451566696167,0.19871202111244202
2026-09-03,0.9867067933082581,0.007553480099886656,0.005739735439419746,0.9474104160911074,0.0387406543535563,0.013848929555336065,0.9403343848433865,0.027865453605444478,0.031800161551169055,0.78,0.14,0.08,0.3120504915714264,0.5102406740188599,0.17770881950855255
2026-09-04,0.9475186467170715,0.046461038291454315,0.006020353641360998,0.8398204986171462,0.1291515703906731,0.031027930992180625,0.7588693762655132,0.20186277287643395,0.0392678508580529,0.74,0.16,0.1,0.31588131189346313,0.5046952366828918,0.17942345142364502
2026-09-07,0.02646956779062748,0.9706171154975891,0.002913289936259389,0.10209020945964307,0.8875895682897061,0.010320222250650709,0.10369008042088472,0.8772306524546503,0.0190792671244649,0.18,0.82,0.0,0.33239275217056274,0.4849110543727875,0.18269625306129456
2026-09-08,0.0031001735478639603,0.9949629306793213,0.001936955377459526,0.013653571316618724,0.977093991419144,0.009252437264237325,0.030602381521843885,0.9539142991642023,0.015483319313953685,0.1,0.88,0.02,0.3246302306652069,0.48497283458709717,0.1903969645500183
2026-09-09,0.008902481757104397,0.9865715503692627,0.004525997210294008,0.04800278141514297,0.9339903219055683,0.018006896679288738,0.06292633249561287,0.8521500826054653,0.08492358489892192,0.2,0.76,0.04,0.3293556272983551,0.4710005819797516,0.1996437907218933
2026-09-10,0.013140596449375153,0.9800243973731995,0.006835020612925291,0.0892160057189152,0.8980283923326409,0.012755601948443811,0.022832369133841873,0.9476415379621955,0.029526092903962683,0.02,0.88,0.1,0.3197478652000427,0.4817653298377991,0.1984868198633194
2026-09-11,0.006264186929911375,0.985939621925354,0.007796204183250666,0.048358461614523555,0.9279329467248985,0.023708591660577878,0.013090263736494447,0.9445805587993268,0.04232917746417879,0.08,0.78,0.14,0.2964708209037781,0.46986567974090576,0.23366354405879974
