Date,0,1,2,3,4,5,6,7,8,9,10,11,12,13,14
2024-12-12,0.9468138813972473,0.042011383920907974,0.011174763552844524,0.7906360138262725,0.14195339437999138,0.06741059179373608,0.7374234861685386,0.18527584695013719,0.07730066688132432,0.74,0.16,0.1,0.2672281861305237,0.5300679802894592,0.20270386338233948
2024-12-13,0.9783715009689331,0.013765377923846245,0.007863099686801434,0.8597122738558298,0.07934516033820703,0.06094256580596332,0.8574285730095578,0.09828438661255524,0.044287040377886965,0.88,0.12,0.0,0.3115431070327759,0.473690927028656,0.21476596593856812
2024-12-16,0.9663494229316711,0.0283376332372427,0.005312958266586065,0.9088092865660208,0.0663556624790625,0.024835050954916796,0.8500040193221192,0.07946098107450618,0.07053499960337455,0.84,0.12,0.04,0.26317206025123596,0.48751500248908997,0.2493128925561905
2024-12-17,0.9630300402641296,0.025296306237578392,0.01167368609458208,0.8659916847490634,0.08810147823754157,0.04590683701339512,0.7903621593846698,0.141253782743805,0.06838405787152507,0.86,0.12,0.02,0.24298588931560516,0.43200966715812683,0.3250044882297516
2024-12-18,0.9819546937942505,0.005705093499273062,0.012340255081653595,0.9313348998580299,0.02233774481836461,0.046327355323605504,0.9086531678452432,0.031537405357169784,0.05980942679758705,0.88,0.1,0.02,0.26273494958877563,0.3357653021812439,0.40149977803230286
2024-12-19,0.9800782203674316,0.004085168242454529,0.0158365648239851,0.8861191260000671,0.03482689920010616,0.07905397479982665,0.853720302344805,0.04696719465143467,0.09931250300376028,0.82,0.1,0.08,0.24501381814479828,0.3345474302768707,0.4204387366771698
2024-12-20,0.9459851980209351,0.02347668819129467,0.030538098886609077,0.845985878896281,0.07996491383265329,0.0740492072710659,0.7333695139407312,0.0813870716172434,0.18524341444202538,0.72,0.12,0.16,0.19820120930671692,0.35437262058258057,0.4474262297153473
2024-12-23,0.9652987122535706,0.027845457196235657,0.006855853367596865,0.8745480512779036,0.09220776601971079,0.033244182702385536,0.7147463027854956,0.17830020808978797,0.10695348912471646,0.76,0.22,0.02,0.2434530258178711,0.3438681960105896,0.41267871856689453
2024-12-24,0.021918056532740593,0.9670201539993286,0.011061730794608593,0.06879294565022603,0.8958032046310145,0.03540384971875952,0.23200053980670224,0.7151346650777013,0.05286479511559653,0.24,0.68,0.08,0.25643521547317505,0.3610582649707794,0.3825065791606903
2024-12-26,0.016523389145731926,0.9688518643379211,0.014624734409153461,0.04808835411184644,0.9286556575964117,0.02325598829174195,0.10967314604361457,0.8595616739055681,0.030765180050817287,0.18,0.74,0.08,0.2038445770740509,0.4450627267360687,0.35109272599220276
2024-12-27,0.9395350813865662,0.05586297810077667,0.004601943772286177,0.7760633787602302,0.2059896936277796,0.017946927611990134,0.6793677182413113,0.28571636015547847,0.0349159216032102,0.68,0.26,0.06,0.22835759818553925,0.4029998183250427,0.36864256858825684
2024-12-30,0.020720435306429863,0.9699380397796631,0.009341582655906677,0.13982312472007272,0.8322670924355606,0.02790978284436666,0.1555792049067897,0.7221909629766733,0.12222983211653696,0.2,0.78,0.02,0.23462273180484772,0.357532799243927,0.40784451365470886
2024-12-31,0.032467253506183624,0.9544934034347534,0.01303936168551445,0.09928435102636393,0.8587457902630807,0.041969858710555315,0.0812883509958664,0.8268697001953498,0.09184194880878395,0.18,0.68,0.14,0.22801318764686584,0.3624924123287201,0.4094943404197693
2025-01-02,0.9751474261283875,0.013729151338338852,0.011123402044177055,0.8857346579164347,0.07613721728493883,0.03812812479862655,0.7501899810314556,0.1512344112616117,0.09857560770693277,0.76,0.14,0.1,0.24799533188343048,0.3483821451663971,0.40362247824668884
2025-01-03,0.9862363934516907,0.006506903562694788,0.007256709039211273,0.9170808279593798,0.058889303899430076,0.024029868141190024,0.8685582379902013,0.06688313502305478,0.06455862698674389,0.76,0.14,0.1,0.2562638223171234,0.3512914180755615,0.3924447298049927
2025-01-06,0.9392311573028564,0.047010041773319244,0.0137588270008564,0.7339426911205356,0.19003658160998485,0.0760207272694796,0.8120324917027767,0.059378325748915696,0.12858918254830762,0.7,0.18,0.12,0.2083960622549057,0.34643998742103577,0.44516390562057495
2025-01-07,0.9725979566574097,0.0164729543030262,0.010929113253951073,0.8999073598454396,0.060624325933731786,0.039468314220828714,0.8892108208413578,0.03967733526692246,0.07111184389171976,0.76,0.08,0.16,0.250101238489151,0.32456550002098083,0.42533326148986816
2025-01-08,0.9464513063430786,0.04499382525682449,0.008554858155548573,0.8790287341189268,0.07225785351913563,0.048713412361937686,0.765255024896126,0.15628774456754133,0.07845723053633269,0.66,0.22,0.12,0.2254515439271927,0.33129972219467163,0.4432487189769745
2025-01-09,0.05997573211789131,0.8837011456489563,0.056323133409023285,0.17017416657816123,0.5128449262933468,0.3169809071284919,0.24017893654909517,0.5590391673518832,0.20078189609902158,0.16,0.64,0.2,0.20316459238529205,0.3329835534095764,0.46385180950164795
2025-01-10,0.03868415951728821,0.058229003101587296,0.90308678150177,0.16243316942459,0.19958353983332347,0.6379832907420865,0.2834785780440767,0.18814061115962086,0.5283808107963025,0.18,0.1,0.72,0.22306792438030243,0.2963143587112427,0.4806176424026489
2025-01-13,0.0074989888817071915,0.0090479189530015,0.983453094959259,0.02898713645287634,0.07473706906836887,0.8962757944787547,0.05199399359276352,0.016829406254948307,0.9311766001522881,0.06,0.04,0.9,0.2198449820280075,0.2542305886745453,0.5259245038032532
2025-01-14,0.006640489678829908,0.0029730808455497026,0.9903864860534668,0.04261910579112156,0.06966573217335477,0.8877151620355237,0.046402003517999925,0.026067747710867135,0.9275302487711329,0.08,0.06,0.86,0.22423745691776276,0.27860644459724426,0.4971560835838318
2025-01-15,0.008149117231369019,0.03528736159205437,0.9565635323524475,0.049771652998540125,0.18900906327769373,0.7612192837237662,0.09338531765988727,0.19144634583251724,0.7151683365075956,0.04,0.18,0.78,0.2116004377603531,0.3492015302181244,0.4391980469226837
2025-01-16,0.00887327827513218,0.9692821502685547,0.021844547241926193,0.04923230776384087,0.8578705934466664,0.09289709878949272,0.041096833135033,0.85975431076478,0.09914885610018691,0.04,0.78,0.18,0.21269665658473969,0.3712555468082428,0.41604775190353394
2025-01-17,0.0339377336204052,0.9360305070877075,0.03003176674246788,0.10207422865619495,0.7659984453226406,0.13192732602116444,0.19244458160814806,0.6944803711005851,0.11307504729126677,0.04,0.88,0.08,0.17988918721675873,0.45009684562683105,0.370013952255249
2025-01-20,0.9609342217445374,0.035052452236413956,0.004013348370790482,0.875384031350254,0.11004684801761269,0.014569120632133135,0.8303293158417097,0.11881240173136194,0.050858282426928504,0.82,0.18,0.0,0.20586927235126495,0.49377331137657166,0.30035749077796936
2025-01-21,0.9588643908500671,0.03509097173810005,0.006044567096978426,0.8453961722361759,0.12958839102962105,0.025015436734202926,0.7699110144640908,0.21705869936650746,0.013030286169401707,0.7,0.26,0.04,0.1709890365600586,0.4749400019645691,0.3540709316730499
2025-01-22,0.03863104060292244,0.958609402179718,0.0027595169376581907,0.16381985311390096,0.8172128603966027,0.01896728648949639,0.08468472848956596,0.8988750731470728,0.01644019836336135,0.12,0.86,0.02,0.15751732885837555,0.5120488405227661,0.33043384552001953
2025-01-23,0.9360348582267761,0.0588216669857502,0.005143394693732262,0.699341434320526,0.2751618534718071,0.025496712207667114,0.7096954452552513,0.22743483545105134,0.0628697192936974,0.66,0.26,0.08,0.16177421808242798,0.498049259185791,0.34017643332481384
2025-01-24,0.01618526503443718,0.9667217135429382,0.017093025147914886,0.033843103757350806,0.9297474922269789,0.036409404015670284,0.1349269545171379,0.7277508715010028,0.1373221739818593,0.08,0.76,0.16,0.17009764909744263,0.46978190541267395,0.3601204752922058
2025-01-27,0.004725934937596321,0.9910611510276794,0.0042129456996917725,0.02024728528249637,0.9314552125370665,0.048297502180437095,0.03287527197610789,0.9003412967596343,0.06678343126425787,0.04,0.9,0.06,0.14813122153282166,0.4021585285663605,0.4497101902961731
2025-01-28,0.00498337484896183,0.965411901473999,0.029604706913232803,0.01437601518482604,0.8314074595266485,0.1542165252885254,0.020721606872038927,0.897477494853174,0.08180089827478718,0.0,0.86,0.14,0.16228894889354706,0.39203590154647827,0.4456751346588135
2025-01-29,0.008718334138393402,0.9712944626808167,0.019987216219305992,0.012544923761303384,0.9084421889585333,0.07901288728016323,0.027020602490630295,0.9162916822545601,0.05668771525480951,0.0,0.94,0.06,0.17949576675891876,0.3967093825340271,0.42379480600357056
2025-01-30,0.0041387733072042465,0.9758893251419067,0.019971881061792374,0.019603352642090354,0.9135568261201141,0.06683982123779536,0.025265900383824563,0.8889194837241045,0.08581461589207103,0.0,0.88,0.12,0.16174276173114777,0.43069690465927124,0.4075603187084198
2025-01-31,0.0010672548087313771,0.039969343692064285,0.9589633941650391,0.01050950758765069,0.1665709537031343,0.822919538709215,0.026989653524271007,0.2400014416147735,0.7330089048609554,0.02,0.4,0.58,0.17671538889408112,0.4442077875137329,0.37907689809799194
2025-02-03,0.007390500977635384,0.0428558886051178,0.9497536420822144,0.018709262270602336,0.25464845607952,0.7266422816498777,0.10698841716915794,0.21898308767666522,0.6740284951541768,0.0,0.28,0.72,0.19593800604343414,0.3990972638130188,0.4049646854400635
2025-02-04,0.013706726022064686,0.9775187969207764,0.008774476125836372,0.03944165795548913,0.9033437531260452,0.05721458891846566,0.05224169658756623,0.8581815270932308,0.08957677631920286,0.02,0.94,0.04,0.19493623077869415,0.44344404339790344,0.3616197407245636
2025-02-05,0.016667122021317482,0.9769022464752197,0.006430554203689098,0.04161145407891813,0.9134950394599836,0.04489350646109838,0.024312357283085353,0.9117596782427494,0.06392796447416528,0.02,0.92,0.06,0.16378332674503326,0.483620822429657,0.35259589552879333
2025-02-06,0.006958396174013615,0.9801884889602661,0.012853075750172138,0.007647388350444159,0.9314077266642463,0.060944884985309554,0.03969461149932992,0.7801235149749406,0.1801818735257295,0.04,0.9,0.06,0.16469889879226685,0.45852261781692505,0.3767784833908081
2025-02-07,0.9020731449127197,0.08713652193546295,0.010790374130010605,0.5914448938912198,0.3073319283013202,0.10122317780745997,0.4625065845342088,0.38418443524854623,0.15330898021724493,0.62,0.28,0.1,0.1725059151649475,0.4634144604206085,0.36407962441444397
2025-02-10,0.030176963657140732,0.965724766254425,0.004098278935998678,0.09052974154883672,0.8713477383825612,0.03812252006860222,0.0938913605868407,0.8256511508801945,0.08045748853296475,0.08,0.84,0.08,0.1679529845714569,0.4983934760093689,0.3336535096168518
2025-02-11,0.02279137633740902,0.9521926641464233,0.025016000494360924,0.029276977748615523,0.8549608433063185,0.11576217894506612,0.039087842257132785,0.7599019984991661,0.20101015924370108,0.04,0.78,0.18,0.19258320331573486,0.4280312657356262,0.37938547134399414
2025-02-12,0.009719518944621086,0.9541075229644775,0.03617290034890175,0.06618127719863359,0.8215972822571919,0.11222144054417454,0.04661955455411894,0.7595498146568808,0.1938306307890004,0.06,0.8,0.14,0.25633880496025085,0.3414158821105957,0.40224534273147583
2025-02-13,0.004606486298143864,0.05964446812868118,0.9357489943504333,0.025958951868591398,0.16381777425204838,0.8102232738793602,0.023225093432782666,0.42192743952560025,0.5548474670416171,0.02,0.38,0.6,0.23760095238685608,0.3788681924343109,0.38353079557418823
2025-02-14,0.0017176776891574264,0.02417941950261593,0.9741029143333435,0.00735477654347567,0.06659860707066272,0.9260466163858616,0.023599696450693167,0.07928833671019513,0.8971119668391118,0.04,0.18,0.78,0.1774856448173523,0.42308321595191956,0.39943116903305054
2025-02-17,0.0018652447033673525,0.03409826010465622,0.9640365242958069,0.006219288884886,0.03569919176520031,0.9580815193499138,0.019009812522904516,0.05224625776082294,0.9287439297162725,0.02,0.12,0.86,0.20447148382663727,0.42183351516723633,0.3736950159072876
2025-02-18,0.02385731041431427,0.9212732911109924,0.054869379848241806,0.11073104861266836,0.679539611256608,0.20972934013072356,0.0627369834918704,0.7037165871285824,0.23354642937954723,0.06,0.74,0.2,0.2227773666381836,0.41240236163139343,0.364820271730423
2025-02-19,0.008875338360667229,0.9771032333374023,0.014021466486155987,0.018203838860906048,0.9070007472270106,0.07479541391208325,0.04389275779867703,0.8389271399515555,0.1171801022497673,0.08,0.84,0.08,0.18714630603790283,0.47854265570640564,0.33431094884872437
2025-02-20,0.959976077079773,0.033404216170310974,0.0066196508705616,0.7769841608854755,0.16635726742273635,0.05665857169178821,0.6884578896631779,0.24348322881280557,0.06805888152401654,0.72,0.22,0.06,0.19054369628429413,0.4889376759529114,0.3205186724662781
2025-02-21,0.9370723366737366,0.05160527676343918,0.01132236234843731,0.7787486047301415,0.1904338249527718,0.030817570317086755,0.7680027883640917,0.19266030754115507,0.03933690409475319,0.68,0.18,0.14,0.23597855865955353,0.4374929666519165,0.32652848958969116
2025-02-24,0.05359353497624397,0.938275933265686,0.008130554109811783,0.2505535431318214,0.7170421640969026,0.03240429277127609,0.34186258532013053,0.6148176847248494,0.04331972995502001,0.16,0.78,0.06,0.2134067416191101,0.42454665899276733,0.36204659938812256
2025-02-25,0.009886895306408405,0.014271045103669167,0.9758421182632446,0.01880115915726973,0.15284799324099532,0.8283508476017349,0.024715955411328074,0.1539855599599106,0.8212984846287614,0.14,0.14,0.72,0.16201496124267578,0.43939948081970215,0.3985855281352997
2025-02-27,0.005955156404525042,0.007985658943653107,0.9860592484474182,0.00999329097261352,0.04769643277624352,0.9423102762511429,0.015895681444269588,0.09645763235162583,0.8876466862041046,0.02,0.08,0.9,0.1629064530134201,0.43243908882141113,0.40465447306632996
2025-02-28,0.001394718885421753,0.024242006242275238,0.9743632674217224,0.011559829680722956,0.06513894982678005,0.9233012204924971,0.007284560873800657,0.11277007918523077,0.8799453599409685,0.02,0.24,0.74,0.1303243637084961,0.4593016803264618,0.4103739559650421
2025-03-03,0.002872967394068837,0.007459329906851053,0.9896677732467651,0.010516355542969246,0.027530244194950128,0.9619534002620806,0.00879415756528786,0.04187479803853275,0.9493310443961794,0.06,0.12,0.82,0.11856427043676376,0.49911293387413025,0.3823227882385254
2025-03-04,0.0037262337282299995,0.016892259940505028,0.9793815016746521,0.031372690567642865,0.04894820154303201,0.919679107889325,0.029897937629654335,0.05854967240398271,0.911552389966363,0.02,0.08,0.9,0.16397877037525177,0.4647141993045807,0.3713070750236511
2025-03-05,0.006090405397117138,0.9727411270141602,0.021168436855077744,0.01943788770940371,0.7966506241949427,0.18391148809565352,0.08662188426451428,0.7950392462147533,0.11833886952073244,0.02,0.88,0.1,0.24694348871707916,0.43081343173980713,0.32224300503730774
2025-03-06,0.014516962692141533,0.968481719493866,0.01700127311050892,0.016214575157814326,0.927248104871477,0.05653731997070875,0.04713107815400254,0.8834430715992847,0.06942585024671291,0.02,0.9,0.08,0.2585420608520508,0.4110662341117859,0.3303917348384857
2025-03-07,0.014130871742963791,0.950960636138916,0.0349084846675396,0.07338324210914522,0.7588277110228069,0.16778904686804788,0.061831511040451814,0.8178814976269149,0.12028699133263326,0.02,0.86,0.12,0.2963583469390869,0.4047386944293976,0.2989029884338379
2025-03-10,0.012912213802337646,0.03727847710251808,0.9498093724250793,0.033723828084189916,0.14060190057033306,0.8256742713454769,0.01615572311781115,0.14651104111285645,0.8373332357693325,0.06,0.18,0.76,0.29175734519958496,0.38863688707351685,0.3196057975292206
2025-03-11,0.008755271323025227,0.027104705572128296,0.964139997959137,0.06556369837133853,0.12654479735456606,0.8078915042740954,0.051966417539461573,0.07036329661232872,0.8776702858482096,0.08,0.1,0.82,0.30047351121902466,0.43300995230674744,0.2665165364742279
2025-03-12,0.03276526555418968,0.01518699899315834,0.9520477652549744,0.09446397273072922,0.07600080344391434,0.8295352238253564,0.15245556820212489,0.09136386352503392,0.7561805682728413,0.12,0.1,0.78,0.296375572681427,0.4277033507823944,0.275921106338501
2025-03-13,0.023826051503419876,0.008945325389504433,0.9672285914421082,0.09874073512072591,0.045391981711999076,0.855867283167275,0.10319882290655574,0.059202890059902286,0.837598287033542,0.08,0.04,0.88,0.2261779010295868,0.4544124901294708,0.3194096088409424
2025-03-17,0.01923837698996067,0.03666546940803528,0.9440962076187134,0.07885498884546523,0.11545157865697604,0.8056934324975586,0.16148727452864223,0.26136306306182505,0.5771496624095327,0.2,0.12,0.68,0.2340603768825531,0.48692259192466736,0.27901697158813477
2025-03-18,0.008259773254394531,0.9824095964431763,0.00933066476136446,0.060223533439411496,0.8765276673831922,0.0632487991773961,0.05354713289145879,0.8444556256890502,0.10199724141949087,0.1,0.78,0.12,0.2209189534187317,0.5206678509712219,0.2584132254123688
2025-03-19,0.0022971336729824543,0.9953725934028625,0.0023302361369132996,0.01252955671321052,0.9729747909216258,0.014495652365163664,0.03616023082724377,0.8814589594194193,0.08238080975333674,0.0,0.98,0.02,0.20187897980213165,0.5530590415000916,0.2450619637966156
2025-03-20,0.0028918052557855844,0.988021194934845,0.009086976759135723,0.010896392065383684,0.9473003342510755,0.04180327368354068,0.04914862387894395,0.9093121146445091,0.04153926147654691,0.06,0.92,0.02,0.22250758111476898,0.5481153130531311,0.2293771654367447
2025-03-21,0.005600394681096077,0.9921699166297913,0.002229744801297784,0.03288297691422936,0.9421352985936827,0.024981724492087812,0.05500407871435785,0.8898634837048602,0.05513243758078195,0.02,0.98,0.0,0.21675094962120056,0.5621034502983093,0.22114557027816772
2025-03-24,0.9288081526756287,0.06678882241249084,0.004403040278702974,0.6361308202279358,0.2820373019596657,0.08183187781239855,0.585826243431072,0.3340535686369223,0.08012018793200562,0.66,0.26,0.08,0.22283878922462463,0.5679308772087097,0.20923030376434326
2025-03-25,0.03158380836248398,0.9542272686958313,0.014188949950039387,0.10988124162587933,0.8223694682046,0.06774929016952061,0.054655288454228464,0.8827644535247826,0.06258025802098896,0.06,0.78,0.16,0.20896726846694946,0.5430356860160828,0.24799703061580658
2025-03-26,0.020406365394592285,0.9499358534812927,0.029657777398824692,0.08051930219693869,0.7867679657860354,0.13271273201702594,0.23999561955654317,0.5558135202762379,0.20419086016721902,0.04,0.84,0.12,0.24368292093276978,0.46671539545059204,0.28960171341896057
2025-03-27,0.9630200862884521,0.027605002745985985,0.00937491562217474,0.8970384689811812,0.05633484333470855,0.04662668768411013,0.7787523742715433,0.10855036988106737,0.1126972558473893,0.78,0.14,0.08,0.22533245384693146,0.5201718211174011,0.254495769739151
2025-03-28,0.9804748892784119,0.010259014554321766,0.009266117587685585,0.9365871788685307,0.03324767474891119,0.030165146382558065,0.9110576312661222,0.04317481777090484,0.04576755096297285,0.78,0.16,0.06,0.2310750037431717,0.47659599781036377,0.29232901334762573
2025-04-01,0.9795598983764648,0.009986484423279762,0.010453680530190468,0.9130063899519688,0.048727131667194716,0.03826647838083645,0.9309145194035743,0.03437382641628305,0.034711654180142854,0.82,0.08,0.1,0.18038569390773773,0.5170676708221436,0.3025466203689575
2025-04-02,0.9589357376098633,0.034875527024269104,0.006188744679093361,0.8530533380284068,0.0890061622645105,0.057940499707082885,0.6932360143773139,0.16644884855691247,0.14031513706577364,0.74,0.12,0.14,0.17221206426620483,0.5680204629898071,0.25976747274398804
2025-04-03,0.9640432596206665,0.013446657918393612,0.02251013182103634,0.7964104755245196,0.09015589178190479,0.1134336326935756,0.6791173511521471,0.13403060720590473,0.18685204164194827,0.74,0.1,0.16,0.1568312644958496,0.5005760192871094,0.34259268641471863
2025-04-04,0.004617857746779919,0.9808690547943115,0.014513124711811543,0.026820946711519925,0.831557751223244,0.141621302065236,0.061706196480811874,0.787682881323425,0.150610922195763,0.18,0.76,0.06,0.13981831073760986,0.3793277144432068,0.4808539152145386
2025-04-07,0.02016264945268631,0.016216052696108818,0.9636213183403015,0.06295973359000978,0.1965770641097621,0.7404632023002282,0.023536278785275658,0.0730748120440819,0.9033889091706424,0.02,0.1,0.88,0.1412309855222702,0.27101370692253113,0.5877553224563599
2025-04-08,0.0034326694440096617,0.003520192578434944,0.9930471777915955,0.007969291819169574,0.01909961561256514,0.9729310925682653,0.012724719698510405,0.01627261712785459,0.9710026631736349,0.02,0.04,0.94,0.15310107171535492,0.25607430934906006,0.5908246040344238
2025-04-09,0.0014396123588085175,0.0015040455618873239,0.9970563650131226,0.005751748599641655,0.015335057528843517,0.9789131938715149,0.012352776702264218,0.014006029695988272,0.9736411936017474,0.02,0.04,0.94,0.15788699686527252,0.2573802173137665,0.5847328305244446
2025-04-11,0.004614884965121746,0.010893108323216438,0.9844919443130493,0.012518618700578044,0.03615842285688955,0.9513229584425325,0.03294188570706838,0.05182132019272879,0.9152367941002029,0.06,0.08,0.86,0.1944582611322403,0.3539702296257019,0.45157143473625183
2025-04-15,0.01063363067805767,0.014093265868723392,0.9752731323242188,0.04513949758839904,0.11960416461284103,0.83525633779876,0.08129741681048056,0.05871945799768496,0.8599831251918344,0.08,0.24,0.68,0.19196449220180511,0.4822724163532257,0.3257630169391632
2025-04-16,0.007136775646358728,0.04263748601078987,0.9502257108688354,0.0759879651426423,0.1772522248986098,0.7467598099587479,0.05443596020832496,0.1950178041136954,0.7505462356779796,0.02,0.16,0.82,0.2754114270210266,0.3828830420970917,0.3417055606842041
2025-04-17,0.0039040478877723217,0.974199652671814,0.021896330639719963,0.023534959713611334,0.8081835925543932,0.16828144773199555,0.046124360490025974,0.8318595009422998,0.12201613856767425,0.04,0.86,0.1,0.28382065892219543,0.4181004762649536,0.29807889461517334
2025-04-21,0.0029205752070993185,0.9826719760894775,0.014407374896109104,0.05188010355976382,0.812695759900952,0.13542413653928428,0.02443045632966883,0.9147270446023262,0.06084249906800496,0.06,0.76,0.18,0.30605122447013855,0.4258260428905487,0.26812273263931274
2025-04-22,0.017642177641391754,0.9517945647239685,0.03056321293115616,0.04628020200874847,0.7941154819781245,0.15960431601312688,0.12670081319428758,0.769472727564679,0.10382645924103343,0.08,0.8,0.12,0.32633692026138306,0.38826584815979004,0.2853972613811493
2025-04-23,0.02252422831952572,0.9404722452163696,0.037003498524427414,0.03271538084888742,0.8116534823687767,0.1556311367823359,0.17966414072089984,0.7529449593268778,0.06739089995222236,0.16,0.74,0.1,0.3006386458873749,0.3956000506877899,0.3037613034248352
2025-04-24,0.917302131652832,0.07289479672908783,0.00980309583246708,0.5093851997498816,0.361574944738013,0.12903985551210534,0.680643483428013,0.1945987585308279,0.12475775804115923,0.68,0.26,0.06,0.23363594710826874,0.4878675937652588,0.27849653363227844
2025-04-25,0.015466558746993542,0.9798831343650818,0.004650364629924297,0.03963564003502849,0.9233931261412723,0.03697123382369919,0.053113750882321696,0.9291456620263354,0.017740587091342706,0.04,0.92,0.04,0.18908920884132385,0.5082685947418213,0.30264219641685486
2025-04-28,0.003898183349519968,0.9898734092712402,0.006228417623788118,0.026266004494467726,0.9288351496055129,0.04489884590001926,0.014871499086104219,0.9697281184295081,0.01540038248438771,0.0,0.96,0.04,0.14260584115982056,0.5997017621994019,0.2576923966407776
2025-04-29,0.0011744833318516612,0.9867592453956604,0.012066308408975601,0.010839702161013725,0.8968607606799631,0.09229953715902314,0.016500728703785696,0.9005923857362013,0.08290688556001295,0.08,0.84,0.08,0.12565866112709045,0.6140297651290894,0.2603115737438202
2025-04-30,0.0020273851696401834,0.9793623685836792,0.0186102744191885,0.011263819200921314,0.9239500987861843,0.06478608201289446,0.01322853026148724,0.94971622723682,0.03705524250169274,0.08,0.84,0.08,0.12412693351507187,0.6121752858161926,0.2636978030204773
2025-05-02,0.014546690508723259,0.961373507976532,0.02407975308597088,0.0867351374652143,0.8067594597460376,0.10650540278874816,0.022009986656953542,0.88657570811876,0.09141430522428655,0.04,0.94,0.02,0.16508157551288605,0.521694540977478,0.31322383880615234
2025-05-05,0.006915769074112177,0.03234172984957695,0.9607425332069397,0.049488308894720084,0.11939465172865711,0.8311170393766228,0.031772314587759524,0.1329609925818602,0.8352666928303802,0.06,0.1,0.84,0.1936226636171341,0.5178415775299072,0.2885357141494751
2025-05-06,0.0014755744487047195,0.010978209786117077,0.9875462651252747,0.007581975289308609,0.032887700566206414,0.959530324144485,0.027655968984624774,0.026346469301058544,0.9459975617143167,0.1,0.1,0.8,0.22088278830051422,0.4493548274040222,0.3297623097896576
2025-05-07,0.002326195826753974,0.021426508203148842,0.9762473106384277,0.02650738079025842,0.06831713024097597,0.9051754889687655,0.04347093300792402,0.058443686317386605,0.8980853806746893,0.08,0.16,0.76,0.204051673412323,0.4885999262332916,0.3073483109474182
2025-05-08,0.001997775863856077,0.03530321270227432,0.9626990556716919,0.014455507868883374,0.09715418125262128,0.8883903108784954,0.026760379436588756,0.07970414369065681,0.8935354768727545,0.14,0.16,0.7,0.18769800662994385,0.4808192253112793,0.3314826786518097
2025-05-09,0.0015501504531130195,0.02658059634268284,0.9718692898750305,0.011936708049422136,0.1389539158543707,0.8491093760962072,0.010727159777488747,0.15985050553180583,0.8294223346907054,0.02,0.16,0.82,0.1630506068468094,0.5482751131057739,0.2886742651462555
2025-05-12,0.005668428260833025,0.036104150116443634,0.9582273960113525,0.05186971561323562,0.2759625578628139,0.6721677265239506,0.05297454304196686,0.2694543908348671,0.6775710661231661,0.04,0.3,0.66,0.20152246952056885,0.6086899042129517,0.18978764116764069
2025-05-13,0.007270916365087032,0.0368146188557148,0.9559144377708435,0.06341674501080301,0.07306744418586159,0.8635158108033353,0.06594566661201332,0.1685954904402906,0.7654588429476961,0.02,0.24,0.74,0.20804554224014282,0.5772307515144348,0.21472370624542236
2025-05-14,0.015685206279158592,0.9620768427848816,0.022237958386540413,0.05341996198075779,0.8442305977188536,0.10234944030038863,0.13447330353455822,0.7596613125562061,0.10586538390923587,0.12,0.82,0.06,0.2542884647846222,0.5332320928573608,0.21247944235801697
2025-05-15,0.002668854082003236,0.9865514039993286,0.010779747739434242,0.020653964041494974,0.9557308070770897,0.023615228881415366,0.03829845144727667,0.9325440310418743,0.02915751751084894,0.08,0.86,0.06,0.21387283504009247,0.5911560654640198,0.19497111439704895
2025-05-16,0.01738448068499565,0.9428083300590515,0.03980715200304985,0.07723438266496374,0.7722751402369202,0.15049047709811614,0.08276208440633082,0.7849657421287156,0.13227217346495357,0.16,0.76,0.08,0.23853804171085358,0.5709710717201233,0.19049088656902313
2025-05-19,0.007347761653363705,0.97642582654953,0.01622641831636429,0.04913572876521913,0.8752352032898774,0.07562906794490352,0.0860909408547311,0.800090125946431,0.11381893319883793,0.1,0.86,0.04,0.22202637791633606,0.5842654705047607,0.19370809197425842
2025-05-20,0.015064611099660397,0.9810997843742371,0.0038356129080057144,0.05120805501536508,0.9213535058769479,0.027438439107686938,0.037374428882997045,0.9212961866292081,0.0413293844877948,0.02,0.94,0.04,0.19612638652324677,0.6288242340087891,0.17504943907260895
2025-05-21,0.002669982146471739,0.9916077852249146,0.005722288973629475,0.013154826017867625,0.9666405123515293,0.020204661630603093,0.05231653149293096,0.9059606342095887,0.04172283429748036,0.06,0.9,0.04,0.21535857021808624,0.6090898513793945,0.175551638007164
2025-05-22,0.010331113822758198,0.9774486422538757,0.012220216915011406,0.0455465529793981,0.9154520619940534,0.039001385026548374,0.04205086430255517,0.9221250343938098,0.0358241013036351,0.12,0.84,0.04,0.2435280978679657,0.5674353241920471,0.189036563038826
2025-05-23,0.034935276955366135,0.953058123588562,0.012006605044007301,0.16632462365171533,0.7336539831689494,0.10002139317933538,0.058268834839364986,0.8703872739700488,0.07134389119058625,0.18,0.7,0.12,0.23511257767677307,0.584459125995636,0.18042831122875214
2025-05-26,0.9407703280448914,0.05441679805517197,0.004812906496226788,0.8635584104307864,0.11472440738738213,0.0217171821818315,0.5867539455814303,0.3515788578955748,0.061667196522994704,0.68,0.26,0.06,0.2701152265071869,0.5419757962226868,0.18790897727012634
2025-05-27,0.009128481149673462,0.9880677461624146,0.0028038453310728073,0.02208981041523665,0.9627521615624877,0.0151580280222757,0.04917331020795182,0.9202114214840107,0.03061526830803759,0.08,0.88,0.04,0.21025551855564117,0.6008272171020508,0.18891720473766327
2025-05-28,0.005639622453600168,0.9795397520065308,0.014820612967014313,0.025454370923808832,0.9261407853352602,0.04840484374093095,0.05567492190588813,0.9129360629279899,0.031389015166121956,0.06,0.94,0.0,0.21152207255363464,0.5855687260627747,0.20290926098823547
2025-05-29,0.01032528281211853,0.9817497730255127,0.007924998179078102,0.04645735656035609,0.9230060124639424,0.03053663097570157,0.03405205376696783,0.9395237887991836,0.026424157433848676,0.04,0.9,0.06,0.15309594571590424,0.6410180330276489,0.2058860808610916
2025-05-30,0.007180941756814718,0.020946137607097626,0.971872866153717,0.03842518659876928,0.07892099668567402,0.8826538167155568,0.04416509872565633,0.2041014678039885,0.7517334334703553,0.12,0.2,0.68,0.16848742961883545,0.5687301158905029,0.2627824544906616
2025-06-02,0.0006094377022236586,0.01584165170788765,0.9835489392280579,0.007018496003508238,0.052849920694264994,0.9401315833022269,0.007309945048169932,0.04283840801033726,0.9498516469414928,0.1,0.24,0.66,0.1419774293899536,0.6209722757339478,0.23705022037029266
2025-06-03,0.0010082353837788105,0.026982739567756653,0.972009003162384,0.01953393862203669,0.1239763373853058,0.8564897239926575,0.023831231756999277,0.22627488939512932,0.7498938788478713,0.02,0.2,0.78,0.18449154496192932,0.5639890432357788,0.25151944160461426
2025-06-04,0.0010365969501435757,0.02179884724318981,0.9771645665168762,0.011659860187415728,0.11561262435667519,0.8727275154559091,0.041279388984327516,0.1267826897439083,0.8319379212717641,0.02,0.18,0.8,0.14683207869529724,0.6046383380889893,0.2485295534133911
2025-06-05,0.0350370854139328,0.9335042238235474,0.031458668410778046,0.08509130855408283,0.7813419916536055,0.1335666997923115,0.04129537537216737,0.7246198616209114,0.2340847630069213,0.06,0.8,0.14,0.1625359207391739,0.6146546602249146,0.22280935943126678
2025-06-06,0.018063612282276154,0.9783692955970764,0.0035670504439622164,0.03430400458688461,0.9556931604593808,0.010002834953734639,0.02859035949759395,0.902999184242049,0.068410456260357,0.04,0.86,0.1,0.2173323631286621,0.5960927605628967,0.1865748167037964
2025-06-09,0.025825820863246918,0.9724348187446594,0.0017393301241099834,0.13617952218421808,0.8496240788041575,0.014196399011624441,0.08174227255667647,0.885540116640522,0.03271761080280161,0.16,0.8,0.04,0.2293892651796341,0.5773733854293823,0.1932372748851776
2025-06-10,0.9195002317428589,0.07590247690677643,0.004597261548042297,0.7464496065193771,0.22561273778110183,0.027937655699520975,0.4764375475682062,0.4557126070079395,0.06784984542385422,0.78,0.2,0.02,0.22106902301311493,0.5624985098838806,0.21643251180648804
2025-06-11,0.9630604386329651,0.02228727750480175,0.01465223915874958,0.819208657496302,0.12682468365701915,0.05396665884667879,0.7836055668387127,0.13715530001170653,0.07923913314958077,0.78,0.22,0.0,0.28019315004348755,0.5080133676528931,0.21179348230361938
2025-06-12,0.9670649766921997,0.027810489758849144,0.005124530754983425,0.8463661883413667,0.10282082514488258,0.05081298651375063,0.777323584210015,0.1217766437152858,0.10089977207469919,0.68,0.2,0.12,0.23820869624614716,0.5062699317932129,0.2555214464664459
2025-06-13,0.0042283860966563225,0.9879998564720154,0.007771746721118689,0.026160978394472803,0.9312091330048136,0.04262988860071353,0.01619902723442959,0.9192792402804049,0.06452173248516567,0.04,0.94,0.02,0.24805492162704468,0.45497575402259827,0.29696938395500183
2025-06-16,0.004706075880676508,0.9618815183639526,0.033412449061870575,0.01973673230658928,0.8412745114190451,0.13898875627436558,0.02374620913658728,0.8589088115785468,0.11734497928486588,0.04,0.9,0.06,0.2197725772857666,0.5213624835014343,0.25886496901512146
2025-06-17,0.0040284120477736,0.9790793657302856,0.01689225062727928,0.014511650751123262,0.9005232624128832,0.0849650868359937,0.027912406185397746,0.9033746888425921,0.06871290497201,0.02,0.88,0.1,0.23726452887058258,0.4766702950000763,0.2860651910305023
2025-06-18,0.002070838352665305,0.9638370275497437,0.03409215062856674,0.01305380978556854,0.7852584109420409,0.20168777927239065,0.015466491699122816,0.8867420233429257,0.09779148495795127,0.0,0.86,0.14,0.20917007327079773,0.5063378810882568,0.2844921052455902
2025-06-19,0.0015757319051772356,0.03921414911746979,0.9592100977897644,0.007766302566375504,0.14546264018227317,0.8467710572513513,0.020316111624642662,0.1518976769213734,0.8277862114539839,0.0,0.18,0.82,0.19663193821907043,0.5079665780067444,0.2954014837741852
2025-06-20,0.005197542253881693,0.0240501519292593,0.9707523584365845,0.025913036856075447,0.10777521525260095,0.8663117478913236,0.07777345409000828,0.11984830362169772,0.8023782422882939,0.06,0.12,0.82,0.23572121560573578,0.48159435391426086,0.28268441557884216
2025-06-23,0.0007041507051326334,0.00999178271740675,0.9893040657043457,0.0057292225046432855,0.041517935600643215,0.9527528418947135,0.027092297450409572,0.0528906199254076,0.9200170826241828,0.02,0.1,0.88,0.1341671645641327,0.5504940152168274,0.3153388798236847
2025-06-24,0.0008284207433462143,0.03160359337925911,0.9675679206848145,0.0069390400875523495,0.15066980471233957,0.8423911552001081,0.022792755812592328,0.1353512043168038,0.8418560398706039,0.02,0.14,0.84,0.13003379106521606,0.5545957684516907,0.31537050008773804
2025-06-25,0.015783602371811867,0.03408191725611687,0.9501344561576843,0.11139828004683387,0.20887040342801996,0.6797313165251461,0.08631774275387927,0.24925450289073878,0.6644277543553819,0.14,0.18,0.68,0.14940838515758514,0.5336824655532837,0.31690916419029236
2025-06-26,0.025471150875091553,0.943239688873291,0.03128917142748833,0.08267763611719602,0.779734883044313,0.1375874808384909,0.09577049591009579,0.8650189839772475,0.03921052011265653,0.02,0.8,0.18,0.16611474752426147,0.5457866191864014,0.28809866309165955
2025-06-27,0.00682719936594367,0.981717050075531,0.011455770581960678,0.016427573282028634,0.8969910863231358,0.08658134039483566,0.08893235071910917,0.8514221628432984,0.059645486437592564,0.0,0.9,0.1,0.18239198625087738,0.5292727947235107,0.2883351147174835
2025-06-30,0.009323136880993843,0.9818693995475769,0.008807485923171043,0.03644011578620614,0.893763217903461,0.06979666631033277,0.03399328899221776,0.947078536007812,0.01892817499997018,0.0,0.9,0.1,0.21621467173099518,0.49953776597976685,0.28424757719039917
2025-07-01,0.04437854513525963,0.9453163743019104,0.010305088944733143,0.1782658588508648,0.7911413949212179,0.030592746227917345,0.16768625608092083,0.775905065799668,0.05640867811941104,0.16,0.74,0.1,0.24625442922115326,0.49797216057777405,0.2557733356952667
2025-07-02,0.9691462516784668,0.026948455721139908,0.003905284684151411,0.8717948981781398,0.08918332494664805,0.039021776875212036,0.8520032363264595,0.10316794171018497,0.04482882196335557,0.68,0.18,0.14,0.2547208070755005,0.5449943542480469,0.20028488337993622
2025-07-03,0.9722655415534973,0.023229416459798813,0.004505001939833164,0.875418368106885,0.07039122770445602,0.05419040418865897,0.8111905658314791,0.09259871850583301,0.09621071566268793,0.8,0.14,0.06,0.2655968964099884,0.5226522088050842,0.21175092458724976
2025-07-04,0.970097541809082,0.02223104052245617,0.007671392057090998,0.9103259325266608,0.05450559809553244,0.03516846937780687,0.8400641958744812,0.06342741793568676,0.09650838618983196,0.74,0.14,0.12,0.2635475993156433,0.506233274936676,0.23021911084651947
2025-07-07,0.028628427535295486,0.9463911056518555,0.02498047612607479,0.10858599311291087,0.8371035504466262,0.05431045644046295,0.11370739338054806,0.8131394329228946,0.07315317369655747,0.26,0.66,0.08,0.28304848074913025,0.49381953477859497,0.2231319695711136
2025-07-08,0.008474842645227909,0.9902691841125488,0.0012559064198285341,0.021280895300151863,0.9716064177176321,0.007112686982215979,0.04746657626089503,0.9256274075859713,0.026906016153133632,0.06,0.94,0.0,0.3003181517124176,0.5043466687202454,0.19533520936965942
2025-07-09,0.012050501070916653,0.9857315421104431,0.002217991044744849,0.0485126412810125,0.9459175885565683,0.005569770162419295,0.01247910362225594,0.9573951303244809,0.030125766053263166,0.18,0.82,0.0,0.22291482985019684,0.5719611644744873,0.20512403547763824
2025-07-10,0.011179383844137192,0.9853538274765015,0.003466750495135784,0.02984941682566686,0.9609032255594283,0.009247357614904889,0.01665287380539813,0.9242168181774401,0.059130308017161674,0.12,0.88,0.0,0.20232878625392914,0.581724226474762,0.21594692766666412
2025-07-11,0.011203658767044544,0.9840648770332336,0.004731434863060713,0.050583910314672416,0.9332829011337895,0.016133188551537975,0.03316921428486989,0.8927601263650677,0.0740706593500623,0.06,0.92,0.02,0.2090216428041458,0.5886850953102112,0.20229323208332062
2025-07-14,0.012120561674237251,0.9811309576034546,0.00674846675246954,0.048608454063763025,0.9048193915818125,0.046572154354424536,0.019316290821851153,0.9216939763134824,0.05898973286466644,0.04,0.92,0.04,0.16841340065002441,0.6066513061523438,0.22493529319763184
2025-07-15,0.0053905160166323185,0.9877474308013916,0.006862068548798561,0.02574056725523254,0.9341161761306142,0.0401432566141534,0.025958162179413224,0.8675650111555179,0.10647682666506889,0.04,0.88,0.08,0.1784636229276657,0.5765639543533325,0.2449723780155182
2025-07-16,0.007690842263400555,0.08082880824804306,0.9114803671836853,0.05413292033354754,0.2459564207075451,0.6999106589589074,0.05990237526250539,0.4333948357719777,0.506702788965517,0.02,0.38,0.6,0.19056609272956848,0.5599289536476135,0.24950498342514038
2025-07-17,0.01294032484292984,0.9620510339736938,0.02500862441956997,0.04957572160762031,0.8643205682745071,0.08610371011787271,0.03635618008205439,0.910556269143415,0.05308755077453067,0.04,0.88,0.08,0.21162384748458862,0.5549207925796509,0.2334553599357605
2025-07-18,0.021908776834607124,0.9710468649864197,0.007044286001473665,0.04376620596857661,0.9248141630660485,0.031419630965374944,0.05744220044930789,0.886340541146738,0.0562172584039541,0.16,0.8,0.04,0.1659601628780365,0.5932796001434326,0.24076023697853088
2025-07-21,0.8975765109062195,0.0983879417181015,0.004035609308630228,0.6571314602730177,0.319669152647374,0.023199387079608287,0.6278165003378493,0.3336595435097095,0.03852395615244114,0.64,0.32,0.04,0.16587962210178375,0.5916642546653748,0.2424561232328415
2025-07-22,0.006119708996266127,0.9921098351478577,0.001770512666553259,0.08255065255130867,0.8967858228687239,0.02066352457996757,0.10349192725824555,0.845111820346128,0.051396252395626535,0.1,0.88,0.02,0.1400219202041626,0.5904176235198975,0.26956045627593994
2025-07-23,0.06199627369642258,0.9318057298660278,0.006197965703904629,0.15795909962209576,0.8107673249644973,0.031273575413406994,0.19613578473400925,0.7687398055212651,0.035124409744725645,0.08,0.84,0.08,0.14620478451251984,0.6078497171401978,0.2459454983472824
2025-07-24,0.941839873790741,0.056347545236349106,0.001812525326386094,0.7870318309365345,0.18618760336279133,0.02678056570067401,0.8094640405244121,0.1393610619661655,0.051174897509422404,0.58,0.32,0.1,0.14079812169075012,0.625760018825531,0.23344182968139648
2025-07-25,0.9057604670524597,0.05669417604804039,0.037545375525951385,0.5849611867049845,0.2336947310605996,0.18134408223441587,0.5188965119953496,0.25923345085670124,0.22187003714794906,0.62,0.22,0.16,0.12818709015846252,0.5937461853027344,0.2780666947364807
2025-07-28,0.006660915445536375,0.9716886878013611,0.02165035717189312,0.012684205402860275,0.9407369027267534,0.04657889187038644,0.01619137149042075,0.880422695229516,0.10338593328006325,0.02,0.8,0.18,0.14683277904987335,0.5388463735580444,0.31432095170021057
2025-07-29,0.003503239480778575,0.9866586327552795,0.009838097728788853,0.01557717778146706,0.9482184820155644,0.036204340202968546,0.004499866475693735,0.9613139107264426,0.03418622279786383,0.02,0.88,0.1,0.15290305018424988,0.5727726817131042,0.2743242084980011
2025-07-30,0.0014797232579439878,0.9923281073570251,0.006192127242684364,0.017165364553933197,0.9400155139812573,0.04281912146480949,0.004480277869951976,0.9799328001386252,0.015586921991422876,0.02,0.9,0.08,0.15637058019638062,0.5745094418525696,0.2691199481487274
2025-07-31,0.006932185031473637,0.9799797534942627,0.013088082894682884,0.02894223323244294,0.9037490105199838,0.06730875624757329,0.03010196526667727,0.9127188184810288,0.057179216252294,0.04,0.82,0.14,0.11722834408283234,0.6030144095420837,0.2797572910785675
2025-08-01,0.004407238215208054,0.9754936099052429,0.02009921334683895,0.027630158337882463,0.8785550998899208,0.09381474177219679,0.013179381413915052,0.8870982099079164,0.09972240867816863,0.04,0.78,0.18,0.11773011833429337,0.5245172381401062,0.35775262117385864
2025-08-04,0.0010215949732810259,0.9928563833236694,0.006122033577412367,0.006116648720101968,0.9661955153186214,0.02768783596127663,0.007459623812769305,0.9604784236348788,0.032061952552351954,0.02,0.88,0.1,0.11477673053741455,0.5705435872077942,0.3146796226501465
2025-08-05,0.0023808565456420183,0.9927220940589905,0.004897087812423706,0.008676896586494388,0.9401249567682712,0.051198146645234505,0.006126005951607804,0.9123927395429713,0.08148125450542082,0.02,0.9,0.08,0.10021176934242249,0.601304829120636,0.29848340153694153
2025-08-06,0.0006687967688776553,0.9945690631866455,0.0047621834091842175,0.005057930180618997,0.9536120626423766,0.04133000717700439,0.01171006708099764,0.8429404964573183,0.14534943646168408,0.04,0.9,0.06,0.09294936805963516,0.6005269885063171,0.3065236210823059
2025-08-07,0.0011208647629246116,0.9532449245452881,0.045634202659130096,0.009893240120980256,0.8196702649364992,0.17043649494252067,0.005027911118673027,0.8322786528509224,0.16269343603040456,0.0,0.8,0.2,0.11016859859228134,0.5549485087394714,0.334882915019989
2025-08-08,0.002751722699031234,0.02913212589919567,0.9681161046028137,0.011936099721001242,0.12739284002366466,0.8606710602553341,0.045150839519912805,0.14622868441067727,0.8086204760694099,0.04,0.2,0.76,0.13484646379947662,0.5372084975242615,0.32794511318206787
2025-08-11,0.0007575111812911928,0.010167543776333332,0.9890750050544739,0.006318573563388418,0.07917577385040339,0.9145056525862083,0.002510147118304482,0.042729201751961154,0.9547606511297344,0.0,0.16,0.84,0.13428343832492828,0.5125109553337097,0.3532055914402008
2025-08-12,0.0010497623588889837,0.031173070892691612,0.9677771329879761,0.01558244608937985,0.09168762377242103,0.892729930138199,0.014031317504902016,0.12910200579071449,0.8568666767043837,0.02,0.12,0.86,0.14283974468708038,0.5036369562149048,0.35352328419685364
2025-08-13,0.0013092199806123972,0.9786076545715332,0.020083200186491013,0.016487153651853916,0.8685150387294681,0.114997807618678,0.030563987846490837,0.7261977355158424,0.24323827663766662,0.0,0.92,0.08,0.13057847321033478,0.5356606841087341,0.3337608575820923
2025-08-14,0.0013585359556600451,0.9494956731796265,0.04914581775665283,0.020515099190904693,0.697551172247577,0.2819337285615182,0.027818694951160697,0.6942542561022843,0.27792704894655496,0.0,0.72,0.28,0.14119015634059906,0.5049737095832825,0.35383614897727966
2025-08-18,0.004886486101895571,0.9875691533088684,0.007544355466961861,0.01292387134079787,0.9674933513351006,0.019582777324101523,0.023618996892154836,0.8960091803218683,0.08037182278597703,0.04,0.86,0.1,0.15350712835788727,0.5436241626739502,0.3028687536716461
2025-08-19,0.011518746614456177,0.982491672039032,0.005989614874124527,0.06870918713018713,0.8933138834402143,0.037976929429598565,0.08422198319612675,0.8631420870729472,0.052635929730926005,0.1,0.8,0.1,0.16838866472244263,0.4956400692462921,0.33597126603126526
2025-08-20,0.9449102282524109,0.043003764003515244,0.012085994705557823,0.8155051398433866,0.14368282625366033,0.04081203390295319,0.7478607367375029,0.14031619146482271,0.11182307179767441,0.76,0.14,0.1,0.2010490745306015,0.46414563059806824,0.33480530977249146
2025-08-21,0.9765001535415649,0.01837761141359806,0.005122282076627016,0.8421386893613978,0.12011034560285798,0.037750965035744155,0.7354064112109359,0.12328213080442493,0.1413114579846392,0.72,0.18,0.1,0.18340158462524414,0.4651605784893036,0.3514378070831299
2025-08-22,0.020095091313123703,0.9747911095619202,0.005113763734698296,0.08515952085306877,0.8722573441924532,0.042583134954478116,0.1037525597068876,0.8044510300759441,0.09179641021716826,0.16,0.72,0.12,0.14610248804092407,0.5253372192382812,0.32856032252311707
2025-08-25,0.012509945780038834,0.9577832818031311,0.029706770554184914,0.026379703241498815,0.8809326628888199,0.09268763386968128,0.05705385275055818,0.7915582332416733,0.15138791400776846,0.08,0.66,0.26,0.14067482948303223,0.5316294431686401,0.32769569754600525
2025-08-26,0.0024102251045405865,0.01684737578034401,0.9807424545288086,0.00631812080274679,0.08296327097555813,0.910718608221695,0.008988833653175021,0.11172112033972917,0.8792900460070958,0.0,0.06,0.94,0.1179894506931305,0.5392247438430786,0.3427858352661133
2025-08-28,0.001369546283967793,0.034365423023700714,0.964264988899231,0.009337130389453469,0.10057587603542115,0.8900869935751254,0.010628860385362916,0.13249822592161228,0.8568729136930248,0.0,0.12,0.88,0.09845564514398575,0.5639782547950745,0.3375661373138428
2025-08-29,0.0028411834500730038,0.019332708790898323,0.9778261184692383,0.006207619411709234,0.09567329022209785,0.8981190903661929,0.014507611974852442,0.1090468890114461,0.8764454990137014,0.02,0.08,0.9,0.11933380365371704,0.4947638213634491,0.38590237498283386
2025-09-01,0.0005576130351983011,0.009308976121246815,0.9901334047317505,0.004850045947117406,0.055981018383292884,0.9391689356695897,0.005527098219522265,0.10961547636764186,0.884857425412836,0.0,0.16,0.84,0.11513542383909225,0.5685156583786011,0.3163488209247589
2025-09-02,0.0018178271129727364,0.015289860777556896,0.9828922748565674,0.008995118258922961,0.0837603658126464,0.9072445159284306,0.013542456597935902,0.0910862877913877,0.8953712556106764,0.06,0.12,0.82,0.1344558149576187,0.5526167154312134,0.3129274547100067
2025-09-03,0.014446930959820747,0.959587574005127,0.025965534150600433,0.03991910785265061,0.8585100269845002,0.10157086516284924,0.06179146670541241,0.8743050774668689,0.06390345582771874,0.08,0.8,0.12,0.16191117465496063,0.5550793409347534,0.28300952911376953
2025-09-04,0.0019406989449635148,0.991958737373352,0.00610061502084136,0.012668585126684706,0.9284555492335901,0.058875865639725224,0.010841155396291578,0.9179288097580396,0.07123003484566888,0.04,0.9,0.06,0.15053518116474152,0.5421361327171326,0.3073287606239319
2025-09-05,0.001792369526810944,0.041276074945926666,0.9569315314292908,0.009336488771350909,0.1830128506430325,0.8076506605856165,0.019136220393648182,0.1826614531292677,0.798202326477084,0.06,0.34,0.6,0.13585065305233002,0.5771175026893616,0.2870318591594696
2025-09-08,0.007208659313619137,0.9612274765968323,0.03156392276287079,0.02710064148046027,0.8739848067719492,0.09891455174759052,0.01860934612731004,0.7847255346205647,0.19666511925212526,0.06,0.86,0.08,0.1346602588891983,0.5790162682533264,0.28632351756095886
2025-09-09,0.0033346388954669237,0.04274052008986473,0.953924834728241,0.02541686098446789,0.2881193231062397,0.6864638159092924,0.02897254014872774,0.23446460246258619,0.736562857388686,0.02,0.26,0.72,0.11521866172552109,0.6250269412994385,0.2597544193267822
2025-09-10,0.010777191258966923,0.9749506711959839,0.014272170141339302,0.027545333436725137,0.877860982782479,0.09459368378079595,0.037275461643099715,0.8733883583704496,0.08933617998645078,0.02,0.9,0.08,0.11849631369113922,0.6242033839225769,0.25730034708976746
2025-09-11,0.0020078150555491447,0.9748750925064087,0.02311713993549347,0.011665134230101896,0.8879267873799486,0.10040807838994946,0.02339124811175478,0.8355221062215789,0.14108664566666637,0.0,0.86,0.14,0.12536214292049408,0.6289451122283936,0.24569281935691833
2025-09-12,0.002170559484511614,0.9729794859886169,0.024849988520145416,0.00997282980232595,0.8648760775049702,0.12515109269270377,0.030285329211174127,0.842108729612409,0.12760594117641688,0.06,0.8,0.14,0.15732482075691223,0.6263852715492249,0.21628989279270172
2025-09-15,0.0017836220795288682,0.9827859997749329,0.015430370345711708,0.006676220318725634,0.9195030112953636,0.0738207683859108,0.035326656493439655,0.8451195587695974,0.119553784736963,0.04,0.84,0.12,0.16186463832855225,0.6154441237449646,0.22269128262996674
2025-09-16,0.008207843638956547,0.972058117389679,0.019734052941203117,0.008513655764867118,0.9245202178054038,0.06696612642972906,0.05968975841476103,0.8452847229367286,0.09502551864851029,0.02,0.88,0.1,0.16531652212142944,0.6345335245132446,0.20014995336532593
2025-09-17,0.010368607938289642,0.9690526127815247,0.020578723400831223,0.01865156254075419,0.9517694576775728,0.02957897978167307,0.025595122848009674,0.9529880240313232,0.021416853120667125,0.02,0.88,0.1,0.1865314394235611,0.5953959226608276,0.21807266771793365
2025-09-18,0.0049765403382480145,0.9862049221992493,0.008818457834422588,0.01006697937370921,0.9680738838345284,0.021859136791762383,0.031148244548612307,0.9490143403904865,0.019837415060901344,0.0,0.98,0.02,0.18711739778518677,0.6122316718101501,0.20065096020698547
2025-09-19,0.0034056745935231447,0.9870001673698425,0.009594134986400604,0.0057455146254915095,0.9307255452441541,0.0635289401303544,0.016284940083620605,0.9413886264723321,0.04232643344404718,0.02,0.98,0.0,0.16318410634994507,0.6238430738449097,0.21297286450862885
2025-09-22,0.0030531964730471373,0.9861241579055786,0.010822674259543419,0.00473626536851109,0.9457570823052385,0.04950665232625056,0.02148447580736223,0.9306320510676299,0.04788347312500785,0.0,0.96,0.04,0.16814035177230835,0.6108664870262146,0.22099308669567108
2025-09-23,0.00160917267203331,0.9917348623275757,0.006656011566519737,0.008936158627723855,0.9487911080842879,0.0422727332879882,0.04511045242214035,0.8863758729513235,0.06851367462653624,0.02,0.9,0.08,0.1675766557455063,0.6092131733894348,0.2232101559638977
2025-09-24,0.00145478337071836,0.9908724427223206,0.007672792766243219,0.006838995965587909,0.9286780607540889,0.06448294328032318,0.02264998420963172,0.9137696805657557,0.06358033522461258,0.02,0.88,0.1,0.15102438628673553,0.6413736939430237,0.2076019048690796
2025-09-25,0.00472745206207037,0.9760521650314331,0.019220445305109024,0.025594040171917423,0.8715443405272947,0.10286161930078795,0.041218191898638144,0.8690818546388659,0.08969995346249582,0.1,0.82,0.08,0.16643550992012024,0.6186513304710388,0.21491312980651855
2025-09-26,0.0023501289542764425,0.01624911278486252,0.981400728225708,0.020282919834422736,0.08385749609799725,0.8958595840675799,0.018435344121149895,0.03780016782281965,0.9437644880560304,0.02,0.06,0.92,0.17814140021800995,0.5545927286148071,0.26726582646369934
2025-09-29,0.0015252953162416816,0.01698627695441246,0.9814884662628174,0.007775399811832164,0.057284787147081115,0.9349398130410868,0.013197139757081438,0.0967294074708855,0.8900734527720332,0.02,0.1,0.88,0.15554624795913696,0.565112292766571,0.2793414294719696
2025-09-30,0.0011386263649910688,0.9552541375160217,0.04360729828476906,0.0037505385329276567,0.8761767532200332,0.12007270824703908,0.009263413921340093,0.7736375289672752,0.2170990571113847,0.02,0.86,0.12,0.1466723084449768,0.5840415954589844,0.2692860960960388
2025-10-01,0.0005545088206417859,0.044982925057411194,0.9544625282287598,0.004775065300242356,0.14478466796462722,0.8504402667351304,0.013741249832926891,0.13788667536430352,0.8483720748027695,0.04,0.24,0.72,0.13525886833667755,0.5814105868339539,0.2833305895328522
2025-10-03,0.0013899676268920302,0.9894776940345764,0.00913234893232584,0.008651810890771976,0.9336720465296005,0.057676142579627596,0.0164111447918168,0.926546229890707,0.057042625317476274,0.04,0.9,0.06,0.14278744161128998,0.5734270215034485,0.28378552198410034
2025-10-06,0.008432242088019848,0.9815240502357483,0.010043742135167122,0.017046120947010534,0.9335475574277674,0.04940632162522194,0.0322807315070017,0.911088532444169,0.05663073604882928,0.02,0.92,0.06,0.17840586602687836,0.5574305057525635,0.264163613319397
2025-10-07,0.008485150523483753,0.9781263470649719,0.013388475403189659,0.03432144872309578,0.9247102864233864,0.04096826485351784,0.0115039830455015,0.9623248061291705,0.026171210825328056,0.06,0.88,0.06,0.1794832944869995,0.5576373338699341,0.26287931203842163
2025-10-08,0.02059469185769558,0.9729176759719849,0.0064876205287873745,0.0427247975164037,0.9227560654161684,0.0345191370674279,0.062429291944553725,0.864033678008033,0.07353703004741324,0.0,0.92,0.08,0.19309481978416443,0.5471954345703125,0.25970974564552307
2025-10-09,0.010097337886691093,0.9865998029708862,0.003302938537672162,0.07672205597000842,0.9144664243802728,0.008811519649718876,0.039149109812364656,0.9449415253678054,0.015909364819829887,0.08,0.9,0.02,0.2207236886024475,0.562587320804596,0.21668900549411774
2025-10-10,0.003106364281848073,0.9854378700256348,0.011455724947154522,0.010686850759176829,0.9452723765887294,0.044040772652093836,0.012143952271145966,0.9607795986134205,0.027076449115433505,0.04,0.82,0.14,0.17807789146900177,0.5387616753578186,0.28316035866737366
2025-10-13,0.0012000729329884052,0.9949064254760742,0.0038935665506869555,0.0049068158563302135,0.946007272686482,0.0490859114571877,0.018628352525846856,0.9505950968408752,0.030776550633278037,0.04,0.9,0.06,0.16407552361488342,0.5539635419845581,0.28196099400520325
2025-10-14,0.0010226157028228045,0.9771478176116943,0.021829497069120407,0.00699212055938641,0.8417336823930995,0.15127419704751405,0.015083061832219389,0.908486011413204,0.07643092675457674,0.0,0.84,0.16,0.15704546868801117,0.5345425009727478,0.30841198563575745
2025-10-15,0.0011821257648989558,0.9944406151771545,0.004377285018563271,0.004018354707563239,0.9774246424271995,0.018557002865237197,0.01967956320287116,0.9587590223319387,0.021561414465190006,0.04,0.92,0.04,0.1622333824634552,0.5530356764793396,0.2847309708595276
2025-10-16,0.014315497130155563,0.9694510698318481,0.016233423724770546,0.015955883522199142,0.9364446866424655,0.04759942983533531,0.06559982149999183,0.8961486091086865,0.03825156939132166,0.02,0.88,0.1,0.16468995809555054,0.5311922430992126,0.30411776900291443
2025-10-17,0.0019595883786678314,0.007355787325650454,0.9906846284866333,0.007558349444697593,0.029181108484788807,0.9632605420705136,0.04503286064480888,0.0819396917784212,0.87302744757677,0.1,0.1,0.8,0.18002481758594513,0.5411789417266846,0.2787962257862091
2025-10-20,0.0009029645007103682,0.01660512201488018,0.9824918508529663,0.008108168620585566,0.08081717940469116,0.9110746519747233,0.03552117070857799,0.05034104430527938,0.9141377849861426,0.06,0.08,0.86,0.1694265902042389,0.5426312685012817,0.28794220089912415
2025-10-21,0.007908394560217857,0.021748056635260582,0.9703435301780701,0.03422876288846502,0.1196003471619513,0.8461708899495837,0.036486809939879794,0.07219306446211506,0.8913201255980051,0.0,0.1,0.9,0.18164730072021484,0.5395215749740601,0.2788310647010803
2025-10-23,0.006853787694126368,0.014436769299209118,0.9787094593048096,0.05554994959000194,0.0479142559374891,0.896535794472509,0.04913160008142897,0.09673407257234,0.854134327346231,0.02,0.18,0.8,0.2080860733985901,0.5510702729225159,0.24084360897541046
2025-10-24,0.017554348334670067,0.03118315525352955,0.9512624740600586,0.0924764206591327,0.08941187356221865,0.8181117057786486,0.11566530327830749,0.13401934533649076,0.7503153513852019,0.04,0.3,0.66,0.2099267691373825,0.54013592004776,0.2499372810125351
2025-10-27,0.022171810269355774,0.9687057137489319,0.009122426621615887,0.03009350840615651,0.9382192822520882,0.03168720934175519,0.0938443699742219,0.8262423200681048,0.07991330995767343,0.16,0.8,0.04,0.23725129663944244,0.5359731316566467,0.22677554190158844
2025-10-28,0.052981987595558167,0.9451214671134949,0.0018966015195474029,0.2178697631151029,0.7691363361797064,0.012993900705190513,0.19289902485022012,0.7887852489906038,0.01831572615917614,0.18,0.82,0.0,0.22428151965141296,0.5776846408843994,0.19803386926651
2025-10-29,0.9326072335243225,0.06652593612670898,0.0008667990332469344,0.8049991649625516,0.19013278566682268,0.004868049370625685,0.8018990898572477,0.17983904333213638,0.018261866810615875,0.68,0.28,0.04,0.25400570034980774,0.569217324256897,0.1767769604921341
2025-10-30,0.9677718877792358,0.030096450820565224,0.002131684450432658,0.8345468140030587,0.1459290094925397,0.019524176504401507,0.687580735965078,0.28922923644512527,0.02319002758979684,0.7,0.28,0.02,0.24232527613639832,0.5658857822418213,0.19178900122642517
2025-10-31,0.006951827090233564,0.9907269477844238,0.0023212148807942867,0.04234806481758304,0.9415574597124595,0.01609447546995731,0.05262168202138651,0.9331218510145248,0.014256466964088561,0.06,0.9,0.04,0.2337099313735962,0.576734721660614,0.1895553022623062
2025-11-03,0.023280272260308266,0.9743471741676331,0.002372507471591234,0.08921508495763475,0.8938966448800325,0.016888270162332613,0.04433383747815589,0.933792417531304,0.021873744990540175,0.04,0.96,0.0,0.23970451951026917,0.5860841870307922,0.1742113083600998
2025-11-04,0.011297531425952911,0.9833764433860779,0.005326084326952696,0.07308594596022264,0.8913141877344112,0.03559986630536608,0.039238418603729903,0.9337857221788568,0.026975859217413124,0.12,0.78,0.1,0.2740798592567444,0.5206767916679382,0.20524340867996216
2025-11-06,0.006004868540912867,0.06936676055192947,0.9246283769607544,0.06511390695648943,0.2815902455675027,0.6532958474760079,0.07723531379711357,0.31763239305167584,0.6051322931512106,0.02,0.26,0.72,0.21206463873386383,0.4737856984138489,0.3141496777534485
2025-11-07,0.012742585502564907,0.9778240919113159,0.009433354251086712,0.05323178899230152,0.893424718556645,0.0533434924510535,0.05585551700859042,0.8388387544366187,0.10530572855479094,0.06,0.84,0.1,0.22892794013023376,0.49047616124153137,0.28059589862823486
2025-11-10,0.0017313698772341013,0.9948705434799194,0.003398140659555793,0.0066821125652974595,0.9776273675260699,0.015690519908632718,0.014964900805610767,0.9749234061222167,0.01011169307217244,0.0,0.94,0.06,0.23398856818675995,0.5194082260131836,0.24660316109657288
2025-11-11,0.008302218280732632,0.9857943058013916,0.0059034693986177444,0.01912376479538821,0.9678801866246747,0.012996048579937095,0.03814101719301238,0.9249807578683313,0.03687822493865617,0.04,0.9,0.06,0.22581903636455536,0.5535387992858887,0.22064220905303955
2025-11-12,0.00142096565105021,0.9965254664421082,0.0020535069052129984,0.013748411523051394,0.9660522725271857,0.020199315949762837,0.0299591732205495,0.9476087475681491,0.022432079211301373,0.04,0.88,0.08,0.19748863577842712,0.5715871453285217,0.23092418909072876
2025-11-13,0.022885695099830627,0.9734600782394409,0.0036542401649057865,0.08468386295455446,0.9087599473835865,0.006556189661859221,0.22436312362332525,0.7665611353443442,0.00907574103233047,0.12,0.86,0.02,0.22814470529556274,0.5766210556030273,0.1952342391014099
2025-11-14,0.9296998977661133,0.06730105727910995,0.002998973475769162,0.7365906902050541,0.2314920320978663,0.031917277697079534,0.4967246580132573,0.46940438241271404,0.03387095957402851,0.74,0.22,0.04,0.22852447628974915,0.5642717480659485,0.20720379054546356
2025-11-17,0.9668368101119995,0.029122723266482353,0.004040419589728117,0.8518484172239177,0.11630257266183058,0.031849010114251744,0.6837404802851081,0.22423793373671852,0.0920215859781733,0.82,0.12,0.06,0.24454818665981293,0.5124481320381165,0.24300363659858704
2025-11-18,0.9493680000305176,0.04751264676451683,0.0031193611212074757,0.779305448919738,0.18837227521209104,0.03232227586817106,0.6494533252855254,0.32129251098338485,0.02925416373108982,0.82,0.12,0.06,0.23740729689598083,0.4770505726337433,0.2855421006679535
2025-11-19,0.019045570865273476,0.9685380458831787,0.012416341342031956,0.06352975520566354,0.8808409705901981,0.05562927420413833,0.1563359004433821,0.7747469651126828,0.06891713444393491,0.12,0.84,0.04,0.25904327630996704,0.45238828659057617,0.2885684370994568
2025-11-20,0.023992858827114105,0.9608206748962402,0.015186436474323273,0.07071952386194044,0.8883307699883384,0.04094970614972117,0.2286691560223743,0.6851470380083062,0.08618380596931949,0.08,0.92,0.0,0.22206827998161316,0.4763564169406891,0.30157536268234253
2025-11-21,0.0032529225572943687,0.9624245762825012,0.034322481602430344,0.015544036958495067,0.8909281325418534,0.09352783049965151,0.013499793042350262,0.9295454254434199,0.05695478151422996,0.1,0.78,0.12,0.16825050115585327,0.4671497046947479,0.36459988355636597
2025-11-24,0.0033517959527671337,0.028409620746970177,0.9682385921478271,0.017728757164952192,0.07869710781461478,0.9035741350204329,0.007148276383346703,0.07064382714563727,0.922207896471016,0.02,0.2,0.78,0.1315460205078125,0.5127429366111755,0.3557110130786896
2025-11-25,0.0024174018763005733,0.041865233331918716,0.9557173252105713,0.008033382404778066,0.16414219202158092,0.827824425573641,0.012463513141545911,0.24160568843082586,0.7459307984276282,0.04,0.3,0.66,0.12778551876544952,0.5473632216453552,0.32485127449035645
2025-11-26,0.005424393806606531,0.9835507273674011,0.011024851351976395,0.026032148149785325,0.9163082358344707,0.0576596160157439,0.026113310550863654,0.9163190758707863,0.05756761357834987,0.0,0.9,0.1,0.13466279208660126,0.5916935801506042,0.2736435830593109
2025-11-27,0.001975670224055648,0.9944262504577637,0.0035980951506644487,0.007023255219035219,0.9717640853250936,0.021212659455871304,0.03153126126015655,0.8924548159014104,0.0760139228384331,0.0,0.96,0.04,0.1263635903596878,0.6104142665863037,0.2632220983505249
2025-11-28,0.0059548839926719666,0.9934892654418945,0.0005558380507864058,0.021154518182569127,0.9747302583339403,0.004115223483490749,0.043374310010386975,0.9042400155759814,0.052385674413631754,0.06,0.94,0.0,0.12870430946350098,0.6315751671791077,0.23972049355506897
2025-12-01,0.9607108235359192,0.038801297545433044,0.0004878833133261651,0.8997768780213324,0.09487916660434347,0.0053439553743240996,0.6770854550316924,0.2670364983026358,0.05587804666567174,0.7,0.28,0.02,0.20743371546268463,0.5512062907218933,0.24136006832122803
2025-12-02,0.012923549860715866,0.9835559725761414,0.003520544618368149,0.04875309212236354,0.9364365148853745,0.014810392992261936,0.030592095866748707,0.9426534386535903,0.026754465479660944,0.06,0.9,0.04,0.16718094050884247,0.6056690216064453,0.22715002298355103
2025-12-03,0.0026950493920594454,0.9923998713493347,0.004905151203274727,0.02623305592735115,0.9535813833780059,0.020185560694642807,0.009110290839316665,0.9512000539376139,0.03968965522306953,0.02,0.94,0.04,0.1520993858575821,0.5980218648910522,0.24987873435020447
2025-12-04,0.00441091088578105,0.9788928031921387,0.016696328297257423,0.019782231746240036,0.9149382289367766,0.06527953931698358,0.007531997924889531,0.9219820971053703,0.07048590496974025,0.02,0.86,0.12,0.15968731045722961,0.5873382687568665,0.25297439098358154
2025-12-05,0.003738957457244396,0.9701952338218689,0.02606574259698391,0.015316812448406663,0.9222432471746915,0.06243994037690169,0.014665513014095148,0.8912628802078297,0.09407160677807504,0.08,0.88,0.04,0.18911577761173248,0.5583242774009705,0.25255995988845825
2025-12-08,0.0005977393593639135,0.03776593506336212,0.9616363644599915,0.005797094984782841,0.17015030168144762,0.8240526033337694,0.006402064159211067,0.17675732043956643,0.8168406154012225,0.02,0.16,0.82,0.14357104897499084,0.5376753211021423,0.3187536299228668
2025-12-09,0.0006695459014736116,0.01238276157528162,0.9869476556777954,0.004797605136691661,0.0975731429276258,0.8976292519356825,0.003640256693906904,0.06238035236662926,0.9339793909394638,0.02,0.1,0.88,0.15357306599617004,0.5060004591941833,0.3404265344142914
2025-12-10,0.000871328345965594,0.049452584236860275,0.9496761560440063,0.008323695868829884,0.19408626275707933,0.7975900413740908,0.010728327147987323,0.11595708415274894,0.8733145886992637,0.02,0.2,0.78,0.1710314303636551,0.4829484522342682,0.34602007269859314
2025-12-11,0.0005234956624917686,0.009404809214174747,0.9900716543197632,0.010200493800558584,0.08498315067170392,0.9048163555277374,0.011453381024714137,0.10196692384518985,0.8865796951300962,0.0,0.18,0.82,0.15683305263519287,0.5093057155609131,0.33386123180389404
2025-12-12,0.0021628416143357754,0.9775587916374207,0.020278310403227806,0.009693598205540582,0.879943066466525,0.11036333532793459,0.007887975790499782,0.899542779913616,0.09256924429588427,0.0,0.8,0.2,0.1613636463880539,0.5339539647102356,0.3046824038028717
2025-12-15,0.002716504503041506,0.9561986923217773,0.04108479246497154,0.01098609771319561,0.7339641365357363,0.2550497657510679,0.038764760216824,0.7382237067757605,0.2230115330074155,0.0,0.82,0.18,0.1612585186958313,0.541655421257019,0.29708606004714966
2025-12-16,0.0015556844882667065,0.027750298380851746,0.9706940650939941,0.009166649417995195,0.1515718316139191,0.8392615189680857,0.015930470927713398,0.1781701948668409,0.8058993342054456,0.0,0.24,0.76,0.1432473212480545,0.5456736087799072,0.3110790252685547
2025-12-17,0.00194166402798146,0.011639650911092758,0.9864186644554138,0.023950137102667007,0.09729930814109664,0.8787505547562364,0.009811403883343442,0.0545883332201262,0.9356002628965303,0.06,0.1,0.84,0.1493222862482071,0.5600417852401733,0.29063594341278076
2025-12-18,0.0037741425912827253,0.036441706120967865,0.9597840905189514,0.03635118718863628,0.12251727210504035,0.8411315407063233,0.017546610393489166,0.1874019830443553,0.7950514065621554,0.04,0.16,0.8,0.15064898133277893,0.5858218669891357,0.2635291516780853
2025-12-19,0.0023253713734447956,0.032457929104566574,0.9652167558670044,0.02338820962951264,0.13488453482621893,0.8417272555442684,0.015376732531672483,0.16346627092016813,0.8211569965481593,0.0,0.14,0.86,0.14066223800182343,0.5785242915153503,0.2808134853839874
2025-12-22,0.002941287588328123,0.03272062912583351,0.9643380641937256,0.017527801223245133,0.09393197863545928,0.8885402201412955,0.026750223065217387,0.20801400901054243,0.7652357679242402,0.02,0.26,0.72,0.19743691384792328,0.5238564610481262,0.2787066400051117
2025-12-23,0.0018435514066368341,0.01585448533296585,0.9823019504547119,0.015038633843597266,0.07203532369255841,0.9129260424638443,0.055492030958764926,0.11376221074363141,0.8307457582976036,0.08,0.1,0.82,0.2319103479385376,0.5099573135375977,0.25813236832618713
2025-12-24,0.001336502842605114,0.03105679526925087,0.9676066637039185,0.021521973906527006,0.10519284125438955,0.8732851848390834,0.0387927167196321,0.08589192047016078,0.875315362810207,0.06,0.04,0.9,0.21339432895183563,0.5214038491249084,0.26520174741744995
2025-12-26,0.002411304507404566,0.026513399556279182,0.9710753560066223,0.028765346368004187,0.13831001324209857,0.8329246403898971,0.06336692804318834,0.1937147923878624,0.7429182795689492,0.12,0.14,0.74,0.18407246470451355,0.5810803771018982,0.2348470836877823
2025-12-29,0.008264385163784027,0.026468638330698013,0.9652669429779053,0.038476052369169345,0.14728480236274016,0.8142391452680905,0.05428046983854973,0.14136904458648572,0.8043504855749646,0.08,0.26,0.66,0.18364764750003815,0.5894967317581177,0.22685560584068298
2025-12-30,0.0038851688150316477,0.061432067304849625,0.9346827864646912,0.02965779418322158,0.2431147574973614,0.7272274483194171,0.05651326829035723,0.31882678577161927,0.6246599459380234,0.04,0.26,0.7,0.16541537642478943,0.6338917016983032,0.20069286227226257
2025-12-31,0.005247098859399557,0.98911452293396,0.005638417322188616,0.01442427442786366,0.9439051495481515,0.04167057602398491,0.06044893919101155,0.7697837672725777,0.16976729353641085,0.1,0.8,0.1,0.19333083927631378,0.5981224775314331,0.20854662358760834
2026-01-02,0.9537422060966492,0.03548334911465645,0.010774470865726471,0.8045586091703888,0.16286302870386238,0.032578362125748876,0.6867441669409963,0.2320648580555326,0.08119097500347103,0.58,0.4,0.02,0.20878355205059052,0.6002249717712402,0.19099143147468567
2026-01-05,0.011346702463924885,0.9811464548110962,0.0075067756697535515,0.020310895506156505,0.955294042945793,0.024395061548050663,0.10735765521315173,0.855320242389399,0.037322102397449416,0.1,0.88,0.02,0.23986133933067322,0.5718163251876831,0.1883223056793213
2026-01-06,0.0066078705713152885,0.9825279116630554,0.010864230804145336,0.009782322869878155,0.9608114287699099,0.029406248360211884,0.052819549705622554,0.9040563114490685,0.04312413884530894,0.04,0.92,0.04,0.20430517196655273,0.6209981441497803,0.17469677329063416
2026-01-07,0.004854059778153896,0.99122554063797,0.003920417744666338,0.015380929957842035,0.957673837057324,0.026945232984833877,0.022478680096381706,0.897202667845311,0.0803186520583072,0.02,0.9,0.08,0.19179539382457733,0.6436346769332886,0.1645699143409729
2026-01-08,0.0029238041024655104,0.05792056769132614,0.9391556978225708,0.016121071835845137,0.15598176807419667,0.8278971600899582,0.012947877633820373,0.37021439455844624,0.6168377278077335,0.0,0.4,0.6,0.20448864996433258,0.5921233296394348,0.2033880203962326
2026-01-09,0.0014468427980318666,0.02224140055477619,0.9763117432594299,0.011817755483336148,0.11824984259468073,0.8699324019219831,0.013828232808938128,0.1309888721032919,0.85518289508777,0.0,0.26,0.74,0.20809926092624664,0.5613164305686951,0.2305843085050583
2026-01-12,0.0008457822841592133,0.9760584831237793,0.02309568040072918,0.0048343815911419535,0.8866139440966099,0.10855167431224826,0.018108238307139146,0.7841591435823663,0.1977326181104945,0.0,0.9,0.1,0.20448200404644012,0.5865752696990967,0.20894268155097961
2026-01-13,0.001621730625629425,0.9586406350135803,0.03973759710788727,0.010869815110045046,0.7774359927972196,0.2116941920927354,0.03482197726419014,0.7456951882235755,0.21948283451223424,0.02,0.88,0.1,0.23988541960716248,0.5563174486160278,0.2037971466779709
2026-01-14,0.003397958353161812,0.9914038181304932,0.00519818440079689,0.014043563734172426,0.9619338317572973,0.024022604508530204,0.02189369919776132,0.9622101028482086,0.01589619795402999,0.02,0.96,0.02,0.25702548027038574,0.571442186832428,0.17153237760066986
2026-01-16,0.02295035496354103,0.9398618340492249,0.037187766283750534,0.06465975265652864,0.8209942493803425,0.11434599796312903,0.10118245448955747,0.8261653866790379,0.07265215883140454,0.12,0.86,0.02,0.23321975767612457,0.587263286113739,0.1795169562101364
2026-01-19,0.01760121062397957,0.06273338198661804,0.9196654558181763,0.06065202733990425,0.316294032011538,0.6230539406485578,0.14421681444099232,0.39381988734637147,0.4619632982126362,0.08,0.3,0.62,0.23067496716976166,0.5994887948036194,0.16983626782894135
2026-01-20,0.0022908709943294525,0.009085693396627903,0.9886233806610107,0.01802380305278631,0.09530974300291717,0.8866664539442966,0.08599120585383623,0.12018750662190494,0.7938212875242588,0.04,0.14,0.82,0.2559913694858551,0.5348310470581055,0.20917761325836182
2026-01-21,0.0019307555630803108,0.04662342742085457,0.9514458775520325,0.03170589902443519,0.15185743907815322,0.8164366618974116,0.07245747125309902,0.20558139702489753,0.7219611317220034,0.02,0.34,0.64,0.22236564755439758,0.574073851108551,0.20356053113937378
2026-01-22,0.003177482169121504,0.030923306941986084,0.9658992290496826,0.044094579661811885,0.17838420767716506,0.777521212661023,0.02874104125443944,0.17598759392207042,0.79527136482349,0.02,0.36,0.62,0.1791270673274994,0.624906063079834,0.19596686959266663
2026-01-23,0.007878681644797325,0.9555429220199585,0.036578454077243805,0.019906224289742137,0.82503156635023,0.15506220936002782,0.09142138291736875,0.8218202762339787,0.08675834084865267,0.0,0.94,0.06,0.21661069989204407,0.5818041563034058,0.20158520340919495
2026-01-27,0.014351803809404373,0.9718866348266602,0.013761579059064388,0.12925159882469403,0.7961129249022327,0.07463547627307325,0.05711322772134577,0.9110990479800468,0.031787724298607226,0.1,0.88,0.02,0.19729363918304443,0.6233871579170227,0.17931920289993286
2026-01-28,0.052365269511938095,0.945294201374054,0.0023405002430081367,0.1943985313003714,0.7929432747541929,0.012658193945435738,0.08497928435757916,0.9068932506826362,0.008127464959784655,0.3,0.68,0.02,0.2647998034954071,0.568507969379425,0.16669219732284546
2026-01-29,0.8961946964263916,0.09055086970329285,0.013254495337605476,0.6465826164702672,0.3400736118485899,0.01334377168114297,0.7051452790328392,0.26304576314932815,0.03180895781783271,0.68,0.22,0.1,0.28067272901535034,0.5720417499542236,0.14728552103042603
2026-01-30,0.02230324037373066,0.9603767991065979,0.017320016399025917,0.06991483934351045,0.8739958530671814,0.056089307589308135,0.11453150782042074,0.8153705992555959,0.07009789292398341,0.08,0.84,0.08,0.29521459341049194,0.5002049803733826,0.2045803964138031
2026-02-02,0.00466162571683526,0.028219478204846382,0.9671188592910767,0.023409130710064167,0.13093698827602546,0.8456538810139104,0.052073663474029155,0.11824226031015456,0.8296840762158162,0.08,0.16,0.76,0.2922500967979431,0.4431406259536743,0.2646092474460602
2026-02-03,0.0022035916335880756,0.043802618980407715,0.9539938569068909,0.016204418594173646,0.21228194845769147,0.7715136329481349,0.06593789446346435,0.1861814459267349,0.7478806596098008,0.08,0.22,0.7,0.34070757031440735,0.3858901858329773,0.27340221405029297
2026-02-04,0.018183333799242973,0.9550692439079285,0.02674740180373192,0.051400680873757716,0.8499822248396008,0.09861709428664157,0.04817258407917944,0.83105320134589,0.12077421457493064,0.08,0.68,0.24,0.34327879548072815,0.40297213196754456,0.2537490725517273
2026-02-05,0.004019785672426224,0.017597531899809837,0.9783826470375061,0.015699786370883373,0.16292033089048577,0.8213798827386308,0.015827710389285706,0.1079529530018367,0.8762193366088775,0.0,0.14,0.86,0.3325265347957611,0.38324370980262756,0.28422972559928894
2026-02-06,0.011374118737876415,0.9656035900115967,0.02302229218184948,0.04708647308531793,0.8754962919746736,0.07741723494000839,0.051421159494317414,0.8373812578746354,0.11119758263104729,0.06,0.8,0.14,0.33777591586112976,0.4315640926361084,0.23066000640392303
2026-02-09,0.0455656573176384,0.9448908567428589,0.009543418884277344,0.11895601961310327,0.8605245025688193,0.020519477818077395,0.10172299664172334,0.838149096349821,0.06012790700845568,0.22,0.7,0.08,0.3415750563144684,0.48910513520240784,0.16931980848312378
2026-02-10,0.9849212765693665,0.014339692890644073,0.0007390686077997088,0.8754364265818245,0.1165054485310615,0.008058124887114023,0.9008901509944461,0.0740816076530544,0.025028241352499515,0.68,0.22,0.1,0.2576267719268799,0.5898059010505676,0.1525672972202301
2026-02-11,0.9803518652915955,0.018463464453816414,0.001184735563583672,0.8827866270566836,0.11031260819325721,0.00690076475005911,0.8473656476048022,0.1340167624319741,0.018617589963223727,0.78,0.2,0.02,0.2676059305667877,0.5716506838798523,0.1607433259487152
2026-02-12,0.9894220232963562,0.009562864899635315,0.0010151284513995051,0.9125356819144493,0.07648352527692884,0.010980792808621688,0.833077234873189,0.10812924603851579,0.05879351908829532,0.88,0.08,0.04,0.2654094696044922,0.5734051465988159,0.1611853390932083
2026-02-13,0.004805086646229029,0.9777230024337769,0.01747189275920391,0.032247911736848274,0.8427853003008736,0.12496678796227817,0.05978384063893103,0.8481600972918624,0.09205606206920663,0.04,0.86,0.1,0.2829159200191498,0.49078360199928284,0.22630047798156738
2026-02-16,0.011024459265172482,0.9698249697685242,0.01915057748556137,0.05014988871392206,0.7451694047770644,0.2046807065090136,0.06820306462659462,0.8426496589567302,0.08914727641667514,0.02,0.84,0.14,0.2923342287540436,0.45783546566963196,0.2498302012681961
2026-02-17,0.0069419206120073795,0.05087806656956673,0.9421799778938293,0.02184367252835145,0.29155972291452253,0.686596604557126,0.0479880820262985,0.290321532452331,0.6616903855213705,0.02,0.3,0.68,0.278436541557312,0.4381036162376404,0.2834598124027252
2026-02-18,0.005690617021173239,0.02934342250227928,0.9649659395217896,0.031690288305566715,0.13745771218611968,0.8308519995083137,0.13171247475148318,0.10884663452276981,0.7594408907257469,0.1,0.12,0.78,0.3179621994495392,0.43581849336624146,0.24621929228305817
2026-02-19,0.01217698585242033,0.009790712967514992,0.9780322313308716,0.07204533503255181,0.0814113975131585,0.8465432674542898,0.14631562875701523,0.06313678176478942,0.7905475894781954,0.12,0.14,0.74,0.2974819839000702,0.4838354289531708,0.21868263185024261
2026-02-20,0.02783542312681675,0.0211136806756258,0.9510508179664612,0.0935224354246717,0.1149479049307457,0.7915296596445826,0.18194762103196369,0.2131152413077961,0.6049371376602403,0.24,0.04,0.72,0.3053019046783447,0.5335164070129395,0.16118168830871582
2026-02-23,0.007180753629654646,0.024777261540293694,0.9680419564247131,0.051119606389453544,0.0991078887861418,0.8497725048244047,0.18278338529683455,0.0913133128717817,0.7259033018313839,0.26,0.1,0.64,0.33449605107307434,0.48117467761039734,0.18432925641536713
2026-02-24,0.9825650453567505,0.01214742660522461,0.005287487059831619,0.9110776767888621,0.06815096930587725,0.020771353905260716,0.7519184993717131,0.2063742411635962,0.041707259464690734,0.86,0.1,0.04,0.3371404707431793,0.5027981996536255,0.160061314702034
2026-02-25,0.996522068977356,0.0027355318889021873,0.0007424335926771164,0.9489312349463473,0.04132941090960098,0.00973935414405168,0.9678756381239261,0.013471153669242678,0.018653208206831175,0.94,0.04,0.02,0.3216668665409088,0.5197558999061584,0.15857721865177155
2026-02-26,0.9944741129875183,0.004381977021694183,0.001143910689279437,0.9118900293086283,0.07153289729377273,0.016577073397598945,0.951355156869526,0.030755075266102883,0.01788976786437093,0.92,0.08,0.0,0.3228866159915924,0.5114800333976746,0.16563336551189423
2026-02-27,0.989335834980011,0.005977190565317869,0.00468694232404232,0.9408182575058996,0.050763419681680924,0.008418322812419483,0.9464203108174649,0.02934364239405879,0.024236046788476337,0.9,0.08,0.02,0.3282800614833832,0.4612158238887787,0.21050411462783813
2026-03-02,0.9822852611541748,0.016066670417785645,0.0016480982303619385,0.9347795087274563,0.05279584520927657,0.012424646063267066,0.8334977861364118,0.1481801347866088,0.018322079076979313,0.88,0.08,0.04,0.36306777596473694,0.4792557954788208,0.15767644345760345
2026-03-04,0.016093064099550247,0.9782510995864868,0.005655854009091854,0.053474645353366296,0.9180891762608414,0.02843617838579217,0.08447975090795204,0.897928604552128,0.017591644539920116,0.14,0.84,0.02,0.36120858788490295,0.4274362325668335,0.21135514974594116
2026-03-05,0.06170788034796715,0.9338294863700867,0.004462583921849728,0.23181334449859592,0.7382435114475366,0.029943144053867526,0.09905481736414504,0.8903227294794334,0.010622453156421513,0.16,0.82,0.02,0.4003840982913971,0.434990793466568,0.16462504863739014
2026-03-06,0.944922149181366,0.04971254616975784,0.005365269724279642,0.805960684471247,0.17418850956213838,0.01985080596661459,0.7793137320712294,0.19659442576126382,0.024091842167506684,0.74,0.2,0.06,0.4343699812889099,0.4240230917930603,0.14160692691802979
2026-03-09,0.9499363899230957,0.041542213410139084,0.008521372452378273,0.6895701425854598,0.2627780024175121,0.04765185499702814,0.7821946193733369,0.19756590489023781,0.020239475736425247,0.72,0.26,0.02,0.40144553780555725,0.4256522059440613,0.17290224134922028
2026-03-10,0.01450280100107193,0.981963038444519,0.003534170100465417,0.1161861676209246,0.8624579837559057,0.021355848623169763,0.19955520998011606,0.7405322754606245,0.05991251455925952,0.1,0.9,0.0,0.3947107493877411,0.4045388400554657,0.2007504254579544
2026-03-11,0.03409722447395325,0.9633545279502869,0.0025482741184532642,0.18290773581897515,0.7924942090811988,0.02459805509982604,0.13569424317024037,0.8549414133737095,0.009364343456050101,0.14,0.82,0.04,0.4204294979572296,0.39892783761024475,0.18064267933368683
2026-03-12,0.9699677228927612,0.028796415776014328,0.0012357778614386916,0.8262983566355249,0.1598821529525223,0.013819490411952741,0.8639561061789667,0.1288180607882658,0.007225833032767579,0.74,0.26,0.0,0.4262118637561798,0.40086472034454346,0.17292341589927673
2026-03-13,0.05405757203698158,0.9442040324211121,0.0017384306993335485,0.286994277400475,0.6735049578903474,0.0395007647091777,0.2052882656171286,0.7716927284230086,0.023019005959862754,0.2,0.72,0.08,0.3150123357772827,0.363604336977005,0.32138335704803467
2026-03-16,0.9125962853431702,0.0770384892821312,0.010365255177021027,0.6609958128966085,0.2511988219949597,0.08780536510843175,0.7854377316245194,0.1252593256100344,0.0893029427654463,0.74,0.16,0.1,0.26615089178085327,0.37059029936790466,0.36325883865356445
2026-03-17,0.9490996599197388,0.045523546636104584,0.005376756191253662,0.6841548254360877,0.28636420034505883,0.029480974218853404,0.7065923295305981,0.23344628803802456,0.0599613824313775,0.64,0.32,0.04,0.3197822570800781,0.444087952375412,0.23612987995147705
2026-03-18,0.9598405361175537,0.02727256529033184,0.012886911630630493,0.8620787978038124,0.11387308554718245,0.024048116649005205,0.822651714212229,0.09149769573526129,0.08585059005250972,0.7,0.22,0.08,0.33303728699684143,0.37317362427711487,0.2937890887260437
2026-03-19,0.025706786662340164,0.9243265986442566,0.04996660724282265,0.13011390896320027,0.5304182470397951,0.33946784399700475,0.08736789746601284,0.6302496234061433,0.2823824791278438,0.08,0.62,0.3,0.22080640494823456,0.4053719639778137,0.37382158637046814
2026-03-20,0.9552704095840454,0.04036515951156616,0.004364388063549995,0.8592523642000088,0.10430998459164698,0.03643765120834418,0.622641853590394,0.20743102417336062,0.16992712223624537,0.74,0.18,0.08,0.2886110842227936,0.40340155363082886,0.30798736214637756
2026-03-23,0.001970224315300584,0.0059068212285637856,0.9921229481697083,0.005372952842059678,0.03303395677563783,0.9615930903823026,0.020195843946369696,0.02399293175982084,0.9558112242938095,0.02,0.08,0.9,0.20073236525058746,0.3287295699119568,0.47053807973861694
2026-03-24,0.0020677323918789625,0.003460439620539546,0.9944719076156616,0.004298565299648045,0.029197941641730348,0.9665034930586217,0.021592491044664854,0.03312572256307956,0.9452817863922557,0.0,0.02,0.98,0.2237473726272583,0.32640889286994934,0.44984370470046997
2026-03-25,0.0008168324711732566,0.027992554008960724,0.9711905717849731,0.0051054842502164695,0.13494860606052775,0.8599459096892558,0.02945611381156968,0.08129843727774226,0.889245448910688,0.02,0.14,0.84,0.17654860019683838,0.4665107727050781,0.35694068670272827
2026-03-27,0.0013852908741682768,0.010778531432151794,0.9878361821174622,0.010243325989340921,0.09272866712233968,0.8970280068883195,0.03387096527925531,0.052410899240465214,0.9137181354802794,0.02,0.02,0.96,0.23091724514961243,0.38587114214897156,0.38321158289909363
2026-03-30,0.001489720307290554,0.0061750696040689945,0.9923351407051086,0.010334894088230906,0.041919475619211305,0.9477456302925578,0.10698596194502231,0.06267641272010123,0.8303376253348765,0.04,0.04,0.92,0.2969323992729187,0.35857415199279785,0.34449341893196106
2026-04-01,0.005161333829164505,0.028964826837182045,0.9658738970756531,0.024626230791375,0.11770239690835385,0.8576713723002711,0.09802197221781556,0.0908918654557662,0.8110861623264182,0.08,0.22,0.7,0.3262934982776642,0.38674473762512207,0.28696173429489136
2026-04-02,0.008643579669296741,0.026396704837679863,0.9649596810340881,0.04461469386258456,0.09881222111367576,0.8565730850237396,0.04415793972960812,0.08795583082836662,0.8678862294420253,0.04,0.18,0.78,0.321905255317688,0.37064993381500244,0.3074447810649872
2026-04-06,0.006379339378327131,0.013205509632825851,0.9804152250289917,0.023001798142875955,0.09568958723561004,0.881308614621514,0.04621019248242384,0.16652158941622155,0.7872682181013547,0.02,0.12,0.86,0.2783127725124359,0.40326663851737976,0.3184206187725067
2026-04-07,0.0013896746095269918,0.008359537459909916,0.990250825881958,0.009812103039193039,0.04447716646832888,0.945710730492478,0.03932263131834576,0.025220060822245618,0.9354573078594086,0.02,0.14,0.84,0.2818499207496643,0.4548470079898834,0.26330307126045227
2026-04-08,0.002507906872779131,0.03139808773994446,0.9660940170288086,0.010562244998108233,0.08583018523344287,0.9036075697684488,0.05117727228317258,0.06823482990544819,0.8805878978113792,0.02,0.08,0.9,0.22527463734149933,0.5243895053863525,0.2503359019756317
2026-04-09,0.0017406911356374621,0.0037481305189430714,0.9945111274719238,0.010168347319145518,0.047357081378459225,0.9424745713023952,0.03863272472672034,0.04541758849847216,0.9159496867748075,0.0,0.14,0.86,0.23334459960460663,0.5074260234832764,0.2592293918132782
2026-04-10,0.0015682578086853027,0.014718543738126755,0.9837131500244141,0.014561322852083704,0.05681030536227308,0.9286283717856433,0.013066863765123468,0.04453251967012404,0.9424006165647525,0.0,0.04,0.96,0.21217535436153412,0.5260553956031799,0.26176926493644714
2026-04-13,0.0011193520622327924,0.008810760453343391,0.9900699257850647,0.008559838951609283,0.07555592943890833,0.9158842316094825,0.01692796913302832,0.04551332141801441,0.9375587094489574,0.0,0.14,0.86,0.1489870846271515,0.6357894539833069,0.21522347629070282
2026-04-15,0.002673197304829955,0.029379529878497124,0.9679473042488098,0.013229968874941728,0.13437548075133057,0.8523945503737277,0.010420506897604485,0.1849154489904217,0.8046640441119738,0.0,0.28,0.72,0.19664622843265533,0.6263858079910278,0.17696794867515564
2026-04-16,0.011854395270347595,0.9839736819267273,0.0041718692518770695,0.060329297228247085,0.8981445411612532,0.04152616161049973,0.03904316721745848,0.8418038564089179,0.11915297637362349,0.02,0.88,0.1,0.16482558846473694,0.6829411387443542,0.15223325788974762
2026-04-17,0.012886999174952507,0.985260009765625,0.0018529777880758047,0.0898128433699841,0.8879446601425407,0.022242496487475217,0.01986455506383799,0.9662942543211945,0.013841190614967401,0.08,0.82,0.1,0.14605778455734253,0.6956304907798767,0.15831169486045837
2026-04-20,0.003903864650055766,0.9947063326835632,0.001389842014759779,0.024164074730182818,0.9539770580706916,0.021858867199125588,0.0142593125659601,0.9688856022123331,0.01685508522170677,0.02,0.92,0.06,0.22715507447719574,0.5943525433540344,0.17849238216876984
2026-04-21,0.010739133693277836,0.9834930896759033,0.005767757073044777,0.07334036171646971,0.8767052165834509,0.04995442170007941,0.019573739349688094,0.9302949227356309,0.05013133791468102,0.04,0.9,0.06,0.2542543411254883,0.5836653709411621,0.16208027303218842
2026-04-22,0.004886420909315348,0.9907169938087463,0.004396560601890087,0.042100991903789645,0.930027350668109,0.027871657428101364,0.028821215212672464,0.9599479937418035,0.011230791045524186,0.02,0.94,0.04,0.17313896119594574,0.6889333128929138,0.13792769610881805
2026-04-23,0.003550200955942273,0.9933009147644043,0.0031489189714193344,0.009818534672888226,0.9747495324440716,0.015431932883040293,0.01058350228888635,0.9770962202636099,0.012320277447503736,0.02,0.92,0.06,0.1750929206609726,0.6803443431854248,0.14456279575824738
2026-04-24,0.0020838589407503605,0.9952842593193054,0.002631887560710311,0.007534496161440875,0.9704927029382867,0.021972800900272302,0.008110146801827102,0.9804590323499155,0.011430820848257334,0.0,0.96,0.04,0.18529605865478516,0.6771258115768433,0.13757814466953278
2026-04-27,0.0019378896104171872,0.9963616728782654,0.0017004933906719089,0.006617303282919287,0.9866033021078632,0.006779394609217576,0.008869959635058504,0.9807542316943224,0.010375808670619152,0.02,0.94,0.04,0.1581227034330368,0.7163231372833252,0.12555421888828278
2026-04-28,0.0026759381871670485,0.9954869151115417,0.0018371890764683485,0.009695871755594807,0.9829553115702282,0.0073488166741769705,0.008380731763852923,0.9860863488510508,0.005532919385096154,0.0,1.0,0.0,0.17536677420139313,0.6924959421157837,0.13213728368282318
2026-04-29,0.001393300830386579,0.9935972690582275,0.005009409971535206,0.009444397073491956,0.967691732076784,0.022863870849724008,0.02226750370145182,0.9269448335195659,0.05078766277898224,0.04,0.94,0.02,0.21482618153095245,0.6462600827217102,0.13891372084617615
2026-04-30,0.00042498548282310367,0.9930825233459473,0.006492419634014368,0.005155821028037133,0.9160844738264152,0.07875970514554766,0.004037680859243436,0.9641148689031428,0.03184745023761374,0.02,0.98,0.0,0.1979489028453827,0.643903374671936,0.15814770758152008
2026-05-04,0.0005889806780032814,0.9956130981445312,0.003797863144427538,0.004348576430355983,0.9779402555695014,0.017711168000142545,0.02623608716583359,0.9266624364048791,0.04710147642928735,0.0,0.98,0.02,0.2359098494052887,0.604931652545929,0.15915848314762115
2026-05-05,0.0006619603955186903,0.9819890260696411,0.01734900288283825,0.004809925145876355,0.8541722508487941,0.14101782400532956,0.029712755016089977,0.7587958301256741,0.21149141485823594,0.06,0.74,0.2,0.1882179081439972,0.6304051280021667,0.18137697875499725
2026-05-06,0.0022968656849116087,0.9806318283081055,0.017071282491087914,0.0041739450394293704,0.9096156926922642,0.08621036226830636,0.009600289420753222,0.868051370863733,0.12234833971551394,0.02,0.76,0.22,0.1438625007867813,0.6456294655799866,0.21050803363323212
2026-05-07,0.003112104954198003,0.03750960901379585,0.9593783020973206,0.009497993552649868,0.2560800890873056,0.7344219173600445,0.02570543036041829,0.3625434385944528,0.6117511310451288,0.0,0.26,0.74,0.19844819605350494,0.585440456867218,0.21611139178276062
2026-05-08,0.016100741922855377,0.9683874845504761,0.015511821024119854,0.03886054478465008,0.9169095481308887,0.04422990708446124,0.048358199979682714,0.8390395113765458,0.11260228864377146,0.04,0.84,0.12,0.22114303708076477,0.5755254626274109,0.20333151519298553
2026-05-11,0.004095513839274645,0.9543684124946594,0.041536055505275726,0.021516055297027777,0.7622869184360016,0.21619702626697052,0.04341665152372867,0.7625106798222504,0.1940726686540209,0.1,0.74,0.16,0.20103664696216583,0.5580198168754578,0.24094349145889282
2026-05-12,0.007635028567165136,0.02646005153656006,0.965904951095581,0.03772675065203668,0.11884474731716492,0.8434285020307983,0.1170177183532937,0.1165900291085137,0.7663922525381925,0.06,0.22,0.72,0.25463753938674927,0.5046006441116333,0.24076180160045624
2026-05-13,0.01581375114619732,0.9802449345588684,0.003941315691918135,0.07635361206102562,0.8981419094620408,0.025504478476933636,0.09748872813952482,0.8716044812369781,0.030906790623497053,0.08,0.88,0.04,0.3273777663707733,0.48923322558403015,0.1833890825510025
2026-05-14,0.9661046862602234,0.027846727520227432,0.006048580165952444,0.8038313524294426,0.18019025367628197,0.01597839389427547,0.6884543652212519,0.26621145965240545,0.04533417512634261,0.66,0.32,0.02,0.2893173396587372,0.539840579032898,0.1708420068025589
2026-05-15,0.007200099527835846,0.9830554723739624,0.009744475595653057,0.04703986777805529,0.923603212242891,0.02935691997905364,0.0754614675772901,0.8732144176980429,0.05132411472466704,0.04,0.88,0.08,0.3381441533565521,0.4758400022983551,0.18601581454277039
2026-05-18,0.009351336397230625,0.9612967371940613,0.029351871460676193,0.06716700218136822,0.8154057215773429,0.1174272762412887,0.05071991185148603,0.9100980513929965,0.039182036755517555,0.04,0.72,0.24,0.3459286093711853,0.45833292603492737,0.19573849439620972
2026-05-19,0.0149839511141181,0.03674539551138878,0.9482706785202026,0.08564058972072561,0.15746359823134073,0.7568958120479337,0.0830305227833584,0.25065486334523923,0.6663146138714025,0.08,0.2,0.72,0.3748493194580078,0.4257391393184662,0.1994115263223648
2026-05-20,0.002095600590109825,0.013368266634643078,0.9845361113548279,0.020435484247986677,0.07231346027031282,0.9072510554817006,0.026519326934305833,0.15916776162489696,0.8143129114407973,0.02,0.14,0.84,0.2921047508716583,0.4646665155887604,0.24322877824306488
2026-05-21,0.008562016300857067,0.9729917049407959,0.018446333706378937,0.04027491164768283,0.8604543780143983,0.09927071033791894,0.0253800313936961,0.9068149601358221,0.0678050084704819,0.02,0.94,0.04,0.2806859016418457,0.5157485604286194,0.2035655826330185
2026-05-22,0.017617342993617058,0.9682819247245789,0.014100744388997555,0.04809402739654329,0.9082828133076465,0.04362315929581012,0.01488915818078222,0.956219463334041,0.028891378485176887,0.06,0.84,0.1,0.228994220495224,0.5644320249557495,0.2065737247467041
2026-05-25,0.011169642210006714,0.983677864074707,0.005152459256350994,0.03723903359040994,0.9194352596982901,0.04332570671130009,0.08640409598309161,0.8943674223864272,0.019228481630481117,0.1,0.84,0.06,0.27385959029197693,0.5232977867126465,0.20284268260002136
2026-05-26,0.029128005728125572,0.9571952223777771,0.013676775619387627,0.1897717817182844,0.7532240395747658,0.057004178706949835,0.2240134815537327,0.7538422587101746,0.022144259736092773,0.1,0.86,0.04,0.258944571018219,0.5179174542427063,0.22313794493675232
2026-05-27,0.9698345065116882,0.02840924821794033,0.0017562279244884849,0.8822523988974057,0.09990463683449806,0.017842964268096385,0.9078108289408677,0.07877349618205862,0.013415674877073784,0.88,0.1,0.02,0.2351551651954651,0.5529798269271851,0.21186497807502747
2026-05-29,0.015991073101758957,0.9766290783882141,0.007379829417914152,0.10005845270639865,0.8494854499624089,0.05045609733119231,0.17934068705851586,0.7909397450786771,0.02971956786280707,0.22,0.7,0.08,0.2622579038143158,0.5202179551124573,0.21752414107322693
2026-06-01,0.9562253952026367,0.0347590409219265,0.009015518240630627,0.8009511305637419,0.177157505477454,0.021891363958803974,0.549017284816144,0.413875229923405,0.03710748526045112,0.74,0.22,0.04,0.3145090937614441,0.48346495628356934,0.20202592015266418
2026-06-02,0.9419746398925781,0.048253387212753296,0.009772042743861675,0.7742766308558328,0.1929422116874432,0.032781157456724025,0.7617987115046919,0.1762466012792463,0.061954687216061954,0.78,0.14,0.08,0.30784928798675537,0.5164865255355835,0.17566423118114471
2026-06-03,0.9715211391448975,0.011333432048559189,0.017145447432994843,0.8936854567109471,0.04864232262452584,0.05767222066452711,0.8629614082323134,0.06942344523020934,0.06761514653747723,0.78,0.08,0.14,0.4026344120502472,0.40074920654296875,0.19661635160446167
2026-06-04,0.9809566736221313,0.01224273070693016,0.006800596136599779,0.9152586149271866,0.05413483414299816,0.030606550929815193,0.8338219234355612,0.09650485567454876,0.06967322088989013,0.78,0.18,0.04,0.357032835483551,0.4361623227596283,0.2068047970533371
2026-06-05,0.9676116704940796,0.023831937462091446,0.008556347340345383,0.9181579274470664,0.045069431867107074,0.03677264068582664,0.8636046354590283,0.09142900517035751,0.04496635937061434,0.8,0.2,0.0,0.4093964695930481,0.35604438185691833,0.23455916345119476
2026-06-08,0.03220479190349579,0.9531210660934448,0.014674190431833267,0.17724433889625524,0.7712654011089736,0.0514902599947712,0.14246861730127322,0.7884249429487264,0.06910643975000035,0.18,0.74,0.08,0.3387976586818695,0.33873727917671204,0.3224651515483856
2026-06-09,0.016124077141284943,0.9720758199691772,0.011800064705312252,0.05905496473128443,0.8986162633470985,0.042328771921617034,0.046987446794705325,0.9209275952419764,0.032084957963318186,0.06,0.82,0.12,0.32885220646858215,0.3681730329990387,0.3029748201370239
2026-06-10,0.013181278482079506,0.9604910612106323,0.026327695697546005,0.04022270851068048,0.7863217400915512,0.17345555139776844,0.02542984237539526,0.8675233052364212,0.10704685238818352,0.02,0.74,0.24,0.3095332086086273,0.34881556034088135,0.3416512906551361
2026-06-11,0.020367799326777458,0.030863936990499496,0.9487683176994324,0.05187478660051602,0.15490138380701557,0.7932238295924684,0.06302484006807889,0.25262057088171136,0.6843545890502097,0.04,0.2,0.76,0.32562708854675293,0.3625917434692383,0.3117811679840088
2026-06-12,0.008255871944129467,0.9876624345779419,0.004081714432686567,0.02447463505763217,0.9420958204656442,0.03342954447672364,0.023593218508612016,0.9552038298215092,0.021202951669878855,0.08,0.88,0.04,0.3021323084831238,0.45366981625556946,0.24419790506362915
2026-06-15,0.030837031081318855,0.9646655321121216,0.004497449845075607,0.08434074805331941,0.8834993040615474,0.03215994788513311,0.10160421297061407,0.8850411775114372,0.013354609517948821,0.12,0.82,0.06,0.2750609219074249,0.4915328025817871,0.23340630531311035
2026-06-16,0.02163783833384514,0.96684730052948,0.011514836922287941,0.09545555227872325,0.8349060607982992,0.06963838692297762,0.027860601680957563,0.9590948532146745,0.013044545104368007,0.2,0.78,0.02,0.2814791202545166,0.4552210569381714,0.26329976320266724
2026-06-17,0.944679856300354,0.04931383207440376,0.006006307899951935,0.7198120738600038,0.2564980554174036,0.023689870722592658,0.7134695896230271,0.2682934892167025,0.018236921160270363,0.78,0.2,0.02,0.27818459272384644,0.475369930267334,0.24644552171230316
2026-06-18,0.9938189387321472,0.004907300695776939,0.0012737232027575374,0.9307027720784055,0.05594036133033195,0.013356866591262654,0.9166369760881965,0.06740574069857554,0.01595728321322803,0.88,0.08,0.04,0.3134204149246216,0.4733699560165405,0.2132095992565155
2026-06-19,0.9819097518920898,0.014781174249947071,0.003309061285108328,0.8110654002258542,0.1574522560923685,0.03148234368177722,0.9301343532880617,0.05532539787675796,0.014540248835180243,0.74,0.16,0.1,0.3159310817718506,0.45960986614227295,0.22445908188819885
2026-06-22,0.9640204310417175,0.025336936116218567,0.010642617009580135,0.869143988001395,0.10950576120825425,0.021350250790350866,0.9001841480288855,0.07109842874338536,0.028717423227729248,0.8,0.2,0.0,0.30490943789482117,0.45539113879203796,0.23969939351081848
2026-06-23,0.9800768494606018,0.01314320508390665,0.006779942661523819,0.8960954924907495,0.07452777434005589,0.029376733169194588,0.8037629265729438,0.11436536260849638,0.08187171081855982,0.82,0.12,0.06,0.2934684157371521,0.3844763934612274,0.32205522060394287
2026-06-24,0.024958865717053413,0.9645076990127563,0.010533386841416359,0.05068410781338693,0.82804105275025,0.12127483943636314,0.051349599891723455,0.6828732311792138,0.2657771689290627,0.18,0.62,0.2,0.25613465905189514,0.4067418575286865,0.3371235132217407
2026-06-25,0.0032927088905125856,0.9887401461601257,0.007967167533934116,0.022784032951662963,0.9000298343993676,0.07718613264896948,0.013272071244304778,0.9284371976373392,0.058290731118356025,0.1,0.78,0.12,0.24483194947242737,0.37607771158218384,0.3790903389453888
2026-06-29,0.004180188290774822,0.9857063889503479,0.010113443247973919,0.018372956206373275,0.9346622788517887,0.04696476494183796,0.009904365927955195,0.9611836910332872,0.028911943038757625,0.08,0.78,0.14,0.22323451936244965,0.45263105630874634,0.32413432002067566
2026-06-30,0.0018346864962950349,0.9944116473197937,0.003753662807866931,0.01488314081519642,0.9725252543443846,0.012591604840419058,0.009306281814027659,0.9719138079657337,0.0187799102202386,0.06,0.84,0.1,0.18855026364326477,0.5400866270065308,0.27136313915252686
2026-07-01,0.015188660472631454,0.9748477935791016,0.009963613003492355,0.04855681570041031,0.9223598651414505,0.029083319158139095,0.020105608781185443,0.9479718887910931,0.03192250242772142,0.08,0.82,0.1,0.2593294084072113,0.45606303215026855,0.28460755944252014
2026-07-02,0.02082708477973938,0.9758557081222534,0.0033171495888382196,0.06567839395295216,0.917952179017577,0.016369427029470748,0.03276894903235438,0.8712851361201002,0.09594591484754547,0.02,0.94,0.04,0.20236080884933472,0.561313271522522,0.23632587492465973
2026-07-03,0.009214523248374462,0.9886160492897034,0.0021693785674870014,0.04326097480321058,0.9493086702303772,0.0074303549664122455,0.0626580261600653,0.907605458171353,0.02973651566858168,0.06,0.9,0.04,0.20015868544578552,0.5748963952064514,0.22494493424892426
2026-07-06,0.008771560154855251,0.9900616407394409,0.0011668506776914,0.02478392219208102,0.9583197591392123,0.016896318668706646,0.05512108981948946,0.9238624633683932,0.02101644681211731,0.0,0.98,0.02,0.21315698325634003,0.546409010887146,0.24043400585651398
2026-07-07,0.0023283413611352444,0.9959281086921692,0.0017435104819014668,0.011969700747546545,0.978509729192677,0.0095205700597765,0.07270846419418535,0.904758308822564,0.022533226983250595,0.14,0.8,0.06,0.23563362658023834,0.5030325651168823,0.2613338232040405
2026-07-08,0.004987765569239855,0.9927799105644226,0.002232333179563284,0.03478843106164749,0.952980254691372,0.012231314246980509,0.03632408709410249,0.9526664459983433,0.011009466907554295,0.12,0.86,0.02,0.27323347330093384,0.46646183729171753,0.2603047490119934
2026-07-09,0.004120876546949148,0.9916360378265381,0.004243053030222654,0.02246942577137959,0.9470344435988994,0.030496130629720994,0.04513219918299086,0.9177926481178692,0.03707515269913979,0.18,0.74,0.08,0.22584711015224457,0.4927932024002075,0.2813596725463867
2026-07-10,0.021863151341676712,0.9737462997436523,0.004390615038573742,0.052784583804086314,0.9213743819238036,0.025841034272110094,0.07776681246759208,0.7906007676388569,0.1316324198935511,0.1,0.84,0.06,0.23921014368534088,0.4698469936847687,0.29094281792640686
2026-07-13,0.010156238451600075,0.9722003936767578,0.017643317580223083,0.03875388624408888,0.9000293643777435,0.06121674937816754,0.012823421958023462,0.8935232514446964,0.09365332659728032,0.02,0.88,0.1,0.2793298065662384,0.4267352223396301,0.29393497109413147
2026-07-14,0.0029701252933591604,0.9897935390472412,0.007236340548843145,0.008036515747768855,0.9788914029192433,0.013072081332987935,0.007414604416809518,0.9139679611669529,0.07861743441623757,0.0,0.94,0.06,0.22341100871562958,0.5135332942008972,0.2630557119846344
2026-07-15,0.0015718082431703806,0.9919999837875366,0.00642814114689827,0.013963834911643928,0.9487757703443501,0.037260394744005915,0.0031541764740855736,0.970464293786624,0.02638152973929047,0.0,0.98,0.02,0.1689136028289795,0.5475878715515137,0.2834985852241516
2026-07-16,0.0023376159369945526,0.9830643534660339,0.014598074369132519,0.006652066000922921,0.9519840485962635,0.041363885402813584,0.009265441871964606,0.8059792943471545,0.18475526378088086,0.0,0.86,0.14,0.20258629322052002,0.4942820966243744,0.3031315207481384
2026-07-17,0.004844850394874811,0.9538366794586182,0.04131846874952316,0.025299412625183884,0.8471295869484775,0.12757100042633843,0.01535058518107459,0.9284265984692205,0.056222816349704836,0.02,0.74,0.24,0.19887761771678925,0.4828364849090576,0.31828585267066956
