Date,0,1,2,3,4,5,6,7,8,9,10,11,12,13,14
2024-12-12,0.006293565966188908,0.07315715402364731,0.920549213886261,0.008779354528227451,0.16729698335125437,0.8239236621205183,0.0143175451904466,0.2833004540140416,0.7023820007955117,0.0,0.48,0.52,0.20035861432552338,0.5129685401916504,0.2866728603839874
2024-12-13,0.0008028506999835372,0.9745008945465088,0.024696236476302147,0.0029134626363043065,0.8573117887057108,0.1397747486579849,0.007481780215805034,0.8291330536174639,0.16338516616673104,0.02,0.84,0.14,0.18175283074378967,0.5350000262260437,0.2832471430301666
2024-12-16,0.0015117492293938994,0.9753832221031189,0.023105017840862274,0.003172925658216237,0.8628143053383859,0.13401276900339792,0.017157795339539813,0.6978711948086528,0.28497100985180746,0.0,0.72,0.28,0.19013185799121857,0.5532951951026917,0.25657299160957336
2024-12-17,0.000643127306830138,0.024029845371842384,0.9753270149230957,0.0021864675493063366,0.12438619064059733,0.8734273418100964,0.015007594431241689,0.21476808179700824,0.7702243237717501,0.0,0.2,0.8,0.19404935836791992,0.5352329611778259,0.27071771025657654
2024-12-18,0.0013845280045643449,0.9776221513748169,0.02099337801337242,0.0037930800006511093,0.8540416284996962,0.14216529149965265,0.024802567891216352,0.8410073442689691,0.1341900878398148,0.0,0.88,0.12,0.1774132251739502,0.5766527056694031,0.24593403935432434
2024-12-19,0.0028871665708720684,0.9729790687561035,0.02413378283381462,0.021271279067717714,0.824464100734115,0.15426462019816709,0.08149018450810494,0.5729893653564836,0.3455204501354116,0.0,0.76,0.24,0.1958591192960739,0.5722965002059937,0.23184439539909363
2024-12-20,0.0038786553777754307,0.024614442139863968,0.9715068340301514,0.04198330114230129,0.13739897681578725,0.8206177220419114,0.08527757848071611,0.2154084248030982,0.6993139967161857,0.02,0.22,0.76,0.1999898999929428,0.558834969997406,0.24117514491081238
2024-12-23,0.0014424521941691637,0.012324794195592403,0.9862327575683594,0.011940486401211604,0.16496520288418134,0.8230943107146071,0.0751455723153217,0.14166610684342784,0.7831883208412503,0.02,0.22,0.76,0.19905570149421692,0.5478843450546265,0.25305992364883423
2024-12-24,0.0011229346273466945,0.034301675856113434,0.9645753502845764,0.0052163324879099275,0.20873319528777234,0.7860504722243178,0.012279834437834956,0.09853484562189153,0.8891853199402735,0.0,0.16,0.84,0.1805880218744278,0.5838751792907715,0.23553678393363953
2024-12-26,0.0007344074547290802,0.025840913876891136,0.9734246730804443,0.0027979751333076985,0.14488075879310694,0.8523212660735853,0.011287477950687772,0.23616789248196587,0.7525446295673465,0.0,0.24,0.76,0.1758643388748169,0.6237347722053528,0.20040090382099152
2024-12-27,0.015359979122877121,0.9751072525978088,0.009532776661217213,0.037766173503687474,0.9311074336772189,0.031126392819093747,0.16771812821208973,0.8114449005151428,0.020836971272767495,0.14,0.8,0.06,0.2112918645143509,0.5868505239486694,0.20185764133930206
2024-12-30,0.009468241594731808,0.9892491102218628,0.0012825913727283478,0.06877976595950817,0.9167028667688016,0.01451736727169022,0.09080859100825608,0.8833576392752752,0.025833769716468735,0.14,0.84,0.02,0.2536795139312744,0.546944797039032,0.19937576353549957
2024-12-31,0.012377453967928886,0.9859447479248047,0.0016778642311692238,0.06350539952582081,0.9300093861330473,0.006485214341131862,0.14645481892540566,0.8165867012697838,0.036958479804810575,0.08,0.86,0.06,0.31277480721473694,0.463956743478775,0.22326844930648804
2025-01-01,0.02920950949192047,0.9690843224525452,0.001706120208837092,0.13632582590355896,0.8516792221098451,0.011994951986595887,0.18027745333433992,0.7874256814047637,0.032296865260896535,0.14,0.82,0.04,0.3269171714782715,0.4470441937446594,0.2260386198759079
2025-01-02,0.9870976805686951,0.010897776111960411,0.002004474401473999,0.8524850329245545,0.1379700483879019,0.00954491868754363,0.8490044048415586,0.13344561934279853,0.017549975815642764,0.72,0.24,0.04,0.32386544346809387,0.4534250795841217,0.22270944714546204
2025-01-03,0.9723590016365051,0.02170039340853691,0.005940641276538372,0.9208142392379237,0.06854998963411735,0.0106357711279591,0.7275126067765049,0.21195925982113256,0.060528133402362606,0.72,0.26,0.02,0.3155073821544647,0.44423148036003113,0.24026110768318176
2025-01-06,0.9794253706932068,0.017436547204852104,0.0031381207518279552,0.94587209460923,0.04962060031119216,0.004507305079577757,0.8283935152866043,0.139156891507849,0.03244959320554669,0.78,0.2,0.02,0.3329712748527527,0.39863321185112,0.2683955132961273
2025-01-07,0.9757118225097656,0.01720687747001648,0.007081320509314537,0.9235025762598832,0.04920247294862993,0.02729495079148686,0.8153810010817645,0.09854159979017771,0.08607739912805791,0.82,0.06,0.12,0.28932416439056396,0.44766995310783386,0.2630058526992798
2025-01-08,0.9868530035018921,0.005808141082525253,0.007338863331824541,0.9460493171892931,0.037989096365137774,0.01596158644556916,0.8043227840706364,0.1335560239379313,0.06212119199143231,0.76,0.16,0.08,0.2891179025173187,0.4177106022834778,0.2931714951992035
2025-01-09,0.9605652689933777,0.016298724338412285,0.02313603274524212,0.8989574237723451,0.057840691904691065,0.04320188432296375,0.5329421147901517,0.23902501948326133,0.228032865726587,0.72,0.18,0.1,0.27140483260154724,0.4127744436264038,0.31582069396972656
2025-01-10,0.01352375466376543,0.9815489649772644,0.004927316680550575,0.030706358046907713,0.9260697529620286,0.0432238889910637,0.07093661059108478,0.7767853789529511,0.1522780104559641,0.14,0.82,0.04,0.2549193799495697,0.4010593295097351,0.3440213203430176
2025-01-13,0.001274110283702612,0.9937489032745361,0.004977026954293251,0.007284624366120492,0.953021270835254,0.039694104798625535,0.021769945604810402,0.9396751259923005,0.038554928402889,0.04,0.8,0.16,0.23822233080863953,0.41049036383628845,0.35128727555274963
2025-01-14,0.00772638525813818,0.9816558957099915,0.010617713443934917,0.02618231343260937,0.9363620287572127,0.03745565781017794,0.02319019982849607,0.9008280280811024,0.07598177209040155,0.02,0.96,0.02,0.2616350054740906,0.3877556025981903,0.3506094217300415
2025-01-15,0.0013984122779220343,0.9683587551116943,0.03024284727871418,0.01549825437736803,0.8811565581966588,0.10334518742597307,0.01644928809815197,0.8844115998915676,0.09913911201028056,0.0,0.84,0.16,0.30239176750183105,0.37221845984458923,0.3253897428512573
2025-01-16,0.0061285304836928844,0.9618916511535645,0.03197978436946869,0.039722451575768064,0.8329211981659809,0.12735635025825115,0.04168966705118718,0.8965579929421064,0.061752340006706485,0.06,0.86,0.08,0.3204618990421295,0.3586653172969818,0.32087281346321106
2025-01-17,0.0543508417904377,0.9236823916435242,0.02196679450571537,0.196440733811329,0.7416215919460462,0.061937674242624925,0.3035577522622037,0.6078289224412894,0.08861332529650698,0.18,0.8,0.02,0.35736504197120667,0.3571151793003082,0.2855197787284851
2025-01-20,0.9418938159942627,0.05038878321647644,0.00771741010248661,0.7788023506001783,0.1801856966420279,0.041011952757793776,0.7294833575938601,0.2049923972205446,0.06552424518559531,0.68,0.3,0.02,0.35844337940216064,0.372023344039917,0.26953327655792236
2025-01-21,0.9468299150466919,0.04417725279927254,0.00899290107190609,0.8837510491735736,0.08818558967165623,0.028063361154770254,0.8474259380551137,0.11445223837409889,0.03812182357078751,0.78,0.2,0.02,0.33703112602233887,0.3824189305305481,0.28054991364479065
2025-01-22,0.9753175973892212,0.01749075949192047,0.0071916705928742886,0.852595832586258,0.12641122858818402,0.020992938825558083,0.8689017208919904,0.09848924593999593,0.03260903316801359,0.78,0.18,0.04,0.3190458118915558,0.40842506289482117,0.27252912521362305
2025-01-23,0.9379681944847107,0.04490714147686958,0.017124690115451813,0.8091457904557707,0.11708532171235696,0.07376888783187237,0.5678316588069916,0.31925543224070385,0.11291290895230455,0.7,0.1,0.2,0.31838300824165344,0.39425668120384216,0.2873603105545044
2025-01-24,0.017980441451072693,0.964888334274292,0.017131268978118896,0.061093206514656946,0.865253971247632,0.07365282223771101,0.2200789709779058,0.6715045114993875,0.10841651752270672,0.18,0.76,0.06,0.2864408791065216,0.3761836886405945,0.3373754322528839
2025-01-27,0.007966910488903522,0.9581702351570129,0.033862825483083725,0.02925619814004268,0.882572795169608,0.08817100669034941,0.09888194854658183,0.7556331817097582,0.14548486974365982,0.08,0.78,0.14,0.2502497732639313,0.371796190738678,0.37795406579971313
2025-01-28,0.0017127628671005368,0.020864171907305717,0.9774230122566223,0.010471368805441006,0.05275282488194095,0.9367758063126181,0.006689614463698909,0.04712084449474405,0.9461895410415572,0.02,0.16,0.82,0.2192394882440567,0.4078282117843628,0.3729322850704193
2025-01-29,0.001467118738219142,0.014767857268452644,0.9837650656700134,0.011222728816737451,0.08797468958743228,0.9008025815958304,0.01093373995805693,0.13992696786948536,0.8491392921724578,0.06,0.08,0.86,0.2434457689523697,0.37002575397491455,0.38652849197387695
2025-01-30,0.0016810771776363254,0.010189386084675789,0.9881294965744019,0.01563020064774225,0.06000314149987068,0.924366657852387,0.10343471848552283,0.15703079626237884,0.7395344852520983,0.16,0.06,0.78,0.2894890606403351,0.31710702180862427,0.39340394735336304
2025-01-31,0.023713547736406326,0.015677480027079582,0.960608959197998,0.06114877161568432,0.065232226463764,0.8736190019205518,0.10929369035608397,0.12869841199749107,0.7620078976464251,0.14,0.1,0.76,0.30569058656692505,0.2994224727153778,0.39488691091537476
2025-02-03,0.02320399135351181,0.9359785914421082,0.04081736132502556,0.11547711205854626,0.6506818829167459,0.2338410050247077,0.1027491295827393,0.7075456254174218,0.18970524499983885,0.04,0.78,0.18,0.2812812626361847,0.3475562036037445,0.3711625039577484
2025-02-04,0.9756635427474976,0.013696696609258652,0.010639735497534275,0.9315246787366138,0.03907390008099314,0.029401421182393105,0.8320345639427188,0.11918646916466419,0.048778966892617,0.92,0.06,0.02,0.3482211232185364,0.3380768597126007,0.3137020468711853
2025-02-05,0.9738469123840332,0.01752644218504429,0.008626706898212433,0.9239355206804271,0.05115496607663141,0.024909513242941397,0.868495669637442,0.07618885951013783,0.05531547085242006,0.82,0.16,0.02,0.37873369455337524,0.32840245962142944,0.2928638756275177
2025-02-06,0.9774343967437744,0.01971445605158806,0.0028511174023151398,0.945354805532504,0.04938986401975262,0.0052553304477434715,0.9372184473764641,0.05133851512036472,0.011443037503171065,0.82,0.12,0.06,0.3601960837841034,0.33680200576782227,0.30300191044807434
2025-02-07,0.9838290810585022,0.012213523499667645,0.003957353066653013,0.9499758581522589,0.04191141724696979,0.008112724600771237,0.8936454120466019,0.07945359562632763,0.026900992327070387,0.88,0.06,0.06,0.34026509523391724,0.37102001905441284,0.2887148857116699
2025-02-10,0.9690269827842712,0.02140149101614952,0.00957154855132103,0.9461823552825195,0.047097136694751934,0.006720508022728506,0.7887650962534929,0.14353721165600072,0.06769769209050652,0.7,0.22,0.08,0.31372135877609253,0.3922012150287628,0.29407742619514465
2025-02-11,0.02416284941136837,0.9627982378005981,0.013038882985711098,0.0912830165337391,0.8702510608947487,0.03846592257151219,0.24628195379956366,0.6538210825149083,0.09989696368552808,0.08,0.88,0.04,0.27048611640930176,0.3853926360607147,0.3441212475299835
2025-02-12,0.03273661807179451,0.952555775642395,0.014707646332681179,0.06524186077482869,0.9041301625999135,0.03062797662525774,0.0538603159443644,0.9056398202001162,0.040499863855519284,0.12,0.76,0.12,0.21699346601963043,0.4113379120826721,0.37166860699653625
2025-02-13,0.9561291933059692,0.03536342456936836,0.008507439866662025,0.8508987265732115,0.13769854684822244,0.011402726578565912,0.7312944636130121,0.2202107867248575,0.04849474966213039,0.64,0.32,0.04,0.26377782225608826,0.38095003366470337,0.35527220368385315
2025-02-14,0.9748257994651794,0.021160349249839783,0.0040138461627066135,0.8192789397187984,0.09965502091978218,0.08106603936141933,0.8822854649609148,0.08183222940489046,0.035882305634194776,0.74,0.16,0.1,0.2723087966442108,0.3482610583305359,0.3794301450252533
2025-02-17,0.9866734743118286,0.01151648536324501,0.001809996203519404,0.9431575966485078,0.04285888569863967,0.013983517652852549,0.8723406422187199,0.09581688680734159,0.03184247097393859,0.82,0.14,0.04,0.28947317600250244,0.35750481486320496,0.3530220091342926
2025-02-18,0.9847331643104553,0.01343732513487339,0.0018295049667358398,0.9473898418853045,0.04341145859874916,0.009198699515946427,0.887106251777634,0.08035493982888732,0.03253880839347868,0.84,0.16,0.0,0.27575036883354187,0.35676515102386475,0.3674844801425934
2025-02-19,0.9699019193649292,0.025834910571575165,0.004263207316398621,0.9193943337969953,0.06779436667831094,0.012811299524693771,0.828252496489133,0.12436290868552652,0.047384594825340555,0.76,0.22,0.02,0.2883141338825226,0.3502262234687805,0.3614596724510193
2025-02-20,0.9747240543365479,0.015467586927115917,0.009808355011045933,0.933411411914752,0.04391434497177849,0.02267424311346956,0.9234464329687996,0.04302220071271646,0.03353136631848401,0.76,0.14,0.1,0.2930777668952942,0.35545670986175537,0.3514655530452728
2025-02-21,0.9699326753616333,0.019839540123939514,0.010227866470813751,0.8682276354811899,0.07855955728998607,0.05321280722882402,0.7430483528668037,0.11779339612327534,0.13915825100992107,0.68,0.24,0.08,0.29239705204963684,0.32363075017929077,0.3839722275733948
2025-02-24,0.9470586776733398,0.038391079753637314,0.014550253748893738,0.8147053638753852,0.15409654380341584,0.031198092321199033,0.4797107913706954,0.29836810886348064,0.221921099765824,0.58,0.34,0.08,0.27259278297424316,0.3396613299846649,0.38774585723876953
2025-02-25,0.02374923788011074,0.9669297933578491,0.009320953860878944,0.053435340961641,0.9008897589810189,0.04567490005733998,0.06874453567362805,0.8377959427196515,0.09345952160672029,0.02,0.92,0.06,0.32166141271591187,0.30750104784965515,0.3708374798297882
2025-02-27,0.022978439927101135,0.9568116664886475,0.02020995132625103,0.1331756115095485,0.7624484428150503,0.10437594567540122,0.09550970138529793,0.6676731327887148,0.23681716582598727,0.06,0.8,0.14,0.3004315495491028,0.3175179958343506,0.38205045461654663
2025-02-28,0.014344996772706509,0.044196877628564835,0.9414581060409546,0.049679904374629394,0.12376048006625716,0.8265596155591134,0.09605371754533486,0.1380820483026142,0.7658642341520511,0.06,0.3,0.64,0.26384127140045166,0.35289230942726135,0.383266419172287
2025-03-03,0.009261714294552803,0.9522939324378967,0.03844435513019562,0.06331754044712609,0.845931299569851,0.09075115998302265,0.05624995831318883,0.7438409565537506,0.1999090851330605,0.04,0.76,0.2,0.29502618312835693,0.31191790103912354,0.3930559456348419
2025-03-04,0.00919535756111145,0.04659091681241989,0.9442136883735657,0.04818468579998123,0.17133575629783468,0.780479557902184,0.058230224137205466,0.17558400185006887,0.7661857740127256,0.02,0.14,0.84,0.27185606956481934,0.3071010708808899,0.4210428297519684
2025-03-05,0.006818979978561401,0.9625185132026672,0.030662521719932556,0.032599258530656594,0.7761827577717912,0.19121798369755222,0.027019594802024677,0.6859203661488397,0.2870600390491356,0.08,0.86,0.06,0.2855610251426697,0.29767513275146484,0.41676387190818787
2025-03-06,0.004123757127672434,0.9838526248931885,0.0120236212387681,0.019609463916052602,0.8911304759735222,0.08926006011042507,0.04211369721994494,0.860655915537785,0.09723038724227018,0.02,0.9,0.08,0.28267744183540344,0.29681631922721863,0.4205062687397003
2025-03-07,0.014537484385073185,0.9677239656448364,0.017738526687026024,0.02893820605632712,0.8479538514808215,0.12310794246285142,0.10424235852905267,0.6873006677227255,0.20845697374822192,0.08,0.76,0.16,0.27705898880958557,0.2995322644710541,0.42340874671936035
2025-03-10,0.004118357785046101,0.04959062486886978,0.9462910294532776,0.0107001523261762,0.13609305490375478,0.8532067927700691,0.04471630070956349,0.2303830776440378,0.7249006216463988,0.06,0.14,0.8,0.25013893842697144,0.30628281831741333,0.44357821345329285
2025-03-11,0.0010173189220950007,0.015394378453493118,0.9835883378982544,0.013692349030254843,0.07347112568445213,0.912836525285293,0.010207235581879371,0.05716410807710459,0.932628656341016,0.02,0.08,0.9,0.22873321175575256,0.32792600989341736,0.4433407485485077
2025-03-12,0.0010209765750914812,0.011614764109253883,0.9873642325401306,0.009265537162483631,0.06143667573092614,0.9292977871065903,0.019258959377579064,0.09888333065396113,0.8818577099684598,0.02,0.06,0.92,0.22157220542430878,0.35894957184791565,0.4194782078266144
2025-03-13,0.0011017038486897945,0.01872568018734455,0.9801725745201111,0.004186723664001116,0.05830468327243489,0.937508593063564,0.019560027524602203,0.14940201352848806,0.8310379589469097,0.04,0.12,0.84,0.22324787080287933,0.3628152012825012,0.413936972618103
2025-03-17,0.005781108513474464,0.014497056603431702,0.9797219038009644,0.02391881763031436,0.09421704040390622,0.8818641419657794,0.09422848709835195,0.13996044142259664,0.7658110714790514,0.06,0.14,0.8,0.2627193033695221,0.3788784146308899,0.358402281999588
2025-03-18,0.011359007097780704,0.04034745693206787,0.9482935070991516,0.03244073294792884,0.1177642923524215,0.8497949746996496,0.04439637155832534,0.44866540571635743,0.5069382227253172,0.06,0.14,0.8,0.3211847245693207,0.36084669828414917,0.31796860694885254
2025-03-19,0.032724760472774506,0.9509065747261047,0.0163686815649271,0.07967336093812495,0.803778260463476,0.11654837859839891,0.03341023657975134,0.9460178209080925,0.020571942512156157,0.1,0.82,0.08,0.34028491377830505,0.38136225938796997,0.27835285663604736
2025-03-20,0.011871326714754105,0.9623096585273743,0.025819001719355583,0.03487040857785319,0.8885519431886958,0.07657764823345108,0.14549743136503224,0.8220998783417682,0.032402690293199504,0.04,0.9,0.06,0.35688555240631104,0.3724138140678406,0.2707006633281708
2025-03-21,0.9524198174476624,0.03508525341749191,0.012494964525103569,0.8372279388514372,0.12993346420448207,0.03283859694408077,0.8192724656548558,0.14392791766696417,0.036799616678179915,0.8,0.12,0.08,0.36742663383483887,0.3892306685447693,0.24334274232387543
2025-03-24,0.9423246383666992,0.04517887905240059,0.012496511451900005,0.8244402854519811,0.12872718567161942,0.0468325288763995,0.7864569489798521,0.13923012127990333,0.07431292974024463,0.88,0.08,0.04,0.3513985276222229,0.4060981869697571,0.24250325560569763
2025-03-25,0.9681928753852844,0.02222432754933834,0.009582828730344772,0.8859721877470677,0.0893234373442745,0.02470437490865773,0.863905520614222,0.09245489477374853,0.043639584612029346,0.84,0.12,0.04,0.3664228618144989,0.37234753370285034,0.26122957468032837
2025-03-26,0.06568871438503265,0.925399124622345,0.00891211349517107,0.1749160016677429,0.7807090394395746,0.0443749588926825,0.23784966386631679,0.71347972385096,0.04867061228272318,0.16,0.78,0.06,0.35095083713531494,0.3649006485939026,0.28414860367774963
2025-03-27,0.9792715907096863,0.014380089938640594,0.006348315626382828,0.8704911208059791,0.09706169941373374,0.03244717978028714,0.8793593673632838,0.09721504632907572,0.023425586307640592,0.72,0.2,0.08,0.3443513512611389,0.33435335755348206,0.32129529118537903
2025-03-28,0.9747604131698608,0.014928696677088737,0.010310919024050236,0.8903082837785841,0.07877086731843477,0.030920848902981104,0.9125455679995187,0.0671539333694849,0.020300498630996443,0.86,0.12,0.02,0.3707469403743744,0.29022759199142456,0.33902543783187866
2025-04-01,0.03000592812895775,0.9580520391464233,0.011942028999328613,0.054269653183909757,0.8538895363773232,0.09184081043876696,0.1673647843658562,0.7978247546251149,0.034810461009028716,0.26,0.64,0.1,0.38909268379211426,0.24683624505996704,0.3640710711479187
2025-04-02,0.9814806580543518,0.011405146680772305,0.007114216685295105,0.9124509471525005,0.0727889869865454,0.014760065860954002,0.7431491160891514,0.1912107337378853,0.06564015017296336,0.86,0.1,0.04,0.38869690895080566,0.2888242304325104,0.3224788308143616
2025-04-03,0.9498249292373657,0.044979579746723175,0.005195491015911102,0.8672634197817336,0.12393221394944244,0.008804366268823829,0.8765773412543988,0.09916660283237914,0.024256055913222066,0.7,0.24,0.06,0.33836641907691956,0.38405483961105347,0.2775787115097046
2025-04-04,0.027421554550528526,0.9572969079017639,0.015281548723578453,0.05271024601770039,0.8467535916795559,0.10053616230274384,0.12325315223472326,0.7761885219926922,0.10055832577258444,0.16,0.72,0.12,0.3058277368545532,0.29867905378341675,0.39549317955970764
2025-04-07,0.0027056753169745207,0.007712141145020723,0.9895821809768677,0.005581778246414848,0.07257106923967774,0.9218471525139074,0.05382416888634226,0.08460473068217989,0.8615711004314778,0.0,0.12,0.88,0.2892692983150482,0.2565584182739258,0.4541722536087036
2025-04-08,0.0035694569814950228,0.011038154363632202,0.9853923916816711,0.007661327159398512,0.09734235538380687,0.8949963174567946,0.05952363582394207,0.09999601795590703,0.8404803462201509,0.02,0.12,0.86,0.2554505467414856,0.2998579442501068,0.4446915090084076
2025-04-09,0.0018640323542058468,0.017710983753204346,0.9804249405860901,0.0022479599013843048,0.10732373655637166,0.8904283035422439,0.01120715783555528,0.06313357965559803,0.9256592625088466,0.04,0.08,0.88,0.26211073994636536,0.32803890109062195,0.4098503589630127
2025-04-11,0.009780118241906166,0.014123774133622646,0.9760960936546326,0.007750246912510568,0.11206027654504162,0.8801894765424478,0.05627055686164324,0.1110100809927559,0.8327193621456008,0.1,0.26,0.64,0.21385358273983002,0.46150049567222595,0.3246459662914276
2025-04-15,0.007383087184280157,0.034925661981105804,0.9576912522315979,0.019043010637092406,0.17528776475709812,0.8056692246058095,0.10489259108730771,0.16912526063718003,0.7259821482755122,0.04,0.18,0.78,0.3236936032772064,0.3743697702884674,0.30193662643432617
2025-04-16,0.009192684665322304,0.02416054531931877,0.9666467905044556,0.03605197952488079,0.15545913699470332,0.808488883480416,0.07206029388384931,0.1318177888776108,0.79612191723854,0.08,0.1,0.82,0.34022682905197144,0.3721301257610321,0.2876430153846741
2025-04-17,0.006380810867995024,0.9861704111099243,0.007448769174516201,0.05870546506036628,0.8813458882117307,0.05994864672790326,0.1112045816382064,0.8024805019798632,0.08631491638193045,0.12,0.78,0.1,0.3334907293319702,0.3958759307861328,0.2706332802772522
2025-04-21,0.026846719905734062,0.03688797727227211,0.936265230178833,0.04938724086454803,0.19446517552778692,0.7561475836076651,0.08743357056988561,0.27693408219320187,0.6356323472369125,0.24,0.16,0.6,0.33419519662857056,0.4138413369655609,0.25196343660354614
2025-04-22,0.0163826085627079,0.9774865508079529,0.006130801513791084,0.04417320787622972,0.9119815663358469,0.04384522578792336,0.07927915025017217,0.8691070217750941,0.05161382797473368,0.12,0.8,0.08,0.31776848435401917,0.41493889689445496,0.2672926187515259
2025-04-23,0.02449624054133892,0.9716835021972656,0.003820184152573347,0.06924999669906517,0.9006278675399758,0.03012213576095894,0.061786758902455004,0.8791613765511068,0.05905186454643808,0.06,0.84,0.1,0.3525017499923706,0.3788124620914459,0.2686857283115387
2025-04-24,0.014086169190704823,0.9826743006706238,0.0032394821755588055,0.025709299140731962,0.958233177181732,0.016057523677536076,0.026463172925730794,0.9364079338947398,0.03712889317952944,0.02,0.94,0.04,0.37918567657470703,0.3791465759277344,0.2416677325963974
2025-04-25,0.020101584494113922,0.971930742263794,0.007967619225382805,0.0568316546663586,0.9072659875378819,0.03590235779575941,0.1323816584038618,0.8537801186848997,0.013838222911238516,0.06,0.94,0.0,0.43094897270202637,0.3003993034362793,0.26865166425704956
2025-04-28,0.012694709934294224,0.9862980842590332,0.0010072364239022136,0.05945602808927268,0.9343029134701618,0.00624105844056559,0.030376562709100222,0.9590543197995468,0.010569117491352949,0.14,0.84,0.02,0.4107542037963867,0.3548958897590637,0.23434995114803314
2025-04-29,0.03976990282535553,0.9550551772117615,0.005174849182367325,0.15647010855679286,0.8257608060370897,0.01776908540611736,0.14622358133902466,0.8212321652315182,0.0325442534294571,0.2,0.76,0.04,0.45812347531318665,0.306289941072464,0.23558662831783295
2025-04-30,0.9669623374938965,0.028096230700612068,0.004941459745168686,0.9441388584560277,0.04504873633036407,0.01081240521360819,0.8851103112443502,0.07578106469579929,0.03910862405985055,0.84,0.12,0.04,0.45349156856536865,0.3099554479122162,0.23655301332473755
2025-05-02,0.9695277214050293,0.018787328153848648,0.011684892699122429,0.8528674056716788,0.09055851590455047,0.05657407842377079,0.8654135330604616,0.09807739460596383,0.036509072333574366,0.72,0.22,0.06,0.4044927656650543,0.3026433289051056,0.2928639054298401
2025-05-05,0.9804279208183289,0.012618746608495712,0.006953315809369087,0.9229134378607142,0.054666590515362566,0.022419971623923243,0.7620681876892664,0.18925217831806385,0.04867963399266964,0.8,0.16,0.04,0.3132970929145813,0.4400646686553955,0.24663826823234558
2025-05-06,0.015031074173748493,0.9722244143486023,0.012744522653520107,0.023823158060885138,0.9331949248194435,0.04298191711967134,0.08972402069447041,0.862840062912523,0.04743591639300668,0.06,0.84,0.1,0.2590520679950714,0.45387545228004456,0.28707242012023926
2025-05-07,0.02648025192320347,0.9649986624717712,0.008521046489477158,0.05547291174534957,0.9282613228331636,0.01626576542148686,0.12727776633396914,0.8523531307282725,0.020369102937758288,0.1,0.82,0.08,0.2655399739742279,0.4328179657459259,0.3016420006752014
2025-05-08,0.009296094998717308,0.009662764146924019,0.9810411334037781,0.03224288959261686,0.04715724799617538,0.9205998624112077,0.06558491757687672,0.08173116995601704,0.8526839124671063,0.08,0.12,0.8,0.2657860219478607,0.3741304874420166,0.3600834906101227
2025-05-09,0.017271094024181366,0.05323490872979164,0.9294939637184143,0.042520763520754117,0.12208678511747274,0.8353924513617731,0.099589049067007,0.16917096132293788,0.7312399896100551,0.04,0.24,0.72,0.2667805850505829,0.4180659055709839,0.3151535093784332
2025-05-12,0.004116079770028591,0.023868171498179436,0.9720157980918884,0.016591207308884755,0.1526858781822809,0.8307229145088344,0.024624838564858746,0.2618885808687856,0.7134865805663556,0.0,0.24,0.76,0.23815381526947021,0.4891405701637268,0.2727055549621582
2025-05-13,0.0020454954355955124,0.9808022975921631,0.01715219020843506,0.010980033065395191,0.8857524217300073,0.10326754520459756,0.023084260971781224,0.8948089522430884,0.08210678678513038,0.02,0.84,0.14,0.21994055807590485,0.5259721875190735,0.25408726930618286
2025-05-14,0.0031530698761343956,0.9868434071540833,0.010003478266298771,0.0032192069389331336,0.955432988441423,0.041347804619643824,0.006715179682264625,0.9455067692692259,0.047778051048509414,0.04,0.92,0.04,0.19203604757785797,0.5808866620063782,0.22707733511924744
2025-05-15,0.003672205377370119,0.9908367395401001,0.005491057876497507,0.010136906437607715,0.944185414653048,0.04567767890934436,0.031794018312688875,0.8728783638025173,0.09532761788479382,0.02,0.88,0.1,0.2099451869726181,0.5703721046447754,0.21968267858028412
2025-05-16,0.0046847607009112835,0.9760323762893677,0.019282802939414978,0.0074192589770490595,0.940114995065004,0.052465745957946876,0.017429632956537645,0.9148375763395977,0.06773279070386469,0.0,0.84,0.16,0.200465127825737,0.5883864164352417,0.2111484408378601
2025-05-19,0.0030117209535092115,0.992263674736023,0.004724662285298109,0.01016133039415264,0.9683078894057008,0.021530780200146364,0.04846314085557735,0.8452947843086805,0.10624207483574204,0.02,0.92,0.06,0.18249721825122833,0.6220173239707947,0.19548539817333221
2025-05-20,0.006272497586905956,0.9899091720581055,0.0038183198776096106,0.019672615634176768,0.9681158809108023,0.01221150345502087,0.017642336973975953,0.8746000147492773,0.10775764827674672,0.0,0.96,0.04,0.18893323838710785,0.5794569253921509,0.23160982131958008
2025-05-21,0.0026972342748194933,0.9948680400848389,0.002434711903333664,0.007100436766145484,0.9834865100878922,0.009413053145962315,0.006284439795115533,0.9719143966434441,0.021801163561440306,0.02,0.96,0.02,0.1817503124475479,0.5866735577583313,0.23157620429992676
2025-05-22,0.005369260441511869,0.9887861013412476,0.0058446465991437435,0.024480241399789455,0.9498319135658316,0.025687845034378876,0.009444345958336531,0.949901271177259,0.04065438286440454,0.0,0.98,0.02,0.18618717789649963,0.5403728485107422,0.2734399139881134
2025-05-23,0.005952327977865934,0.9906739592552185,0.0033736983314156532,0.039682544949350015,0.9464618357959225,0.01385561925472759,0.01750025204588139,0.9668134477692121,0.01568630018490655,0.04,0.9,0.06,0.18089886009693146,0.5313869118690491,0.28771424293518066
2025-05-26,0.008659803308546543,0.9881905317306519,0.0031496991869062185,0.02951330751392712,0.9630606240627394,0.0074260684233334595,0.002631621011872444,0.9887388897018078,0.00862948928631977,0.02,0.94,0.04,0.1751449853181839,0.5300447344779968,0.29481029510498047
2025-05-27,0.005607002880424261,0.9914959669113159,0.002897014608606696,0.009428187940255232,0.9871057978223984,0.003466014237346471,0.004706437953620397,0.9770096238540571,0.018283938192322675,0.02,0.98,0.0,0.1729666292667389,0.5896315574645996,0.2374018281698227
2025-05-28,0.0024468665942549706,0.974414050579071,0.0231391042470932,0.0038446716375505996,0.928884064185965,0.0672712641764843,0.004284073141860843,0.8854553023797652,0.11026062447837397,0.0,0.92,0.08,0.16414856910705566,0.5755983591079712,0.2602531313896179
2025-05-29,0.0025122505612671375,0.9904602766036987,0.0070275417529046535,0.004267159977962975,0.9807025535051088,0.015030286516928205,0.010639082198073701,0.9369068118757766,0.0524541059261496,0.04,0.88,0.08,0.150821715593338,0.6602325439453125,0.18894577026367188
2025-05-30,0.006275530438870192,0.9695120453834534,0.024212421849370003,0.012847687562578067,0.9042395972334221,0.08291271520399983,0.026429199623956824,0.7803984503392511,0.193172350036792,0.0,0.7,0.3,0.1302008032798767,0.6749435067176819,0.1948557198047638
2025-06-02,0.0008387911366298795,0.015979604795575142,0.9831816554069519,0.0019368815286264678,0.05747045521130486,0.9405926632600686,0.005488200535821017,0.11375704352490691,0.8807547559392721,0.0,0.2,0.8,0.13334521651268005,0.6725573539733887,0.19409744441509247
2025-06-03,0.000834327598568052,0.03162308782339096,0.9675425887107849,0.002412923208883752,0.0791673585219266,0.9184197182691896,0.008483370121842864,0.17966624496023903,0.811850384917918,0.02,0.22,0.76,0.1311568170785904,0.6597743630409241,0.20906881988048553
2025-06-04,0.0018077149288728833,0.03656654804944992,0.9616256952285767,0.002974806047379355,0.059749165776458696,0.937276028176162,0.01467923755012869,0.24262242816245197,0.7426983342874193,0.0,0.3,0.7,0.12994198501110077,0.6817002296447754,0.18835777044296265
2025-06-05,0.0012089136289432645,0.9901201725006104,0.008670935407280922,0.0045084284639135,0.9472171301555946,0.048274441380491744,0.0047498906637665934,0.9489808950371562,0.04626921429907731,0.0,0.9,0.1,0.12818658351898193,0.7038405537605286,0.1679728627204895
2025-06-06,0.005992013029754162,0.9825687408447266,0.011439207941293716,0.004818977342682991,0.9389130333180137,0.056267989339303257,0.01744283099637228,0.9383006927821446,0.04425647622148313,0.02,0.88,0.1,0.12470512092113495,0.7193424105644226,0.15595249831676483
2025-06-09,0.006063815206289291,0.9841263294219971,0.00980983953922987,0.013411757835850458,0.942098158998594,0.04449008316555559,0.1682279494332397,0.7977856560109835,0.03398639455577673,0.02,0.94,0.04,0.1335546225309372,0.7218479514122009,0.1445973962545395
2025-06-10,0.016028638929128647,0.9722974300384521,0.011673962697386742,0.03944726641621531,0.9194665632862958,0.041086170297488726,0.18896184616765532,0.7481875374235974,0.06285061640874737,0.1,0.88,0.02,0.1424621194601059,0.7087459564208984,0.14879192411899567
2025-06-11,0.9582774043083191,0.026332078501582146,0.015390472486615181,0.8632279171848912,0.09952754893745282,0.037244533877655944,0.6614902201080699,0.30908474428611143,0.029425035605818693,0.76,0.2,0.04,0.14624382555484772,0.706671416759491,0.14708469808101654
2025-06-12,0.953292965888977,0.04030950739979744,0.006397603545337915,0.7986535584371176,0.17650556409803614,0.024840877464846364,0.6196181243712606,0.3138968077080623,0.06648506792067713,0.7,0.28,0.02,0.15350788831710815,0.6929054856300354,0.15358659625053406
2025-06-13,0.006996585056185722,0.9848946928977966,0.008108776062726974,0.008824885980220387,0.9666371813350229,0.024537932684756927,0.027393322564771547,0.9413525850732786,0.031254092361949884,0.0,0.98,0.02,0.15106764435768127,0.694891631603241,0.15404069423675537
2025-06-16,0.0008496283553540707,0.994306743144989,0.004843639209866524,0.0028125600611439527,0.9725239493607768,0.024663490578079064,0.045874127650801115,0.8706025741006554,0.08352329824854353,0.02,0.88,0.1,0.1536281257867813,0.6916712522506714,0.15470066666603088
2025-06-17,0.035414520651102066,0.9599924683570862,0.0045929825864732265,0.08355444333458266,0.8970246012658069,0.01942095539961054,0.08192633213438266,0.8465106659033174,0.07156300196229991,0.02,0.94,0.04,0.18207894265651703,0.6232200264930725,0.19470098614692688
2025-06-18,0.011003326624631882,0.9815762042999268,0.00742051936686039,0.03862696760151904,0.9459286303366801,0.01544440206180082,0.04841396645132677,0.9264432781797863,0.0251427553688868,0.06,0.92,0.02,0.18856266140937805,0.6000652313232422,0.21137218177318573
2025-06-19,0.024410739541053772,0.9691739082336426,0.006415397394448519,0.04488116000639188,0.936214856657507,0.01890398333610109,0.05586743600293004,0.9043847083249335,0.039747855672136345,0.1,0.86,0.04,0.20227278769016266,0.5687796473503113,0.22894755005836487
2025-06-20,0.011130398139357567,0.9857875108718872,0.003082119859755039,0.024171079580734653,0.960371309700606,0.015457610718659271,0.12017025871266783,0.8486752916582602,0.031154449629072156,0.0,0.98,0.02,0.19691608846187592,0.5879364013671875,0.21514753997325897
2025-06-23,0.0017615141114220023,0.9922882318496704,0.0059502325020730495,0.004579699432168234,0.9799711964085397,0.015449104159291871,0.01368560308937032,0.8429455440623369,0.14336885284829284,0.0,0.98,0.02,0.18972930312156677,0.5862165093421936,0.22405418753623962
2025-06-24,0.0015342955011874437,0.9953534603118896,0.0031122686341404915,0.003985319817910688,0.9815339746150574,0.014480705567031977,0.011520581298597333,0.9161650105608463,0.07231440814055635,0.0,0.96,0.04,0.18270501494407654,0.6122728586196899,0.20502211153507233
2025-06-25,0.004570309538394213,0.9579592943191528,0.03747043013572693,0.017017918466625506,0.832196944272504,0.15078513726087048,0.013403033631075844,0.8285495980215419,0.15804736834738237,0.04,0.8,0.16,0.17645634710788727,0.6095170974731445,0.214026540517807
2025-06-26,0.0009437705157324672,0.9708300828933716,0.028226157650351524,0.002473615561019021,0.9530907360746738,0.04443564836430736,0.015897648762342734,0.78054483858834,0.20355751264931732,0.04,0.88,0.08,0.16042788326740265,0.6493041515350342,0.19026805460453033
2025-06-27,0.006347895599901676,0.0680105909705162,0.9256415367126465,0.016439039945019412,0.23334013145308746,0.7502208286018931,0.023332209386902187,0.5394440179648021,0.43722377264829565,0.04,0.26,0.7,0.15579794347286224,0.6463801264762878,0.1978219598531723
2025-06-30,0.0055527654476463795,0.9894680380821228,0.004979233257472515,0.010177633434933586,0.9642355502584302,0.025586816306636166,0.01749376029951274,0.9241983669049165,0.05830787279557078,0.0,0.86,0.14,0.15040446817874908,0.6698893904685974,0.1797061413526535
2025-07-01,0.00831799115985632,0.9868541955947876,0.004827782046049833,0.03827018435456406,0.9387327702511851,0.022997045394250962,0.017068902492340412,0.9453717304144515,0.0375593670932082,0.02,0.9,0.08,0.1485162377357483,0.6806368231773376,0.17084693908691406
2025-07-02,0.004907072987407446,0.9903102517127991,0.00478267902508378,0.03779892508671687,0.93899623749624,0.023204837417043097,0.012501702367264741,0.9601622381133461,0.027336059519389284,0.02,0.94,0.04,0.14529061317443848,0.6919876933097839,0.16272172331809998
2025-07-03,0.002209915081039071,0.9938953518867493,0.0038947192952036858,0.006391081774809915,0.9615563236427412,0.03205259458244894,0.01490604323937759,0.9543820867278008,0.030711870032821616,0.04,0.92,0.04,0.13944929838180542,0.7024587988853455,0.15809181332588196
2025-07-04,0.004161021672189236,0.99126797914505,0.004570995457470417,0.0176039315986659,0.9670834940125211,0.015312574388813078,0.016033314485089108,0.9613148673488537,0.022651818166057214,0.04,0.94,0.02,0.16068629920482635,0.6676692962646484,0.171644389629364
2025-07-07,0.047298844903707504,0.9466533660888672,0.006047826260328293,0.1083786379422785,0.87123591391421,0.020385448143511495,0.1336115738720447,0.8061559009751931,0.06023252515276226,0.12,0.74,0.14,0.18980441987514496,0.6239787936210632,0.186216801404953
2025-07-08,0.008405818603932858,0.06376522034406662,0.9278289079666138,0.022483687852385734,0.1427657720098408,0.8347505401377734,0.05523097197126895,0.3991716967580866,0.5455973312706445,0.06,0.34,0.6,0.17214839160442352,0.6324602365493774,0.19539141654968262
2025-07-09,0.0034604191314429045,0.972990095615387,0.02354942448437214,0.0019987321899667012,0.9478973521669538,0.050103915643079554,0.05782039818141383,0.8849648309648012,0.05721477085378496,0.06,0.9,0.04,0.1613077074289322,0.663424551486969,0.17526769638061523
2025-07-10,0.012299853377044201,0.042442772537469864,0.9452573657035828,0.03718158252717005,0.10226818142086669,0.8605502360519633,0.18663706212142148,0.4863475098268667,0.32701542805171174,0.1,0.22,0.68,0.1726982593536377,0.621911346912384,0.20539036393165588
2025-07-11,0.0038059991784393787,0.9929977655410767,0.003196252044290304,0.006401375507519618,0.9844695308129978,0.009129093679482668,0.023071778345640868,0.9391448223510515,0.03778339930330761,0.0,0.98,0.02,0.1564486175775528,0.6658867001533508,0.17766471207141876
2025-07-14,0.002793822903186083,0.9954081177711487,0.0017979968106374145,0.012468169090278687,0.9718315657928476,0.01570026511687371,0.020919782768048813,0.9613778716348677,0.017702345597083585,0.04,0.96,0.0,0.16590090095996857,0.6625031232833862,0.1715959757566452
2025-07-15,0.019544338807463646,0.9767430424690247,0.003712654812261462,0.05393844447770033,0.9203495197812678,0.025712035741031893,0.09025454403922921,0.8925866201704921,0.017158835790278822,0.08,0.88,0.04,0.19712214171886444,0.6215855479240417,0.1812923699617386
2025-07-16,0.023526495322585106,0.9726278781890869,0.0038456821348518133,0.08500520619469301,0.8978014822872393,0.017193311518067567,0.08968097892609077,0.8573846173246973,0.052934403749212,0.1,0.9,0.0,0.19873149693012238,0.6161919236183167,0.1850764900445938
2025-07-17,0.02555260621011257,0.9713557958602905,0.0030916244722902775,0.0829987557418961,0.9040865329836156,0.012914711274488339,0.10522606656704005,0.855040215012317,0.039733718420643056,0.12,0.86,0.02,0.18271149694919586,0.6487818360328674,0.1685066670179367
2025-07-18,0.00300768599845469,0.9962425231933594,0.0007497757906094193,0.0072928962984667835,0.986852115998591,0.005854987702941989,0.004452383983965606,0.9898106671191182,0.005736948896916103,0.04,0.94,0.02,0.17710863053798676,0.6573352813720703,0.16555607318878174
2025-07-21,0.0020461436361074448,0.9933841824531555,0.004569712560623884,0.0040124679221931105,0.9858729181259331,0.010114613951873939,0.02549275293975958,0.9518385158288009,0.022668731231439674,0.02,0.96,0.02,0.16963762044906616,0.6640103459358215,0.1663520783185959
2025-07-22,0.0021217120811343193,0.044357992708683014,0.9535202980041504,0.013660600972101573,0.1404347330832059,0.8459046659446926,0.023852257361027362,0.1930656694141252,0.7830820732248474,0.02,0.28,0.7,0.18893925845623016,0.6125513911247253,0.1985093206167221
2025-07-23,0.002736622467637062,0.042275846004486084,0.9549875855445862,0.007891505646132125,0.08043734306430315,0.9116711512895648,0.036759898282826005,0.22937967836156228,0.7338604233556117,0.02,0.36,0.62,0.1830933541059494,0.6238890886306763,0.19301757216453552
2025-07-24,0.0008012052858248353,0.9714358448982239,0.02776295132935047,0.0037177199294607375,0.9132085991866875,0.08307368088385164,0.03007236119020269,0.7342589038470744,0.23566873496272311,0.02,0.88,0.1,0.16735395789146423,0.6499539613723755,0.18269206583499908
2025-07-25,0.9387204647064209,0.04772879183292389,0.013550719246268272,0.8679895414131433,0.09555331158396456,0.03645714700289203,0.4494457556301306,0.4224070991335707,0.12814714523629867,0.58,0.28,0.14,0.17405810952186584,0.6473950743675232,0.17854684591293335
2025-07-28,0.9620814919471741,0.03401564806699753,0.0039028022438287735,0.8863018430816204,0.0999070664531301,0.013791090465249602,0.8037375613349848,0.17563988753527873,0.020622551129736492,0.78,0.2,0.02,0.17514900863170624,0.6506474018096924,0.17420364916324615
2025-07-29,0.9584829211235046,0.03428135812282562,0.007235774304717779,0.8944751349341974,0.08804757979899012,0.017477285266812626,0.7091582565308238,0.26763485475380855,0.02320688871536765,0.76,0.24,0.0,0.1935814917087555,0.6466082334518433,0.15981034934520721
2025-07-30,0.9673760533332825,0.021568717435002327,0.011055289767682552,0.8542671211353405,0.11691058376436336,0.028822295100296286,0.7886672937860805,0.18396817988829264,0.027364526325627008,0.84,0.12,0.04,0.1958073228597641,0.6436948180198669,0.16049793362617493
2025-07-31,0.9593225717544556,0.023222913965582848,0.017454590648412704,0.9040818310503729,0.07427662213472043,0.02164154681490668,0.6927475381770848,0.14480369377086408,0.16244876805205116,0.76,0.2,0.04,0.2008627951145172,0.6175166368484497,0.1816204935312271
2025-08-01,0.94625324010849,0.0453350730240345,0.008411705493927002,0.7991396427522324,0.19370195141393376,0.007158405833833883,0.7298143224115412,0.1867799442088033,0.08340573337965551,0.66,0.22,0.12,0.2589171826839447,0.45371460914611816,0.28736814856529236
2025-08-04,0.9459702968597412,0.046343185007572174,0.007686543744057417,0.836932805845526,0.15291476407765134,0.010152430076822703,0.7633099432695769,0.18882961470742687,0.04786044202299626,0.7,0.24,0.06,0.28566694259643555,0.4200168251991272,0.2943161725997925
2025-08-05,0.021890634670853615,0.9467653632164001,0.03134406730532646,0.0612625767021495,0.8366455771722485,0.102091846125602,0.10483565108588239,0.8030843441855136,0.09208000472860398,0.12,0.72,0.16,0.27427616715431213,0.38568219542503357,0.3400415778160095
2025-08-06,0.009089493192732334,0.05418366193771362,0.9367268085479736,0.02946591135489597,0.17836773716176718,0.7921663514833369,0.06752681178433506,0.08979530118173165,0.8426778870339333,0.06,0.2,0.74,0.2703203856945038,0.3697599768638611,0.35991957783699036
2025-08-07,0.0022863647900521755,0.011074922047555447,0.9866387844085693,0.010523095590144776,0.04835373438993381,0.9411231700199213,0.04513402010885942,0.05870170515891896,0.8961642747322216,0.04,0.04,0.92,0.28061792254447937,0.3709028661251068,0.3484792411327362
2025-08-08,0.005368124693632126,0.04211524873971939,0.9525166153907776,0.024645663448715906,0.12302328209009197,0.8523310544611921,0.030808257516435577,0.2284824089438831,0.7407093335396814,0.06,0.24,0.7,0.27893367409706116,0.3802224099636078,0.34084397554397583
2025-08-11,0.004082933068275452,0.03701537847518921,0.9589016437530518,0.026184188892881405,0.11383402484883286,0.8599817862582857,0.04180688418213435,0.15979329747080318,0.7983998183470624,0.08,0.24,0.68,0.29076632857322693,0.3656914532184601,0.343542218208313
2025-08-12,0.008957366459071636,0.954203188419342,0.036839425563812256,0.04263726857011122,0.8910289341418697,0.06633379728801908,0.030573230576460112,0.8595967329388688,0.109830036484671,0.02,0.96,0.02,0.2965458929538727,0.3833722472190857,0.32008180022239685
2025-08-13,0.0047068726271390915,0.9875165224075317,0.007776676211506128,0.017247109224774633,0.9642994408788019,0.018453449896423394,0.013211062330373703,0.91326745944195,0.07352147822767635,0.02,0.94,0.04,0.34423696994781494,0.3766106963157654,0.2791523337364197
2025-08-14,0.008742946200072765,0.9783963561058044,0.012860648334026337,0.015056425777560894,0.97379584010278,0.01114773411965921,0.035740478163234175,0.8999665366814132,0.06429298515535257,0.02,0.92,0.06,0.32560285925865173,0.38696032762527466,0.28743675351142883
2025-08-18,0.00880206935107708,0.9836856722831726,0.007512252312153578,0.02324595153263179,0.9496719670835853,0.027082081383782916,0.041632566841179136,0.8778133104096709,0.08055412274915003,0.06,0.86,0.08,0.3009454011917114,0.4177679717540741,0.2812866270542145
2025-08-19,0.011524498462677002,0.9851440787315369,0.0033314344473183155,0.024673945720606806,0.9595851008950047,0.01574095338438855,0.03977927898970491,0.9128555103914574,0.047365210618837805,0.06,0.92,0.02,0.25968047976493835,0.4457600712776184,0.2945594787597656
2025-08-20,0.003169022034853697,0.9859756827354431,0.010855292901396751,0.0063628196417718315,0.9584629595537714,0.035174220804456584,0.03736552207708778,0.9106785071529722,0.05195597076994008,0.04,0.86,0.1,0.19681166112422943,0.5026306509971619,0.3005577325820923
2025-08-21,0.006828838028013706,0.9883300065994263,0.004841131623834372,0.008442790966860016,0.9824137407767645,0.009143468256375386,0.08727764856179421,0.8812829378998127,0.03143941353839312,0.14,0.86,0.0,0.19472765922546387,0.5203995704650879,0.28487274050712585
2025-08-22,0.9366581439971924,0.055533986538648605,0.007807940244674683,0.8627335973483878,0.12386373774156016,0.013402664910051857,0.6018311125765387,0.36308912973674007,0.035079757686721204,0.62,0.34,0.04,0.228990375995636,0.5282178521156311,0.24279172718524933
2025-08-25,0.9536433219909668,0.041206762194633484,0.005149948410689831,0.886600747146707,0.10183899317630443,0.011560259676988574,0.7096022987834373,0.24379921170504276,0.04659848951151998,0.66,0.28,0.06,0.2451770305633545,0.5115140676498413,0.24330897629261017
2025-08-26,0.03087477572262287,0.9512649178504944,0.017860310152173042,0.08391372772577242,0.8603631081317746,0.055723164142452854,0.05833487198904521,0.8730413964313084,0.0686237315796463,0.1,0.88,0.02,0.2509867548942566,0.47781890630722046,0.2711942493915558
2025-08-28,0.002633382100611925,0.9891164898872375,0.008250092156231403,0.011074209100893379,0.9810214071651131,0.007904383733993397,0.05976958754778358,0.9170916207478668,0.023138791704349668,0.1,0.84,0.06,0.28239011764526367,0.45710289478302,0.2605070471763611
2025-08-29,0.014363308437168598,0.975492000579834,0.010144696570932865,0.030951623315278978,0.9525527052790853,0.01649567140563557,0.05655674485223913,0.9124581352016513,0.030985119946109592,0.06,0.94,0.0,0.24918681383132935,0.4469275176525116,0.30388563871383667
2025-09-01,0.013504007831215858,0.9775733947753906,0.008922595530748367,0.019643467779902803,0.9634524996120906,0.0169040326080067,0.07270954819595013,0.8773327690106447,0.0499576827934053,0.06,0.9,0.04,0.2364422231912613,0.48425769805908203,0.2793000340461731
2025-09-02,0.0007209538598544896,0.9931602478027344,0.006118781864643097,0.0028691927983830775,0.9822978527030359,0.014832954498580955,0.007935746928765496,0.954838259578224,0.03722599349301055,0.04,0.88,0.08,0.18202993273735046,0.5494414567947388,0.26852864027023315
2025-09-03,0.00046548788668587804,0.9961491823196411,0.00338530819863081,0.0015659217447846398,0.9862431482660449,0.012190929989170507,0.024596301523593697,0.9245499078678582,0.05085379060854823,0.0,0.92,0.08,0.1726384311914444,0.6282973289489746,0.199064239859581
2025-09-04,0.0006247996934689581,0.9934810400009155,0.005894156638532877,0.0017105004717070861,0.9830864990525451,0.01520300047574786,0.01256425802671934,0.9786628887084101,0.008772853264870721,0.04,0.84,0.12,0.17261573672294617,0.6171934604644775,0.2101907879114151
2025-09-05,0.0005269635003060102,0.9973034858703613,0.0021694956813007593,0.0010115869360849562,0.9957821237502527,0.00320628931366244,0.004671699880839516,0.9900070559845767,0.005321244134583679,0.0,1.0,0.0,0.18255409598350525,0.6084108352661133,0.2090350091457367
2025-09-08,0.00023086542205419391,0.997763991355896,0.0020051731262356043,0.0006923487375724018,0.99493289242296,0.004374758839467629,0.003545170341943626,0.9716070751931889,0.024847754464867446,0.0,0.98,0.02,0.16436468064785004,0.6460172533988953,0.1896180361509323
2025-09-09,0.00038561137625947595,0.9961622953414917,0.003452052129432559,0.0010636611328590704,0.9927734948167729,0.006162844050368158,0.003411586586332079,0.9841045733590247,0.012483840054643218,0.02,0.96,0.02,0.1584603190422058,0.6726545691490173,0.16888506710529327
2025-09-10,0.0024334928020834923,0.973152220249176,0.024414336308836937,0.002877380240485724,0.9857193142772086,0.011403305482305755,0.007274665661146925,0.937409335110377,0.05531599922847618,0.0,0.92,0.08,0.1638682782649994,0.6738095283508301,0.16232222318649292
2025-09-11,0.0018555059796199203,0.9907009601593018,0.007443480659276247,0.008630006727926178,0.9683417034864967,0.023028289785577232,0.030399014190060893,0.9295218103019564,0.04007917550798277,0.0,0.92,0.08,0.16347183287143707,0.6708486080169678,0.16567961871623993
2025-09-12,0.022055763751268387,0.9759871959686279,0.0019570563454180956,0.035213037606012645,0.9580160910460744,0.0067708713479128005,0.05008055882905632,0.9368558256823928,0.013063615488550893,0.06,0.94,0.0,0.16503620147705078,0.6660181879997253,0.1689455807209015
2025-09-15,0.0005332821747288108,0.9931575655937195,0.006309146527200937,0.0011717618035289995,0.9903483201031196,0.008479918093351252,0.006929532767444288,0.9752141526530234,0.017856314579532306,0.0,1.0,0.0,0.14990147948265076,0.6726391315460205,0.17745940387248993
2025-09-16,0.000897876569069922,0.9980013966560364,0.0011006923159584403,0.0016352936664983785,0.9953998183696613,0.002964887963840162,0.03115804932243392,0.9351137027610278,0.03372824791653824,0.02,0.96,0.02,0.1507764458656311,0.685732364654541,0.1634911596775055
2025-09-17,0.0013706962345167994,0.9980790615081787,0.0005502380081452429,0.0012297085260555903,0.996908608522369,0.0018616829515754232,0.04156512945536518,0.9431221100151175,0.01531276052951738,0.0,0.98,0.02,0.14653851091861725,0.6763573288917542,0.1771041303873062
2025-09-18,0.9398422241210938,0.05918287858366966,0.0009748666197992861,0.8589143945640104,0.13862139634467768,0.002464209091311874,0.73388553835314,0.24115266376341113,0.024961797883448784,0.76,0.22,0.02,0.169764906167984,0.6604272127151489,0.16980786621570587
2025-09-19,0.9726468324661255,0.02511238493025303,0.0022408305667340755,0.8914961748338884,0.10283393844525858,0.005669886720853046,0.80635112105404,0.18244040198140113,0.011208476964558884,0.86,0.1,0.04,0.20270879566669464,0.6153820157051086,0.18190917372703552
2025-09-22,0.9825050830841064,0.016132978722453117,0.0013619186356663704,0.9295160737591122,0.06315853613017011,0.007325390110717788,0.8803836970846568,0.10961523183531754,0.010001071080025577,0.78,0.22,0.0,0.19934487342834473,0.5921174883842468,0.20853759348392487
2025-09-23,0.97388756275177,0.022844845429062843,0.003267575753852725,0.9460580927377603,0.04606580904602915,0.007876098216210468,0.8571887604944586,0.11040579638491511,0.032405443120626314,0.64,0.34,0.02,0.2002943754196167,0.5761524438858032,0.22355318069458008
2025-09-24,0.9610694050788879,0.03541656211018562,0.003513975767418742,0.8730703376852947,0.12082119702998356,0.0061084652847216295,0.7249619297163432,0.222164544351576,0.05287352593208087,0.76,0.2,0.04,0.2036333531141281,0.5753999948501587,0.22096669673919678
2025-09-25,0.016349462792277336,0.979387104511261,0.0042634992860257626,0.07267950096312589,0.9196132602925257,0.007707238744348314,0.13701293381507723,0.8372753695303841,0.025711696654538537,0.08,0.92,0.0,0.2069983184337616,0.544944167137146,0.24805760383605957
2025-09-26,0.004227910190820694,0.9885922074317932,0.007179948501288891,0.016554413991300043,0.975260846355151,0.008184739653548977,0.04585409465744485,0.938226453499374,0.01591945184318114,0.04,0.86,0.1,0.21734493970870972,0.4899420142173767,0.29271310567855835
2025-09-29,0.0020309998653829098,0.9951587319374084,0.0028102644719183445,0.006197998606643955,0.9894727843646187,0.004329217028737308,0.02603036738142756,0.9364141222416722,0.03755551037690018,0.04,0.9,0.06,0.24425780773162842,0.4439248740673065,0.3118172585964203
2025-09-30,0.0022235182113945484,0.995375394821167,0.002401054138317704,0.027793157513501397,0.9418501553929031,0.03035668709359556,0.02834904177551626,0.9610331730075246,0.010617785216959144,0.02,0.88,0.1,0.2536260783672333,0.4212314188480377,0.3251424729824066
2025-10-01,0.009141404181718826,0.9643634557723999,0.02649514563381672,0.03615938299945753,0.8580491608987486,0.10579145610179386,0.09834538823894831,0.7009795162331173,0.20067509552793442,0.04,0.84,0.12,0.2733239233493805,0.43204787373542786,0.29462817311286926
2025-10-03,0.007833600975573063,0.029340770095586777,0.9628256559371948,0.0247936549163132,0.12465825136260353,0.8505480937210832,0.047259255947230086,0.26393579158759634,0.6888049524651736,0.04,0.16,0.8,0.2637999653816223,0.4497026205062866,0.2864973843097687
2025-10-06,0.006902620196342468,0.9855539202690125,0.00754344929009676,0.01578566980164087,0.9633044898658072,0.020909840332551975,0.06289376397276282,0.8968286177876665,0.040277618239570545,0.04,0.86,0.1,0.2645268738269806,0.46832722425460815,0.2671458423137665
2025-10-07,0.009556373581290245,0.9846842885017395,0.005759397987276316,0.0204995461351287,0.9655523500055908,0.013948103859280586,0.03671826783960407,0.9155587614415343,0.04772297071886172,0.0,0.94,0.06,0.2637825310230255,0.48448312282562256,0.2517344057559967
2025-10-08,0.001588008482940495,0.9898360371589661,0.008575954474508762,0.002452753788676842,0.9755655560669234,0.021981690144399605,0.01942806741253559,0.9507966413746571,0.029775291212807236,0.0,0.96,0.04,0.22749947011470795,0.5194560289382935,0.2530445158481598
2025-10-09,0.0006223047967068851,0.9899896383285522,0.00938810221850872,0.001355830066054675,0.9798152393462676,0.01882893058767778,0.01888592488283629,0.9604556257247562,0.02065844939240761,0.0,0.9,0.1,0.21255958080291748,0.529586911201477,0.2578534781932831
2025-10-10,0.0014831670559942722,0.9974992871284485,0.0010174850467592478,0.0029723306537167535,0.9948660196039486,0.0021616497423346363,0.10303664422919477,0.8345592972198215,0.06240405855098376,0.02,0.94,0.04,0.23776736855506897,0.5111004710197449,0.25113213062286377
2025-10-13,0.0023951507173478603,0.9931204319000244,0.004484428092837334,0.006168775020819358,0.9867751380694366,0.007056086909744025,0.0783266871559998,0.7976567712227463,0.12401654162125393,0.06,0.88,0.06,0.2521081268787384,0.5057110786437988,0.24218082427978516
2025-10-14,0.00855580996721983,0.07048488408327103,0.9209593534469604,0.026193245239000653,0.1479696651908675,0.8258370895701318,0.07965530601666085,0.4421076127477553,0.4782370812355839,0.08,0.22,0.7,0.24367639422416687,0.4890880286693573,0.2672356069087982
2025-10-15,0.0010883250506594777,0.9647853374481201,0.03412635251879692,0.005970141371599745,0.9159764430421868,0.07805341558621351,0.006250052246468438,0.9047294961371346,0.08902045161639703,0.0,0.94,0.06,0.23148074746131897,0.5158969163894653,0.2526223063468933
2025-10-16,0.0007831564289517701,0.993934690952301,0.005282184109091759,0.00266017891281247,0.9743517831170371,0.022988037970150334,0.00973337876222587,0.864947758356584,0.12531886288119004,0.04,0.88,0.08,0.20334704220294952,0.5554797649383545,0.24117319285869598
2025-10-17,0.0011122421128675342,0.9881516098976135,0.010736062191426754,0.0024025862503491823,0.9886660682041283,0.008931345545522542,0.00881246580140407,0.9562240261098628,0.03496350808873309,0.0,1.0,0.0,0.21248222887516022,0.5660464763641357,0.22147127985954285
2025-10-20,0.009480676613748074,0.9857483506202698,0.004770978353917599,0.024126355294127266,0.9618748542891169,0.013998790416755783,0.009602516037781679,0.9371769379714199,0.053220545990798396,0.02,0.92,0.06,0.2384313941001892,0.5427719354629517,0.21879659593105316
2025-10-21,0.006248798221349716,0.9922854900360107,0.001465714885853231,0.015325548011937348,0.9760471780585502,0.008627273929512505,0.040422350633076774,0.943352917625329,0.016224731741594167,0.04,0.92,0.04,0.23620249330997467,0.5609673857688904,0.20283003151416779
2025-10-23,0.0060112145729362965,0.9909079074859619,0.003080930793657899,0.017566798158476594,0.973488410931523,0.008944790910000368,0.17936669445244494,0.7978690641966225,0.022764241350932465,0.08,0.9,0.02,0.2128695398569107,0.5982622504234314,0.18886823952198029
2025-10-24,0.0010297807166352868,0.9956188797950745,0.003351254388689995,0.002688381389150669,0.9919688016860684,0.005342816924781063,0.006316049274991843,0.979138364347588,0.014545586377419997,0.0,1.0,0.0,0.19739900529384613,0.6135692596435547,0.1890316605567932
2025-10-27,0.0006760839023627341,0.9969528913497925,0.0023709579836577177,0.0008440858649927946,0.9950485049401517,0.004107409194855538,0.007660177368915714,0.9585136604678073,0.033826162163276934,0.02,0.96,0.02,0.18930861353874207,0.6156499981880188,0.19504138827323914
2025-10-28,0.0028827704954892397,0.9906553626060486,0.006461929529905319,0.006878432574838131,0.9605641150432431,0.032557452381918636,0.010708138379146984,0.912436355147566,0.0768555064732869,0.02,0.92,0.06,0.20060354471206665,0.5885810852050781,0.2108154445886612
2025-10-29,0.001514544477686286,0.9939946532249451,0.004490823019295931,0.0026902358566292333,0.9807980227637609,0.016511741379609816,0.010035808787010008,0.9071366205386052,0.08282757067438469,0.04,0.9,0.06,0.17652282118797302,0.6398963332176208,0.18358083069324493
2025-10-30,0.0035507031716406345,0.9878324270248413,0.008616823703050613,0.004555232354037143,0.9687914053831514,0.026653362262811352,0.0065987614274898776,0.9473531317733623,0.046048106799147656,0.02,0.94,0.04,0.18073764443397522,0.61307692527771,0.20618538558483124
2025-10-31,0.002231376711279154,0.9910814762115479,0.006687177810817957,0.002624746767095562,0.9719311396291584,0.02544411360374593,0.004024240592005227,0.9607678631295288,0.03520789627846606,0.02,0.94,0.04,0.17454998195171356,0.6164994835853577,0.20895054936408997
2025-11-03,0.0035142754204571247,0.9834660291671753,0.013019708916544914,0.005924238538265826,0.9625759161217807,0.031499845339953376,0.008259124482218497,0.9577069879275506,0.03403388759023105,0.02,0.86,0.12,0.1749158352613449,0.6332990527153015,0.19178506731987
2025-11-04,0.002518058754503727,0.9961481094360352,0.0013338897842913866,0.0017676175645349442,0.9960028081541766,0.0022295742812883093,0.00792425784439938,0.9813633234948408,0.010712418660759872,0.0,1.0,0.0,0.1591266691684723,0.6559749841690063,0.18489830195903778
2025-11-06,0.002074939664453268,0.9678388833999634,0.03008619323372841,0.0017999905488704732,0.9287062751241647,0.06949373432696489,0.003273522748950037,0.8905802774624968,0.10614619978855322,0.02,0.92,0.06,0.15743103623390198,0.6484145522117615,0.19415439665317535
2025-11-07,0.006749868392944336,0.07468259334564209,0.9185675978660583,0.006727174588723356,0.23259703130385187,0.7606757941074247,0.007433255725709454,0.36766457400682484,0.6249021702674658,0.0,0.22,0.78,0.1520814299583435,0.6504139304161072,0.19750459492206573
2025-11-10,0.006490830332040787,0.0898469090461731,0.9036622643470764,0.00503710022669704,0.22314429671302372,0.7718186030602792,0.009541800795496973,0.40543706392576645,0.5850211352787366,0.0,0.24,0.76,0.12912137806415558,0.7164965867996216,0.15438206493854523
2025-11-11,0.002432917943224311,0.9587761759757996,0.03879093378782272,0.0012562747104282127,0.908107756130009,0.09063596915956272,0.018660097314241404,0.8219851824855119,0.15935472020024669,0.06,0.74,0.2,0.12171197682619095,0.7195417881011963,0.15874631702899933
2025-11-12,0.023974716663360596,0.9544798135757446,0.021545469760894775,0.03569368986219001,0.8868532363195375,0.07745307381827256,0.06135993864749949,0.8812798833918334,0.05736017796066703,0.06,0.8,0.14,0.13214217126369476,0.7139386534690857,0.15391913056373596
2025-11-13,0.01630713790655136,0.9811029434204102,0.0025899263564497232,0.03895389448011561,0.953325967138947,0.007720138380937573,0.1472182944686222,0.8238435098673553,0.028938195664022455,0.1,0.9,0.0,0.1504315584897995,0.6888909339904785,0.1606774777173996
2025-11-14,0.02744860015809536,0.9704548716545105,0.0020965812727808952,0.07996234065622014,0.9094773546242385,0.010560304719541414,0.12986437260241937,0.8483839415815921,0.02175168581598863,0.18,0.82,0.0,0.15899087488651276,0.6876605153083801,0.1533486396074295
2025-11-17,0.02371707186102867,0.9760000109672546,0.00028288504108786583,0.1439187923427585,0.854819077228803,0.0012621304284383534,0.09909559798046808,0.8886272923033323,0.012277109716199776,0.1,0.9,0.0,0.1855565458536148,0.6383130550384521,0.17613045871257782
2025-11-18,0.008026973344385624,0.9913729429244995,0.000600144499912858,0.03082383251382243,0.9658252900722227,0.0033508774139548274,0.006606382828614603,0.9741815801414969,0.019212037029888638,0.04,0.92,0.04,0.17456082999706268,0.642330527305603,0.1831086426973343
2025-11-19,0.0015145174693316221,0.9980194568634033,0.0004660504055209458,0.003382821543183945,0.9941596147601663,0.002457563696649684,0.010394353533831502,0.9785359586976595,0.011069687768508939,0.0,1.0,0.0,0.1669101119041443,0.6401981115341187,0.19289182126522064
2025-11-20,0.0017506357980892062,0.9978775978088379,0.00037181234802119434,0.0031961427758894485,0.9946275182626142,0.002176338961496464,0.00948941824254379,0.973288244662617,0.017222337094839085,0.0,0.98,0.02,0.17314979434013367,0.6262146234512329,0.20063549280166626
2025-11-21,0.0008249913225881755,0.9986510872840881,0.000523968250490725,0.0019055583725074024,0.9969872901839195,0.0011071514435729585,0.00886974961713988,0.9608759915528722,0.030254258829987852,0.0,1.0,0.0,0.18175122141838074,0.6023563742637634,0.21589231491088867
2025-11-24,0.0070800925604999065,0.9910904169082642,0.0018295025220140815,0.002852113654104445,0.9938515656134372,0.003296320732458213,0.03554142266452918,0.9401306480956726,0.024327929239798304,0.02,0.98,0.0,0.18788881599903107,0.6070505380630493,0.205060675740242
2025-11-25,0.0024958138819783926,0.9968101382255554,0.0006940539460629225,0.005121091943653845,0.9894104977551506,0.00546841030119574,0.008063602800796795,0.9584651156943685,0.03347128150483447,0.06,0.94,0.0,0.17760375142097473,0.6403713226318359,0.18202491104602814
2025-11-26,0.014052001759409904,0.9847226738929749,0.0012253796448931098,0.03690009557794045,0.9566844809533136,0.006415423468745962,0.01846185333727604,0.9681006851523805,0.013437461510343397,0.06,0.86,0.08,0.1825682520866394,0.6568151712417603,0.1606166660785675
2025-11-27,0.009188947267830372,0.9890568852424622,0.001754107535816729,0.02046449833968406,0.9741998183940928,0.005335683266223231,0.03577289272807156,0.9489085428657935,0.015318564406134785,0.06,0.9,0.04,0.17656947672367096,0.6684196591377258,0.15501078963279724
2025-11-28,0.004509553778916597,0.9930376410484314,0.002452853135764599,0.008461104733710725,0.9856520754804298,0.005886819785859609,0.015410596801064247,0.9804886588707357,0.004100744328200106,0.1,0.82,0.08,0.1701347827911377,0.6787139773368835,0.15115125477313995
2025-12-01,0.0017467796569690108,0.9967484474182129,0.0015047931810840964,0.005318286524101145,0.9910984294626827,0.003583284013216239,0.0892606198479495,0.8670741809413761,0.043665199210674466,0.12,0.88,0.0,0.1430836319923401,0.7041178941726685,0.15279845893383026
2025-12-02,0.0008594668470323086,0.9969615340232849,0.002179004717618227,0.002287402868549327,0.9922895407203417,0.005423056411109001,0.015566030841642464,0.9408316110001559,0.04360235815820154,0.04,0.92,0.04,0.13578759133815765,0.7131843566894531,0.15102799236774445
2025-12-03,0.0005236428114585578,0.9981411695480347,0.0013351369416341186,0.0011867439644155165,0.9943817393438555,0.004431516691729003,0.016420528730026702,0.9510702435115811,0.03250922775839213,0.04,0.96,0.0,0.13900502026081085,0.6982638239860535,0.16273117065429688
2025-12-04,0.0006946612265892327,0.9940476417541504,0.005257646087557077,0.0011720503502801831,0.9820134111937494,0.01681453845597024,0.010532285303119534,0.9710480797689267,0.018419634927953808,0.0,0.96,0.04,0.14151278138160706,0.6903756856918335,0.16811147332191467
2025-12-05,0.0010846543591469526,0.9838097095489502,0.01510557346045971,0.002699168912410034,0.9489716108990653,0.0483292201885245,0.008659831827347737,0.9283782926926265,0.06296187548002587,0.0,0.88,0.12,0.13351669907569885,0.6970266103744507,0.1694566309452057
2025-12-08,0.0014251662651076913,0.9952715039253235,0.003303318750113249,0.004030504342117144,0.9866523222850828,0.00931717337280005,0.01756345002729696,0.9581726182964475,0.024263931676255505,0.0,0.98,0.02,0.15457695722579956,0.6489843726158142,0.19643862545490265
2025-12-09,0.0055684540420770645,0.990410566329956,0.0040209731087088585,0.019629840732267378,0.9662647348268576,0.014105424440874974,0.08651223147762777,0.8885855622621475,0.02490220626022471,0.06,0.92,0.02,0.16868279874324799,0.606115460395813,0.22520174086093903
2025-12-10,0.012831884436309338,0.973574161529541,0.013593927025794983,0.060369229068579666,0.8763315354956704,0.06329923543574992,0.1322311396330961,0.7977265039740594,0.07004235639284451,0.0,0.92,0.08,0.16762235760688782,0.6058179140090942,0.2265598028898239
2025-12-11,0.006223284173756838,0.9852875471115112,0.00848914124071598,0.037740891948314904,0.9279921740654578,0.034266933986227405,0.06783124012342526,0.89612286135678,0.03604589851979474,0.06,0.88,0.06,0.1599724292755127,0.6307646632194519,0.2092629075050354
2025-12-12,0.0023954431526362896,0.9920549392700195,0.005549659952521324,0.016788990399657845,0.9369469306013809,0.046264078998961414,0.008392958211268594,0.9690120925461798,0.02259494924255171,0.02,0.9,0.08,0.163384348154068,0.6297991871833801,0.20681650936603546
2025-12-15,0.0012086251517757773,0.9965835213661194,0.0022079141344875097,0.0030391203689710995,0.992297951250836,0.004662928380192855,0.007390773005960103,0.9806718628168973,0.011937364177142525,0.0,0.98,0.02,0.16301333904266357,0.6363610029220581,0.20062565803527832
2025-12-16,0.0011793439043685794,0.9940515160560608,0.0047691380605101585,0.0035160386230770582,0.9841791927828938,0.012304768594029136,0.006707810730803779,0.9741710963089661,0.019121092960230207,0.0,0.92,0.08,0.1594192087650299,0.6280359029769897,0.21254487335681915
2025-12-17,0.00014267611550167203,0.9980995059013367,0.001757893362082541,0.0010914336396836118,0.9949458673062831,0.00396269905403318,0.00359597879808171,0.9917800049769011,0.0046240162250172296,0.0,1.0,0.0,0.16411522030830383,0.6206962466239929,0.21518857777118683
2025-12-18,0.00027085767942480743,0.9982902407646179,0.0014388668350875378,0.0013658870111403327,0.9915249811777391,0.007109131811120446,0.004875792165881958,0.980658394497634,0.014465813336484234,0.02,0.98,0.0,0.1569233536720276,0.6153758764266968,0.2277008295059204
2025-12-19,0.0005373792955651879,0.9874727725982666,0.011989832855761051,0.000951764540706406,0.9863487255959636,0.012699509863330027,0.0064872613002441145,0.9613130849702314,0.032199653729524644,0.0,1.0,0.0,0.14501361548900604,0.6589316725730896,0.19605471193790436
2025-12-22,0.0035036855842918158,0.9884235262870789,0.008072853088378906,0.008121370641308447,0.9650707826281166,0.026807846730574854,0.0429949993267819,0.9213812881322401,0.03562371254097794,0.04,0.96,0.0,0.13953295350074768,0.6804637908935547,0.18000316619873047
2025-12-23,0.0030632030684500933,0.9925602674484253,0.004376518540084362,0.004227835349944704,0.9730011782954059,0.02277098635464947,0.017914454687842436,0.9537769547732563,0.0283085905389014,0.02,0.96,0.02,0.1293036788702011,0.7040814757347107,0.16661494970321655
2025-12-24,0.002351192757487297,0.9811082482337952,0.01654055342078209,0.0060657580791823405,0.9429834190893219,0.050950822831495574,0.01244397723358404,0.9475058103180221,0.04005021244839398,0.0,0.92,0.08,0.11875592917203903,0.7113602757453918,0.16988380253314972
2025-12-26,0.000735723995603621,0.9816135168075562,0.017650701105594635,0.0017325200907817129,0.9183193177004996,0.07994816220871863,0.011626287933971807,0.844836749206023,0.14353696286000503,0.0,0.84,0.16,0.12405155599117279,0.6952648758888245,0.18068356812000275
2025-12-29,0.003158085746690631,0.04196114465594292,0.9548807144165039,0.01765809654669951,0.12289783498140211,0.8594440684718984,0.026085183343234068,0.2483070259779599,0.7256077906788061,0.0,0.2,0.8,0.13506284356117249,0.6713879108428955,0.1935492753982544
2025-12-30,0.004065139219164848,0.05094635859131813,0.944988489151001,0.020120612276132342,0.1679274087576434,0.8119519789662243,0.04030296311975722,0.4695441600144006,0.4901528768658422,0.06,0.18,0.76,0.14487962424755096,0.6523151993751526,0.20280519127845764
2025-12-31,0.0030948601197451353,0.9804850220680237,0.016420157626271248,0.0020611751438829175,0.9522223792689012,0.04571644558721588,0.013894805795224618,0.7973181632381369,0.18878703096663849,0.0,0.94,0.06,0.13461969792842865,0.6787059307098389,0.18667440116405487
2026-01-02,0.002106417203322053,0.9919177889823914,0.005975748412311077,0.0048482536450935275,0.9660380862184667,0.029113660136439727,0.01875526275657247,0.9243028215414929,0.05694191570193467,0.04,0.92,0.04,0.13397079706192017,0.6852675676345825,0.18076159060001373
2026-01-05,0.013670423999428749,0.9650002121925354,0.021329378709197044,0.006089340269961276,0.8823390322995618,0.11157162743047692,0.014996448295797698,0.9467718982204298,0.03823165348377237,0.02,0.92,0.06,0.1257571429014206,0.7012479305267334,0.172994926571846
2026-01-06,0.9293389320373535,0.06681470572948456,0.0038463620003312826,0.7409928962129867,0.24683103009787,0.01217607368914325,0.7584162274521337,0.22933613094663463,0.012247641601231587,0.66,0.32,0.02,0.15774019062519073,0.678500771522522,0.1637590080499649
2026-01-07,0.9782168865203857,0.021078046411275864,0.0007050718413665891,0.8969802414267251,0.09432443157697329,0.008695326996301664,0.782665761985396,0.20244742586713557,0.01488681214746842,0.72,0.26,0.02,0.18651770055294037,0.6481348276138306,0.16534747183322906
2026-01-08,0.9792618751525879,0.02028266154229641,0.0004554670013021678,0.9574407483918516,0.0404285885858259,0.0021306630223225246,0.8713351549535328,0.12124017275766695,0.0074246722888002695,0.8,0.18,0.02,0.17591598629951477,0.6472436189651489,0.1768403798341751
2026-01-09,0.9648037552833557,0.03228117525577545,0.002915096003562212,0.9542633633978129,0.04135796522024054,0.004378671381946386,0.8906420255771355,0.08497535257582271,0.024382621847041784,0.9,0.1,0.0,0.1678834706544876,0.6549172401428223,0.1771993488073349
2026-01-12,0.9874030351638794,0.01171446219086647,0.0008825050317682326,0.947405991000795,0.04927134160149284,0.0033226673977121662,0.8728428260008823,0.0887631060010727,0.038394067998045026,0.84,0.16,0.0,0.1774606704711914,0.6266428232192993,0.19589650630950928
2026-01-13,0.978679358959198,0.019794771447777748,0.00152584386523813,0.8991039039306677,0.09263872172810722,0.008257374341224952,0.8949523314302779,0.09701996827205597,0.008027700297666193,0.82,0.16,0.02,0.17996203899383545,0.5977882146835327,0.22224968671798706
2026-01-14,0.9757444858551025,0.021099548786878586,0.003156028687953949,0.9211429166251955,0.07064806691115451,0.008209016463649958,0.8233151746855734,0.15772787573530297,0.018956949579123545,0.84,0.08,0.08,0.1617603898048401,0.6261184811592102,0.2121211439371109
2026-01-16,0.9341965913772583,0.06123517453670502,0.004568254575133324,0.8827075598054116,0.10707007865975257,0.010222361534835765,0.7592456298483717,0.21284936929914167,0.027905000852486633,0.68,0.32,0.0,0.18838809430599213,0.5421811938285828,0.2694306969642639
2026-01-19,0.017009230330586433,0.9638729095458984,0.01911791041493416,0.10048622484881707,0.8363404889007676,0.06317328625041538,0.22029215557022314,0.7503806876476388,0.02932715678213815,0.16,0.84,0.0,0.20404522120952606,0.5204658508300781,0.275488942861557
2026-01-20,0.0015163833741098642,0.9968932867050171,0.0015903105959296227,0.00896714071805809,0.9851818674952888,0.005850991786653088,0.02792713074466031,0.9666781774829628,0.005394691772376974,0.06,0.9,0.04,0.20486551523208618,0.4682541787624359,0.3268802762031555
2026-01-21,0.004397333133965731,0.9917182922363281,0.003884341102093458,0.023010271985046647,0.9566818872271897,0.020307840787763536,0.030814741593176074,0.958869448603833,0.010315809802990902,0.06,0.86,0.08,0.23196236789226532,0.42301037907600403,0.34502723813056946
2026-01-22,0.0016849569510668516,0.9949309229850769,0.003384071635082364,0.024174619475106355,0.9647849642988335,0.011040416226060107,0.010466274307743008,0.9787889950163676,0.010744730675889463,0.06,0.88,0.06,0.2493983507156372,0.41692307591438293,0.33367863297462463
2026-01-23,0.007032870780676603,0.9832941293716431,0.009673015214502811,0.024278583515057173,0.9690630772527314,0.006658339232211328,0.020368215776609574,0.9441587960059575,0.03547298821743275,0.06,0.84,0.1,0.23466262221336365,0.44409865140914917,0.3212386667728424
2026-01-27,0.0021606055088341236,0.9912131428718567,0.006626287009567022,0.005932795872934613,0.9835367469243376,0.010530457202727807,0.05762955245269251,0.8721015471945456,0.07026890035276183,0.08,0.82,0.1,0.2935468256473541,0.422052264213562,0.2844007909297943
2026-01-28,0.01217748410999775,0.9706811308860779,0.017141351476311684,0.02203824675028629,0.9029619685417896,0.07499978470792429,0.015410869830364573,0.8462850010034734,0.13830412916616203,0.04,0.86,0.1,0.25892412662506104,0.4498324692249298,0.29124343395233154
2026-01-29,0.001535142888315022,0.07188982516527176,0.9265750050544739,0.019367483976417254,0.26455405200862026,0.7160784640149624,0.013790738147226497,0.3229951012154411,0.6632141606373323,0.02,0.3,0.68,0.22567006945610046,0.4881719946861267,0.28615790605545044
2026-01-30,0.0013354362454265356,0.9562022089958191,0.04246238246560097,0.003619794679524118,0.8702002619098027,0.12617994341067307,0.016101468212620998,0.6980326817581596,0.2858658500292193,0.04,0.78,0.18,0.22825787961483002,0.4681389331817627,0.3036031126976013
2026-02-02,0.0030957404524087906,0.05927332118153572,0.9376309514045715,0.01632941016398831,0.1376895268233521,0.8459810630126596,0.018633882268072402,0.1777190306487296,0.8036470870831981,0.02,0.26,0.72,0.22711490094661713,0.4395607113838196,0.3333244323730469
2026-02-03,0.003298042807728052,0.994083821773529,0.002618156373500824,0.0059769995955247755,0.9773515976940857,0.0166714027103893,0.04885893917979242,0.932166997014039,0.018974063806168437,0.02,0.94,0.04,0.2511121332645416,0.4463803470134735,0.30250754952430725
2026-02-04,0.001763078966178,0.9954099059104919,0.0028270382899791002,0.003905579926631549,0.9858822513913473,0.010212168682021171,0.016287289532615486,0.9648707098132371,0.018842000654147425,0.0,0.94,0.06,0.24923574924468994,0.44884011149406433,0.3019241392612457
2026-02-05,0.0009563040803186595,0.9899806380271912,0.009063060395419598,0.005621756124629735,0.974443426221149,0.019934817654221462,0.024888952337315164,0.9205088844396424,0.054602163223042476,0.02,0.9,0.08,0.23060555756092072,0.4654046595096588,0.30398985743522644
2026-02-06,0.0035238289274275303,0.9731677770614624,0.02330833114683628,0.010012726838929795,0.9367546406397225,0.053232632521347835,0.036191307353278544,0.9289666258156764,0.034842066831045224,0.06,0.82,0.12,0.22656463086605072,0.46583032608032227,0.3076050877571106
2026-02-09,0.0023995100054889917,0.9912561178207397,0.006344377528876066,0.005237596554318927,0.9809724230489727,0.013789980396708462,0.0294911416704306,0.9512378325928011,0.019271025736768352,0.06,0.84,0.1,0.20408007502555847,0.5646315813064575,0.2312883585691452
2026-02-10,0.0021775211207568645,0.9943554401397705,0.0034671227913349867,0.003138289207115873,0.9875549208941807,0.00930678989870334,0.02928496689411663,0.9312152484458058,0.03949978466007749,0.0,0.98,0.02,0.2526792883872986,0.509118914604187,0.23820175230503082
2026-02-11,0.008670319803059101,0.9815655946731567,0.009764044545590878,0.014896221913447753,0.9624751181857408,0.02262865990081146,0.03371057950709323,0.9178437631607043,0.04844565733220242,0.04,0.9,0.06,0.26936158537864685,0.5116843581199646,0.21895407140254974
2026-02-12,0.008138024248182774,0.9863542914390564,0.0055076731368899345,0.011873718897274324,0.9777055006676046,0.010420780435120982,0.08115386357684203,0.8819037181423536,0.03694241828080445,0.02,0.92,0.06,0.2728494703769684,0.5003596544265747,0.2267908900976181
2026-02-13,0.003045046702027321,0.9880335330963135,0.008921465836465359,0.011600737223421732,0.9544764622286446,0.03392280054793364,0.014729835598043724,0.8993031135018499,0.08596705090010619,0.02,0.94,0.04,0.25218385457992554,0.5185196399688721,0.22929644584655762
2026-02-16,0.011966446414589882,0.9557600021362305,0.032273516058921814,0.014201262787826336,0.9191476796061855,0.06665105760598798,0.008847047591503638,0.9190516857275393,0.072101266680957,0.0,0.88,0.12,0.24876642227172852,0.5254524946212769,0.22578108310699463
2026-02-17,0.002841237001121044,0.9891997575759888,0.007958994247019291,0.00898674319865573,0.9635860245172961,0.027427232284048066,0.005689786963870468,0.9356573427908351,0.05865287024529433,0.0,0.9,0.1,0.25515687465667725,0.5288292765617371,0.2160138040781021
2026-02-18,0.007902993820607662,0.03231526538729668,0.9597817659378052,0.012168432958820662,0.0767374687575985,0.9110940982835809,0.04492138986327412,0.197140189757359,0.7579384203793669,0.0,0.42,0.58,0.25215503573417664,0.5342859625816345,0.21355901658535004
2026-02-19,0.0033789242152124643,0.013776113279163837,0.9828449487686157,0.013507187580818893,0.04802577525874629,0.9384670371604349,0.030336557308286688,0.20003788831888702,0.7696255543728263,0.0,0.2,0.8,0.23336242139339447,0.5599051713943481,0.2067323625087738
2026-02-20,0.0006183238583616912,0.08372658491134644,0.9156550765037537,0.0043031485672066026,0.23281408396595804,0.7628827674668354,0.02696260436722585,0.35118212614360783,0.6218552694891663,0.02,0.36,0.62,0.1790456622838974,0.6553820371627808,0.16557230055332184
2026-02-23,0.0004781538445968181,0.9872280359268188,0.012293745763599873,0.0022067199190516722,0.9360466184232126,0.06174666165773566,0.018376563090655332,0.909969269501641,0.07165416740770358,0.02,0.96,0.02,0.1764417588710785,0.6386311054229736,0.18492715060710907
2026-02-24,0.0008026158320717514,0.9868367910385132,0.012360600754618645,0.002899727261470902,0.949915604488604,0.047184668249924955,0.020587144194700806,0.9124670151232704,0.0669458406820287,0.0,0.94,0.06,0.17998327314853668,0.6419052481651306,0.17811138927936554
2026-02-25,0.007654496468603611,0.9905933737754822,0.0017521498957648873,0.011413110229597876,0.9859366938586857,0.002650195911716553,0.07564736514457165,0.9123649433877055,0.011987691467722945,0.02,0.96,0.02,0.23805096745491028,0.5759686827659607,0.1859804093837738
2026-02-26,0.012177061289548874,0.9859799742698669,0.0018429376650601625,0.01514577362763715,0.9823676147461816,0.0024866116261812606,0.019908870501135233,0.9676291220056156,0.012462007493249317,0.06,0.94,0.0,0.280314564704895,0.5301095247268677,0.18957586586475372
2026-02-27,0.0030208793468773365,0.9961361289024353,0.0008430044399574399,0.008328270567806806,0.9894471276442863,0.0022246017879069195,0.014641886199054988,0.9561825602140781,0.02917555358686702,0.06,0.9,0.04,0.28565946221351624,0.5073440670967102,0.20699648559093475
2026-03-02,0.003758569248020649,0.9937605261802673,0.002480903174728155,0.022200307275315138,0.969117532112803,0.008682160611881802,0.08698261274034486,0.8856245524103721,0.02739283484928301,0.06,0.94,0.0,0.2491011619567871,0.5484098792076111,0.20248891413211823
2026-03-04,0.005572024267166853,0.056167397648096085,0.9382606148719788,0.01741907520006091,0.15762122327620295,0.8249597015237362,0.11861151224248113,0.16648974243983936,0.7148987453176795,0.06,0.28,0.66,0.21938830614089966,0.5733460187911987,0.20726566016674042
2026-03-05,0.015284618362784386,0.9652552008628845,0.0194601658731699,0.07324136871179214,0.7705339800003906,0.15622465128781735,0.08420003466447534,0.851966731226875,0.06383323410864956,0.04,0.84,0.12,0.18998584151268005,0.6161617040634155,0.19385243952274323
2026-03-06,0.00965962279587984,0.9841029644012451,0.006237429101020098,0.03252473973058685,0.9444941273101225,0.022981132959290624,0.03698573433026765,0.9284862722615029,0.03452799340822943,0.12,0.82,0.06,0.16113771498203278,0.6611472368240356,0.17771509289741516
2026-03-09,0.013259951956570148,0.9812300205230713,0.005509999115020037,0.027973419770425865,0.9405606360451382,0.031465944184436025,0.04179638357173124,0.8925702279225017,0.06563338850576705,0.06,0.9,0.04,0.1618153303861618,0.6672928929328918,0.17089177668094635
2026-03-10,0.9542357325553894,0.04137689247727394,0.0043874019756913185,0.8311366172482452,0.14019322867692685,0.02867015407482808,0.758675035214531,0.20862525684965383,0.032699707935815205,0.78,0.18,0.04,0.20548860728740692,0.6072620749473572,0.1872493326663971
2026-03-11,0.9473082423210144,0.03454273194074631,0.01814901828765869,0.834400878300962,0.11495448771737574,0.050644633981662315,0.8025867932117494,0.1693959229590779,0.02801728382917272,0.8,0.16,0.04,0.1978139728307724,0.6180888414382935,0.18409715592861176
2026-03-12,0.9612608551979065,0.03132082521915436,0.007418288849294186,0.8569066486629746,0.11939552290721829,0.023697828429807104,0.8230310459181319,0.14845897922054915,0.02850997486131884,0.82,0.16,0.02,0.19411195814609528,0.6174179315567017,0.1884700506925583
2026-03-13,0.021657582372426987,0.9700427651405334,0.008299581706523895,0.09570052223597653,0.8645108951786428,0.03978858258538065,0.1599107090446794,0.6786975347577148,0.1613917561976059,0.06,0.88,0.06,0.20651739835739136,0.5576071739196777,0.23587541282176971
2026-03-16,0.9072291254997253,0.08197832107543945,0.01079252827912569,0.6819881761129625,0.305530506699441,0.012481317187596604,0.48332094678443677,0.45351452134468395,0.06316453187087932,0.56,0.44,0.0,0.24662639200687408,0.4529635012149811,0.30041012167930603
2026-03-17,0.013659866526722908,0.9371704459190369,0.049169644713401794,0.03279762458568113,0.8753120231950848,0.0918903522192341,0.05599951210034795,0.7464708409229726,0.19752964697667957,0.08,0.78,0.14,0.2115354686975479,0.552794337272644,0.23567013442516327
2026-03-18,0.00604809308424592,0.9755088090896606,0.01844312623143196,0.02245112913482335,0.9215918428884937,0.05595702797668287,0.025382873293411802,0.9428524369071124,0.03176468979947588,0.08,0.8,0.12,0.20707054436206818,0.5266608595848083,0.26626861095428467
2026-03-19,0.009051383472979069,0.02888004295527935,0.9620686173439026,0.031684412057538636,0.1239552718541087,0.8443603160883526,0.09012800541681877,0.20699988134805844,0.7028721132351228,0.02,0.22,0.76,0.21148554980754852,0.4547198414802551,0.33379465341567993
2026-03-20,0.032399050891399384,0.963493824005127,0.004107109270989895,0.12265572078436109,0.8569196638591741,0.020424615356464865,0.12773004556147852,0.8261769418899495,0.04609301254857205,0.08,0.9,0.02,0.22691193222999573,0.4699176549911499,0.30317047238349915
2026-03-23,0.008516146801412106,0.9846022129058838,0.006881606765091419,0.047647907527694516,0.9154244842655381,0.03692760820676729,0.06256550963279567,0.9036666492012055,0.03376784116599886,0.04,0.84,0.12,0.23212935030460358,0.42093339562416077,0.34693729877471924
2026-03-24,0.01968328282237053,0.9785792231559753,0.001737550599500537,0.047525196569840854,0.9458359021744557,0.006638901255703533,0.1136253700025214,0.8650722969454988,0.02130233305197978,0.14,0.84,0.02,0.23531818389892578,0.4251619279384613,0.3395199477672577
2026-03-25,0.941876232624054,0.03693092614412308,0.021192826330661774,0.838663405184002,0.11922313203381439,0.04211346278218374,0.6565184951927503,0.2309613846854985,0.11252012012175112,0.8,0.2,0.0,0.2719292938709259,0.43250972032546997,0.2955610454082489
2026-03-27,0.9338329434394836,0.05514581874012947,0.011021283455193043,0.8529922874087629,0.13633303439500444,0.010674678196232726,0.5486190331678515,0.41094428305126907,0.040436683780879314,0.64,0.24,0.12,0.26541373133659363,0.4515616297721863,0.2830246388912201
2026-03-30,0.0009534437558613718,0.9952741861343384,0.0037723046261817217,0.005608931612709423,0.9356465993586153,0.05874446902867542,0.037630526189991624,0.9478461674387401,0.014523306371268111,0.04,0.88,0.08,0.21407119929790497,0.5076179504394531,0.2783108353614807
2026-04-01,0.022139590233564377,0.9654359221458435,0.012424522079527378,0.08302082985418989,0.8821472479115909,0.03483192223421922,0.030934988853418548,0.9488762612995493,0.020188749847032224,0.08,0.86,0.06,0.22012245655059814,0.487958163022995,0.29191941022872925
2026-04-02,0.0024754460901021957,0.9877102971076965,0.009814281947910786,0.04526600967108535,0.9197379296775234,0.03499606065139123,0.0709161675627239,0.9023445180977852,0.026739314339490953,0.08,0.82,0.1,0.20545867085456848,0.5340017676353455,0.26053962111473083
2026-04-06,0.0034926082007586956,0.9647411704063416,0.031766220927238464,0.038359430618669775,0.8138321829662465,0.1478083864150837,0.0277086226995663,0.9272960872819346,0.0449952900184991,0.1,0.78,0.12,0.1997785121202469,0.5235158801078796,0.27670568227767944
2026-04-07,0.00593810249119997,0.08057612925767899,0.9134857058525085,0.027386200630633316,0.29467435578721085,0.6779394435821559,0.049585047845072096,0.3374419237663918,0.6129730283885361,0.04,0.32,0.64,0.19627007842063904,0.5175319910049438,0.2861979603767395
2026-04-08,0.005543829873204231,0.0490461029112339,0.9454100131988525,0.014426060550193114,0.15869600225477862,0.8268779371950282,0.06775518823642071,0.14473026559381416,0.7875145461697651,0.0,0.32,0.68,0.23456600308418274,0.44376111030578613,0.3216729760169983
2026-04-09,0.01317676529288292,0.9656458497047424,0.021177394315600395,0.019737388587996816,0.9205189631255976,0.05974364828640565,0.05630633782543003,0.8363572999913251,0.10733636218324497,0.0,0.92,0.08,0.24166877567768097,0.4686197340488434,0.28971144556999207
2026-04-10,0.00806594081223011,0.9604676365852356,0.031466446816921234,0.03268583225737111,0.8141232563886479,0.1531909113539809,0.052658996195458496,0.6288454749131015,0.31849552889143995,0.06,0.76,0.18,0.24343836307525635,0.4490331709384918,0.30752840638160706
2026-04-13,0.005405662581324577,0.9773345589637756,0.01725979894399643,0.03435300099075783,0.8485083901303124,0.11713860887892986,0.032094969694969944,0.807157408405189,0.16074762189984126,0.02,0.8,0.18,0.2948465347290039,0.4194517135620117,0.285701721906662
2026-04-15,0.016314661130309105,0.9471631050109863,0.03652217239141464,0.01596662190088112,0.9188089920951379,0.06522438600398096,0.03794436730839553,0.8129116181326934,0.14914401455891094,0.08,0.82,0.1,0.24878494441509247,0.4917953908443451,0.25941964983940125
2026-04-16,0.003648053389042616,0.052586451172828674,0.9437655210494995,0.014741028886908964,0.15296389186338752,0.8322950792497036,0.12495837784447841,0.3180522392205658,0.5569893829349557,0.02,0.32,0.66,0.26095977425575256,0.4941902160644531,0.2448500096797943
2026-04-17,0.003948433790355921,0.9515925645828247,0.04445900768041611,0.01428579494661355,0.8049658492640156,0.18074835578937073,0.014683866782423385,0.8574190539284539,0.12789707928912272,0.02,0.78,0.2,0.264739990234375,0.4998348355293274,0.23542514443397522
2026-04-20,0.007950661703944206,0.04948904365301132,0.9425603747367859,0.008577493017151114,0.12887739294838177,0.8625451140344671,0.00866321102397977,0.1998483242589022,0.7914884647171181,0.04,0.2,0.76,0.17165341973304749,0.5896152853965759,0.23873132467269897
2026-04-21,0.008399720303714275,0.04908287152647972,0.9425174593925476,0.004219181998697073,0.15799346808189355,0.8377873499194094,0.03706422064845488,0.20783890035525132,0.7550968789962939,0.02,0.2,0.78,0.14718633890151978,0.637405276298523,0.21540836989879608
2026-04-22,0.003105205949395895,0.027426667511463165,0.9694681167602539,0.0028786232090535443,0.10826690820878478,0.8888544685821617,0.02299818442030056,0.12201743966272016,0.8549843759169793,0.02,0.28,0.7,0.18247288465499878,0.6058132648468018,0.21171382069587708
2026-04-23,0.03414768725633621,0.9455064535140991,0.02034589648246765,0.06417377086232824,0.9012852038632906,0.03454102527438108,0.11766847251426538,0.8487721566241047,0.03355937086163014,0.04,0.92,0.04,0.24476787447929382,0.5627309679985046,0.19250112771987915
2026-04-24,0.019017810001969337,0.026518769562244415,0.9544634222984314,0.06958602111193607,0.09252154917329868,0.8378924297147653,0.14500335092205704,0.2602465978683001,0.5947500512096429,0.16,0.26,0.58,0.22484761476516724,0.5663664937019348,0.20878583192825317
2026-04-27,0.01779232546687126,0.929783821105957,0.05242392048239708,0.06740888960756129,0.7416198797473296,0.1909712306451091,0.0560145110347906,0.7778972737812331,0.16608821518397626,0.12,0.6,0.28,0.23893898725509644,0.5732912421226501,0.18776975572109222
2026-04-28,0.004918380174785852,0.05041249468922615,0.9446691274642944,0.014054300226999418,0.158504302829828,0.8274413969431726,0.03688263983344156,0.12041803001183989,0.8426993301547185,0.06,0.22,0.72,0.25402259826660156,0.5528603792190552,0.19311697781085968
2026-04-29,0.021238770335912704,0.030921226367354393,0.9478400349617004,0.06177577275621188,0.07624710090031618,0.8619771263434718,0.10998179591618588,0.18453385347633258,0.7054843506074816,0.04,0.2,0.76,0.239823579788208,0.5607214570045471,0.19945497810840607
2026-04-30,0.007741609588265419,0.025914130732417107,0.9663442373275757,0.0476442345413988,0.05339974614329872,0.8989560193153024,0.03190688340696031,0.15688365512377012,0.8112094614692696,0.06,0.18,0.76,0.2688092291355133,0.5166704654693604,0.21452030539512634
2026-05-04,0.016406597569584846,0.029206085950136185,0.9543873071670532,0.04970358053344468,0.11962977457566253,0.8306666448908928,0.049912987499682406,0.26229488863194095,0.6877921238683766,0.1,0.16,0.74,0.23459599912166595,0.5850275754928589,0.18037642538547516
2026-05-05,0.010253317654132843,0.9764732122421265,0.013273430988192558,0.015694800945336592,0.9358515848490024,0.048453614205660744,0.015193151365272212,0.9403816305515902,0.044425218083137576,0.02,0.8,0.18,0.26491618156433105,0.5432291030883789,0.19185477495193481
2026-05-06,0.012498182244598866,0.97782301902771,0.009678740985691547,0.05367961888115143,0.9144102401291863,0.031910140989662286,0.008640806308766673,0.9542086950867941,0.03715049860443917,0.02,0.88,0.1,0.3049677312374115,0.5030189752578735,0.19201324880123138
2026-05-07,0.032595906406641006,0.941673755645752,0.025730304419994354,0.09578544046318323,0.840248839243627,0.06396572029318974,0.04333477265447172,0.7714680805092363,0.18519714683629201,0.0,0.84,0.16,0.32392385601997375,0.4648030698299408,0.21127308905124664
2026-05-08,0.014243276789784431,0.054171670228242874,0.9315850734710693,0.07016823662434417,0.2167358108958165,0.7130959524798393,0.03739985542130438,0.22010516608949682,0.7424949784891988,0.02,0.26,0.72,0.31734126806259155,0.4777740240097046,0.20488469302654266
2026-05-11,0.0280753243714571,0.02215028740465641,0.9497743844985962,0.13525017588931582,0.09797941271980071,0.7667704113908835,0.07938252828301325,0.06377133741337024,0.8568461343036166,0.1,0.24,0.66,0.32974544167518616,0.4644828140735626,0.20577171444892883
2026-05-12,0.011652602814137936,0.0471641831099987,0.9411832094192505,0.056534502512413994,0.11452111807592927,0.8289443794116568,0.15961240454523865,0.17839767464576592,0.6619899208089955,0.06,0.16,0.78,0.31345459818840027,0.46939700841903687,0.21714845299720764
2026-05-13,0.010373595170676708,0.011350322514772415,0.9782760739326477,0.0514128881447432,0.08038612653521131,0.8682009853200454,0.05453113409406241,0.10118256232358332,0.8442863035823542,0.08,0.18,0.74,0.2809213399887085,0.490389347076416,0.22868937253952026
2026-05-14,0.0015971689717844129,0.9788466095924377,0.01955617219209671,0.009318592206767543,0.9007639785234346,0.08991742926979798,0.010221763321456637,0.9608540853921846,0.028924151286358807,0.0,0.92,0.08,0.26604440808296204,0.5346018075942993,0.19935378432273865
2026-05-15,0.004228065721690655,0.9831719398498535,0.012600025162100792,0.01795182377353207,0.959463883142699,0.022584293083768928,0.016112697435384814,0.9564763474052671,0.027410955159348157,0.1,0.88,0.02,0.2408895045518875,0.5471001863479614,0.21201030910015106
2026-05-18,0.000580586725845933,0.9882878661155701,0.011131568811833858,0.008535420324713829,0.9642310160714656,0.027233563603820534,0.010724875776595096,0.9672486713480216,0.02202645287538328,0.0,0.94,0.06,0.241102397441864,0.5349003076553345,0.22399725019931793
2026-05-19,0.004382731392979622,0.9782083630561829,0.017408903688192368,0.036230328467249315,0.9151880973025365,0.04858157423021429,0.02155712123555586,0.947653869258615,0.03078900950582913,0.04,0.9,0.06,0.2537347078323364,0.525367259979248,0.2208980768918991
2026-05-20,0.01726234331727028,0.9757545590400696,0.00698309950530529,0.01898996449315105,0.9529699809577924,0.028040054549056538,0.09646963680692897,0.8048241444297881,0.09870621876328281,0.02,0.88,0.1,0.25841641426086426,0.547200620174408,0.19438298046588898
2026-05-21,0.8922815918922424,0.06161040812730789,0.046108003705739975,0.668420851305924,0.21259040252014552,0.1189887461739305,0.7271902944594204,0.2008387473963993,0.07197095814418031,0.62,0.34,0.04,0.24144284427165985,0.5551050305366516,0.20345209538936615
2026-05-22,0.06932364404201508,0.9196705222129822,0.011005885899066925,0.1665228848241109,0.7435312667654429,0.08994584841044617,0.13160779601246364,0.7624578300530245,0.10593437393451188,0.2,0.7,0.1,0.27530595660209656,0.4971609115600586,0.22753319144248962
2026-05-25,0.9052903056144714,0.08965771645307541,0.005052017513662577,0.6659145547570219,0.3022742675623901,0.03181117768058801,0.7063545439156425,0.21180772174527762,0.08183773433907994,0.64,0.32,0.04,0.2571083903312683,0.49787503480911255,0.24501657485961914
2026-05-26,0.9735237956047058,0.020122606307268143,0.006353589706122875,0.9114863169997823,0.07297056848631342,0.01554311451390427,0.8861125287468641,0.08828596765978836,0.025601503593347695,0.78,0.12,0.1,0.23040726780891418,0.5233545303344727,0.24623818695545197
2026-05-27,0.9662343263626099,0.03117968700826168,0.002585978014394641,0.8716424348473087,0.1199261203265505,0.008431444826140649,0.7530085437336037,0.22738184296077826,0.019609613305618032,0.76,0.14,0.1,0.22933140397071838,0.5250943899154663,0.2455742061138153
2026-05-29,0.01501120813190937,0.9762987494468689,0.008689974434673786,0.06436736188808304,0.8935859304689916,0.042046707642925424,0.21169120924355742,0.7421041141569383,0.04620467659950431,0.08,0.86,0.06,0.24717602133750916,0.4698631763458252,0.28296083211898804
2026-06-01,0.012974711135029793,0.9813235402107239,0.005701742600649595,0.03296881204626757,0.952012768628138,0.015018419325594518,0.079143174052253,0.9013466614792712,0.019510164468475744,0.04,0.92,0.04,0.24320277571678162,0.4639323055744171,0.2928648591041565
2026-06-02,0.007195432670414448,0.9895132184028625,0.003291427856311202,0.02457037790061081,0.9573666217487717,0.018063000350617437,0.07231051032204597,0.8926560957241342,0.03503339395381989,0.08,0.9,0.02,0.2654537856578827,0.4230682849884033,0.31147798895835876
2026-06-03,0.005498317535966635,0.9917957186698914,0.002705934224650264,0.007502299554947015,0.9805060589609481,0.01199164148410499,0.010369616849011318,0.9695898775033858,0.020040505647602923,0.08,0.92,0.0,0.2302745282649994,0.4809476435184479,0.28877782821655273
2026-06-04,0.0021269163116812706,0.995128870010376,0.0027442644350230694,0.003975902173134907,0.9850821649379153,0.010941932888949539,0.017454240162384928,0.8632218385038104,0.11932392133380464,0.04,0.86,0.1,0.1991998255252838,0.5078569054603577,0.2929432988166809
2026-06-05,0.0005765868118032813,0.9981195330619812,0.0013038215693086386,0.0017097917832273048,0.9944353419437058,0.0038548662730669638,0.0034923026688013278,0.9868404758839414,0.00966722144725707,0.0,0.96,0.04,0.1794169396162033,0.5185256600379944,0.3020574450492859
2026-06-08,0.00037090457044541836,0.9983295798301697,0.0012994763674214482,0.002039068653169837,0.9927482914572561,0.005212639889574145,0.004526297113271208,0.9702682360467503,0.025205466839978735,0.0,0.96,0.04,0.18279950320720673,0.4913530945777893,0.32584741711616516
2026-06-09,0.00041504186810925603,0.9964806437492371,0.0031043014023452997,0.0019760675882601096,0.9897911284429529,0.008232803968786942,0.004375621500667755,0.9550991845796424,0.040525193919689825,0.0,0.96,0.04,0.17234408855438232,0.5211452841758728,0.3065106272697449
2026-06-10,0.0008786094258539379,0.9870707392692566,0.01205065194517374,0.0021809695113139864,0.9517175165933177,0.04610151389536838,0.004391222046887127,0.9339654000464486,0.06164337790666415,0.0,0.88,0.12,0.1740751415491104,0.4930060803890228,0.33291882276535034
2026-06-11,0.0002870170574169606,0.9979733824729919,0.0017395628383383155,0.0012322653557460086,0.993913947685462,0.004853786958791849,0.0018631604526141757,0.9810247378869719,0.017112101660414,0.0,0.96,0.04,0.15809154510498047,0.5555684566497803,0.28634005784988403
2026-06-12,0.0017090803012251854,0.9857361912727356,0.01255473680794239,0.0017696629382623601,0.9798451544491825,0.018385182612555163,0.012692053670947785,0.9225890388088901,0.06471890752016225,0.0,0.94,0.06,0.1654304713010788,0.5748426914215088,0.259726881980896
2026-06-15,0.0008051437325775623,0.014039565809071064,0.9851552844047546,0.00336626832636572,0.06776558251768408,0.9288681491559502,0.029840938737238008,0.15170565912043643,0.8184534021423255,0.02,0.22,0.76,0.17279121279716492,0.5226276516914368,0.3045811057090759
2026-06-16,0.0019090133719146252,0.0072845942340791225,0.9908064007759094,0.002271007395271372,0.029028367980715005,0.9687006246240135,0.0141652484944904,0.044136654308373234,0.9416980971971364,0.0,0.06,0.94,0.15944699943065643,0.5247419476509094,0.31581103801727295
2026-06-17,0.0004738520074170083,0.003937245346605778,0.9955888986587524,0.0017615035475941915,0.022905725157636867,0.9753327712947689,0.006622309947448268,0.05084899706880356,0.9425286929837481,0.0,0.08,0.92,0.1499916911125183,0.5332283973693848,0.3167799711227417
2026-06-18,0.0003957636945415288,0.00596618140116334,0.9936379790306091,0.0016198724443955011,0.021276010497365636,0.977104117058239,0.005095287027710133,0.02925617933638568,0.9656485336359043,0.0,0.14,0.86,0.14214235544204712,0.5568311214447021,0.30102652311325073
2026-06-19,0.0011726579396054149,0.017268605530261993,0.9815587401390076,0.00478311603250166,0.06967450448360803,0.9255423794838903,0.010431190514062456,0.07859893950072828,0.9109698699852092,0.0,0.08,0.92,0.1388455033302307,0.5840997695922852,0.27705472707748413
2026-06-22,0.0037364885210990906,0.027870455756783485,0.9683930277824402,0.014527120508777948,0.13329944579475395,0.8521734336964681,0.05097386124399787,0.19971386436758654,0.7493122743884156,0.02,0.14,0.84,0.16975079476833344,0.5662458539009094,0.26400333642959595
2026-06-23,0.0009333604830317199,0.9864106774330139,0.012655970640480518,0.012737550388910873,0.937615869233937,0.04964658037715212,0.013670838745562464,0.9168349231808343,0.06949423807360326,0.06,0.84,0.1,0.20268255472183228,0.5483718514442444,0.24894556403160095
2026-06-24,0.0005733935395255685,0.9750917553901672,0.024334844201803207,0.010233978508459012,0.8893401184456102,0.10042590304593073,0.012295081992796171,0.9292254521166277,0.05847946589057622,0.02,0.84,0.14,0.208705335855484,0.5556978583335876,0.23559680581092834
2026-06-25,0.003850569250062108,0.0363381989300251,0.9598112106323242,0.009013913520335348,0.12122314693964299,0.8697629395400216,0.015972110122214896,0.12755401694529805,0.8564738729324871,0.02,0.24,0.74,0.20708699524402618,0.5464705228805542,0.24644243717193604
2026-06-29,0.011488332413136959,0.04114339500665665,0.9473682641983032,0.017884163851726986,0.19142704084341317,0.7906887953048598,0.012778856692069247,0.19514594977618926,0.7920751935317414,0.12,0.34,0.54,0.20664408802986145,0.5840071439743042,0.20934873819351196
2026-06-30,0.0018271001754328609,0.9878689646720886,0.010303872637450695,0.009588592012162243,0.9433722249323404,0.0470391830554973,0.016389927805871566,0.9325295756228592,0.051080496571269174,0.02,0.86,0.12,0.22378821671009064,0.5666717290878296,0.209539994597435
2026-07-01,0.0017618326237425208,0.9935851693153381,0.00465295510366559,0.006424076574954839,0.9629963545389656,0.030579568886079645,0.03556900977845801,0.9463263807120615,0.018104609509480403,0.0,0.94,0.06,0.22591304779052734,0.5296218395233154,0.24446506798267365
2026-07-02,0.0021005424205213785,0.9923978447914124,0.005501668434590101,0.004034774506907538,0.9764807899754944,0.019484435517598136,0.023359011515671102,0.942812620164782,0.03382836831954709,0.02,0.96,0.02,0.23274192214012146,0.5346189141273499,0.23263919353485107
2026-07-03,0.0011344306403771043,0.9848527312278748,0.014012918807566166,0.002605809160467417,0.9539880826879504,0.04340610815158203,0.009249304660323225,0.9697083827890115,0.021042312550665302,0.04,0.88,0.08,0.23663872480392456,0.5540075898170471,0.2093537300825119
2026-07-06,0.0007367820362560451,0.9944803714752197,0.004782812669873238,0.002602418346291813,0.9612345125762907,0.03616306907741758,0.002357922232485712,0.9854823770501125,0.012159700717401759,0.04,0.88,0.08,0.24431760609149933,0.5412212014198303,0.21446126699447632
2026-07-07,0.0056998212821781635,0.9659838676452637,0.028316238895058632,0.016650684479576718,0.8761611611602576,0.10718815436016574,0.008713322127241086,0.9649145717314904,0.026372106141268517,0.04,0.9,0.06,0.240015909075737,0.5249226689338684,0.23506134748458862
2026-07-08,0.009419751353561878,0.06587044894695282,0.9247098565101624,0.027698636335645718,0.2557027025301724,0.7165986611341819,0.0717736293701222,0.18805077572221213,0.7401755949076657,0.02,0.4,0.58,0.2194703072309494,0.5503211617469788,0.23020854592323303
2026-07-09,0.0027349055744707584,0.9903755784034729,0.006889542564749718,0.010423851599670726,0.972893745203524,0.01668240319680514,0.0349066865404804,0.9160159674755468,0.049077345983972856,0.02,0.88,0.1,0.2043805867433548,0.5924729108810425,0.2031465470790863
2026-07-10,0.004039866384118795,0.9896111488342285,0.00634900713339448,0.018554322380916664,0.96061588679839,0.020829790820693174,0.0707484130280341,0.906599939012123,0.022651647959842838,0.04,0.92,0.04,0.18953338265419006,0.5965617299079895,0.21390490233898163
2026-07-13,0.013042811304330826,0.9588140845298767,0.028143122792243958,0.044823370265154976,0.8428535155645736,0.1123231141702715,0.01356395719779113,0.8932872678172363,0.09314877498497262,0.02,0.94,0.04,0.17164604365825653,0.6159741282463074,0.2123797982931137
2026-07-14,0.0016401414759457111,0.9929214119911194,0.005438430700451136,0.0025959146092169047,0.988636719702461,0.00876736568832205,0.013665083605939399,0.9731390315446151,0.013195884849445526,0.0,0.98,0.02,0.1809587925672531,0.6258716583251953,0.19316959381103516
2026-07-15,0.0018768692389130592,0.9959924817085266,0.0021306436974555254,0.002395364335728126,0.9943143967157921,0.0032902389484796295,0.022138880258292755,0.9615799577173282,0.016281162024379,0.02,0.98,0.0,0.18293659389019012,0.6417878866195679,0.1752755343914032
2026-07-16,0.001452504307962954,0.9952749013900757,0.0032725275959819555,0.002929996909307498,0.9915542543188754,0.005515748771817173,0.03832724806102355,0.9471108882434501,0.014561863695526226,0.0,1.0,0.0,0.1777551919221878,0.6400867104530334,0.18215812742710114
2026-07-17,0.0013853084528818727,0.9908056855201721,0.00780899915844202,0.012331288540678815,0.9622160575949006,0.025452653864420766,0.04040478230222679,0.8930118943052515,0.06658332339252164,0.02,0.92,0.06,0.17458654940128326,0.632757306098938,0.19265614449977875
2026-07-20,0.006817101500928402,0.9873255491256714,0.005857424810528755,0.01631564898274426,0.9641446582235431,0.019539692793712822,0.04565876478653667,0.9308896384290833,0.023451596784379924,0.02,0.96,0.02,0.16357193887233734,0.6600260734558105,0.1764020025730133
2026-07-21,0.005477101542055607,0.9789252281188965,0.015597639605402946,0.01159351663868732,0.9705479432799092,0.01785854008140345,0.04759016076838862,0.8915595117052968,0.06085032752631467,0.04,0.92,0.04,0.1533808559179306,0.6713467836380005,0.17527225613594055
2026-07-22,0.0029410230927169323,0.06746536493301392,0.9295936226844788,0.007963967775225038,0.1717297177363482,0.8203063144884268,0.03706601626830794,0.26111808314571583,0.7018159005859762,0.0,0.28,0.72,0.14972318708896637,0.6451237797737122,0.20515300333499908
2026-07-23,0.0007973132887855172,0.03626656159758568,0.9629361033439636,0.004058578819629069,0.08814302637071753,0.9077983948096534,0.014714093609009491,0.21717681811296977,0.7681090882780206,0.0,0.22,0.78,0.14420007169246674,0.6524673700332642,0.20333252847194672
2026-07-24,0.0022193663753569126,0.029608625918626785,0.9681719541549683,0.007653746772733973,0.07795320966143626,0.9143930435658297,0.015121015806429668,0.14485765509416623,0.8400213290994042,0.02,0.34,0.64,0.1576976776123047,0.6133928894996643,0.2289094477891922
2026-07-27,0.0013815254205837846,0.02082574926316738,0.9777927398681641,0.007075386153851179,0.12115505267635089,0.871769561169798,0.028056302479087337,0.1900640211981944,0.7818796763227184,0.06,0.24,0.7,0.15422838926315308,0.6403751969337463,0.20539647340774536
2026-07-28,0.0029333189595490694,0.01942412555217743,0.9776425361633301,0.007203931621665954,0.07641378121044566,0.9163822871678884,0.0243570121164173,0.22559401374598315,0.7500489741375994,0.02,0.22,0.76,0.15639756619930267,0.6111786365509033,0.2324238270521164
2026-07-29,0.0008383482927456498,0.9968724846839905,0.0022892383858561516,0.007532012427886972,0.9821137558926144,0.010354231679498572,0.011804341108369004,0.9562057304809926,0.031989928410638496,0.04,0.92,0.04,0.1767021268606186,0.6136461496353149,0.20965173840522766
2026-07-30,0.0028154251631349325,0.9900147914886475,0.007169792894273996,0.03459506700100114,0.9390089989624285,0.026395934036570458,0.005721335573702411,0.9675513474230909,0.0267273170032066,0.02,0.88,0.1,0.1840871423482895,0.605905294418335,0.21000753343105316
2026-07-31,0.0015431861393153667,0.9955490827560425,0.0029077590443193913,0.014611421164634049,0.9498757005682998,0.03551287826706615,0.016881694821232772,0.966573623635279,0.01654468154348825,0.0,0.92,0.08,0.16796079277992249,0.6470130085945129,0.1850261390209198
2026-08-03,0.0003331176412757486,0.9970911741256714,0.0025756650138646364,0.0016628790362972143,0.989878699057888,0.008458421905814691,0.011713991554517205,0.9743631256617838,0.013922882783698855,0.0,0.98,0.02,0.18741460144519806,0.6087655425071716,0.20381978154182434
2026-08-04,0.002099535195156932,0.9960017800331116,0.0018986143404617906,0.002823582336326613,0.9943596876725375,0.002816729991135797,0.011919690634039259,0.9589133819906854,0.02916692737527536,0.04,0.92,0.04,0.19049155712127686,0.6075556874275208,0.20195268094539642
2026-08-05,0.011378454975783825,0.9821984171867371,0.006423091050237417,0.029091430788621784,0.959497423670853,0.011411145540525063,0.026114011307770666,0.9139640638499948,0.05992192484223452,0.04,0.9,0.06,0.2100161463022232,0.5644739866256714,0.2255098521709442
2026-08-06,0.004063468426465988,0.9877578020095825,0.008178754709661007,0.00656318475474458,0.9736562648949159,0.019780550350339533,0.017662513552995023,0.9553041390549292,0.02703334739207574,0.06,0.88,0.06,0.192485511302948,0.6011561155319214,0.20635837316513062
2026-08-07,0.0038696101401001215,0.9884487986564636,0.00768158258870244,0.01607234460787945,0.944028562278881,0.03989909311323966,0.04124212045548561,0.9151398658305714,0.043618013713942916,0.04,0.92,0.04,0.2012161910533905,0.5766034722328186,0.22218039631843567
2026-08-10,0.0035988662857562304,0.9936263561248779,0.0027747880667448044,0.003301404061479567,0.9875432029695026,0.009155392969017788,0.02087420955347731,0.9140001141040572,0.06512567634246562,0.04,0.94,0.02,0.19488652050495148,0.572995662689209,0.2321178913116455
2026-08-11,0.001275715883821249,0.9944391250610352,0.004285214934498072,0.0036562129752174006,0.9856225119950319,0.010721275029750513,0.015477622049994528,0.9218560161677442,0.06266636178226147,0.0,1.0,0.0,0.187858447432518,0.6149687767028809,0.19717277586460114
2026-08-12,0.0023636294063180685,0.9881125092506409,0.009523791261017323,0.00445427896389037,0.9828345863771243,0.01271113465898547,0.018441144790656883,0.9126573540170766,0.0689015011922665,0.0,1.0,0.0,0.1899154782295227,0.6120668649673462,0.19801756739616394
2026-08-13,0.0012892992235720158,0.9941259622573853,0.004584752023220062,0.00558786538107279,0.9878566989767866,0.006555435642140683,0.01632371551971021,0.88831021274724,0.09536607173304984,0.06,0.9,0.04,0.19461674988269806,0.5974921584129333,0.20789110660552979
2026-08-14,0.0020446176640689373,0.9690350294113159,0.02892034500837326,0.004488707542845306,0.8919481496717403,0.10356314278541442,0.02329806793636116,0.8949140112309242,0.0817879208327145,0.02,0.9,0.08,0.18185418844223022,0.5748380422592163,0.24330776929855347
2026-08-17,0.005644887685775757,0.9679850935935974,0.026370013132691383,0.011647285692227926,0.9368873348589442,0.051465379448827835,0.031656691549265856,0.8096504599313937,0.15869284851934037,0.0,0.92,0.08,0.17773325741291046,0.5779070258140564,0.24435965716838837
2026-08-18,0.0018829971086233854,0.9815202355384827,0.016596730798482895,0.004508934300918681,0.9393457212014583,0.05614534449762303,0.03185826475733299,0.8426153030546677,0.12552643218799941,0.0,0.82,0.18,0.17995670437812805,0.545265257358551,0.27477797865867615
2026-08-19,0.002086833817884326,0.9819449186325073,0.01596829667687416,0.005233032904412342,0.949260287641209,0.04550667945437875,0.015928546493059685,0.8520367975665468,0.13203465594039346,0.02,0.74,0.24,0.1752723902463913,0.5551791787147522,0.2695484161376953
2026-08-20,0.000538588734343648,0.9601817727088928,0.03927966579794884,0.0014204046351381388,0.8361240908048365,0.16245550456002528,0.002690103017497665,0.9265578895698515,0.07075200741265077,0.0,0.72,0.28,0.14305704832077026,0.6236568689346313,0.2332860380411148
2026-08-21,0.0006560349138453603,0.03145787864923477,0.9678860902786255,0.0017722515489249928,0.13603724761166897,0.862190500839406,0.004674211869686084,0.2942897270306092,0.7010360610997047,0.0,0.22,0.78,0.1330060362815857,0.6475035548210144,0.21949045360088348
2026-08-24,0.00043057065340690315,0.03691576421260834,0.962653636932373,0.0022116768354910692,0.12694369059069613,0.8708446325738127,0.007163709311522342,0.24617387241298602,0.7466624182754917,0.0,0.22,0.78,0.1291355937719345,0.6576246023178101,0.21323978900909424
2026-08-25,0.0006385217420756817,0.9849146604537964,0.014446785673499107,0.001538917115673914,0.9361625723006952,0.062298510583630895,0.006575783513211751,0.9048345884764751,0.08858962801031305,0.0,0.96,0.04,0.13358812034130096,0.6579943299293518,0.20841751992702484
2026-08-26,0.0010607537114992738,0.9820955991744995,0.016843587160110474,0.0022428633897554505,0.9436129180180785,0.05414421859216599,0.0020594131563426753,0.942688910630244,0.05525167621341331,0.0,0.86,0.14,0.12470148503780365,0.6502687931060791,0.22502972185611725
2026-08-27,0.0012365709990262985,0.9846960306167603,0.014067322947084904,0.006164455819606117,0.9493628001489764,0.04447274403141744,0.03048066197523778,0.9170815740377463,0.052437763987015926,0.02,0.9,0.08,0.14857594668865204,0.6442863941192627,0.20713767409324646
2026-08-28,0.00510222977027297,0.9924701452255249,0.0024276452604681253,0.023698386104501708,0.9675875754070129,0.008714038488485402,0.021238598827849904,0.9555045751088537,0.023256826063296532,0.0,0.98,0.02,0.15973994135856628,0.6363760828971863,0.20388397574424744
2026-08-31,0.006940798833966255,0.9901718497276306,0.0028874040581285954,0.00874875244194407,0.9766964203083744,0.014554827249681414,0.024202097585473262,0.9556566360131019,0.020141266401424843,0.04,0.96,0.0,0.16413888335227966,0.6366959810256958,0.19916510581970215
2026-09-01,0.009885077364742756,0.982429027557373,0.007685928139835596,0.025613405664672014,0.9269400537640123,0.04744654057131566,0.032341459235910267,0.8710697004072959,0.09658884035679384,0.04,0.92,0.04,0.15697291493415833,0.6144472360610962,0.2285798341035843
2026-09-02,0.001785390661098063,0.9946972131729126,0.0035173564683645964,0.018562523066611047,0.9499442330245721,0.03149324390881684,0.004915135370994391,0.9784494989077759,0.016635365721229593,0.04,0.94,0.02,0.16621077060699463,0.6225736141204834,0.2112155556678772
2026-09-03,0.0016590511659160256,0.9960224032402039,0.0023185713216662407,0.026265631237821038,0.9618713252775588,0.0118630434846202,0.03137383652829896,0.9389388042346746,0.029687359237026437,0.02,0.94,0.04,0.16429302096366882,0.5995070934295654,0.23619982600212097
2026-09-04,0.001249995082616806,0.9963307976722717,0.002419262658804655,0.00793866380263325,0.9783977371443252,0.013663599053041355,0.013316368575374755,0.971886879738482,0.014796751686143243,0.04,0.92,0.04,0.17562778294086456,0.5723432898521423,0.2520289123058319
2026-09-07,0.0013720925198867917,0.9960149526596069,0.0026129994075745344,0.009837765804587933,0.9809182733291535,0.009243960866258675,0.009189322692607495,0.9715394085737806,0.01927126873361186,0.0,0.92,0.08,0.15108664333820343,0.6206060647964478,0.22830726206302643
2026-09-08,0.0008743581711314619,0.9980119466781616,0.0011136818211525679,0.006111493706154898,0.983031430905775,0.010857075388070037,0.027819391635828025,0.9456524734999983,0.026528134864173675,0.0,1.0,0.0,0.15013250708580017,0.6511338353157043,0.1987336426973343
2026-09-09,0.0012069427175447345,0.9962854385375977,0.0025076260790228844,0.008478429371562478,0.9816665448870503,0.00985502574138714,0.012733964277470205,0.9325712900377051,0.05469474568482474,0.02,0.96,0.02,0.15536074340343475,0.6240061521530151,0.2206331193447113
2026-09-10,0.0009826762834563851,0.9914976954460144,0.007519648876041174,0.01905830866143045,0.9458980063517932,0.03504368498677631,0.004013471003141368,0.9845728781496381,0.011413650847220696,0.02,0.86,0.12,0.154397651553154,0.6322354078292847,0.2133670300245285
2026-09-11,0.000358694902388379,0.9829872846603394,0.016654055565595627,0.004671252002471375,0.9447316306892993,0.050597117308229196,0.0022687582538248653,0.9695186297902321,0.028212611955943,0.0,0.86,0.14,0.1516091376543045,0.6418212056159973,0.2065695822238922
