Date,0,1,2,3,4,5,6,7,8,9,10,11,12,13,14
2024-12-12,0.0791173055768013,0.8954328894615173,0.025449827313423157,0.3233966424910014,0.5597596935109432,0.11684366399805546,0.21113078285016262,0.6900102838060853,0.09885893334375204,0.24,0.62,0.14,0.261626660823822,0.45311686396598816,0.2852564752101898
2024-12-13,0.9385685920715332,0.04578728601336479,0.015644129365682602,0.7606774959671249,0.18047872629945363,0.05884377773342149,0.747272743094973,0.18342416921844829,0.06930308768657874,0.84,0.08,0.08,0.2952190637588501,0.4036467671394348,0.30113422870635986
2024-12-16,0.9551469683647156,0.036083437502384186,0.00876957830041647,0.8130140476150549,0.1332802035776834,0.05370574880726167,0.6980294083592897,0.22177274973757607,0.08019784190313413,0.7,0.22,0.08,0.22396132349967957,0.48300936818122864,0.2930292785167694
2024-12-17,0.9781303405761719,0.015767723321914673,0.006102002691477537,0.905375230703317,0.07349201657834639,0.021132752718336624,0.8755008544773332,0.08918440835074291,0.03531473717192408,0.78,0.16,0.06,0.22530817985534668,0.4995318353176117,0.2751599848270416
2024-12-18,0.9830654859542847,0.008581177331507206,0.008353383280336857,0.8901252819604584,0.057925934242465324,0.05194878379707634,0.9100724383049654,0.050640341761948746,0.03928721993308588,0.92,0.08,0.0,0.27590689063072205,0.4356924593448639,0.28840065002441406
2024-12-19,0.9810186624526978,0.009274996817111969,0.009706403128802776,0.9051991500718629,0.05601068219356179,0.03879016773457517,0.8578744392264064,0.07782966521854495,0.06429589555504864,0.9,0.06,0.04,0.3089110851287842,0.3961509168148041,0.29493799805641174
2024-12-20,0.04205017909407616,0.9518626928329468,0.006087091751396656,0.1948282291189157,0.7899293772999285,0.015242393581155773,0.22125082094013576,0.737107266010015,0.041641913049849356,0.26,0.64,0.1,0.31881535053253174,0.3976359963417053,0.28354862332344055
2024-12-23,0.9578845500946045,0.03768838196992874,0.004427072126418352,0.817059393770657,0.17688330312531586,0.0060573031040273215,0.8395797240681324,0.14007713700833602,0.02034313892353158,0.86,0.1,0.04,0.3186379671096802,0.4148990511894226,0.2664630115032196
2024-12-24,0.9957106113433838,0.0026872302405536175,0.0016021307092159986,0.9753112372755681,0.01749934803546075,0.00718941468897122,0.9590244951168257,0.028117112745823583,0.012858392137350535,0.94,0.02,0.04,0.3319028317928314,0.40230631828308105,0.26579082012176514
2024-12-26,0.9862557053565979,0.007417180575430393,0.0063270279206335545,0.9509653371454361,0.023158374171485564,0.02587628868307847,0.9098393706399854,0.06948934964036668,0.02067127971964799,0.86,0.14,0.0,0.3200826048851013,0.43479663133621216,0.24512076377868652
2024-12-27,0.9779625535011292,0.009282447397708893,0.012754974886775017,0.9471644056304697,0.03262645663667766,0.020209137732852937,0.8624619480588296,0.08980140882578522,0.04773664311538506,0.78,0.22,0.0,0.34221088886260986,0.4364824593067169,0.2213066667318344
2024-12-30,0.9795020222663879,0.018796171993017197,0.0017017913050949574,0.9372489389947375,0.0562397175772811,0.006511343427981346,0.7408218569779894,0.21342244377754876,0.04575569924446184,0.78,0.2,0.02,0.3740288317203522,0.38302621245384216,0.24294491112232208
2024-12-31,0.9898383617401123,0.009026415646076202,0.0011352438014000654,0.9373473917513019,0.05455425259521591,0.008098355653482292,0.8809265024924182,0.08590713906566746,0.03316635844191449,0.86,0.1,0.04,0.4060739278793335,0.36866894364356995,0.22525712847709656
2025-01-02,0.9747927188873291,0.008464337326586246,0.016742996871471405,0.9267799246047551,0.03716962467849302,0.036050450716751926,0.9152988702258331,0.03755176587452022,0.04714936389964675,0.92,0.02,0.06,0.4154607653617859,0.35928332805633545,0.22525598108768463
2025-01-03,0.9817571043968201,0.016378698870539665,0.001864124438725412,0.9295549733600394,0.06516761068607563,0.005277415953884903,0.8469578463863086,0.09694741882491589,0.05609473478877567,0.9,0.08,0.02,0.4105076491832733,0.37201163172721863,0.21748073399066925
2025-01-06,0.9950262904167175,0.004332623444497585,0.0006411353824660182,0.9893537759284534,0.008588058603341355,0.002058165468205295,0.9699879860993599,0.02285296017573778,0.007159053724902361,0.96,0.04,0.0,0.39783692359924316,0.3699939250946045,0.23216915130615234
2025-01-07,0.985567569732666,0.012327057309448719,0.0021054111421108246,0.9524103870156787,0.03914238706808192,0.00844722591623915,0.8878866835701091,0.08999088392964581,0.02212243250024502,0.94,0.06,0.0,0.362745076417923,0.35742175579071045,0.27983322739601135
2025-01-08,0.990842342376709,0.007823379710316658,0.0013342327438294888,0.9634463325554486,0.02887047061210764,0.007683196832443723,0.9101026897174375,0.06636993464698918,0.023527375635573427,0.94,0.04,0.02,0.340151846408844,0.3699726164340973,0.2898755669593811
2025-01-09,0.987575352191925,0.010528828017413616,0.0018957945285364985,0.9469910530803927,0.040743827443847566,0.012265119475759829,0.9414750496049228,0.04766470050351001,0.010860249891567336,0.94,0.04,0.02,0.35047921538352966,0.329916775226593,0.3196040093898773
2025-01-10,0.9749860167503357,0.012562367133796215,0.012451661750674248,0.9366212349813409,0.03938758017289757,0.023991184845761602,0.8528540299717458,0.10507597093865363,0.04206999908960061,0.84,0.14,0.02,0.3495579957962036,0.28960272669792175,0.3608393371105194
2025-01-13,0.03302081674337387,0.05206950753927231,0.9149096608161926,0.13084710229316876,0.28431737655582906,0.5848355211510021,0.13652599940791144,0.14560405108592828,0.7178699495061603,0.1,0.18,0.72,0.2894287407398224,0.2718837857246399,0.4386875033378601
2025-01-14,0.036207325756549835,0.9008509516716003,0.06294168531894684,0.08239348183012496,0.4624737231497082,0.45513279502016674,0.1470455251452583,0.7034398089600983,0.14951466589464346,0.16,0.62,0.22,0.2823788523674011,0.25615909695625305,0.4614620804786682
2025-01-15,0.9514424204826355,0.019029323011636734,0.029528237879276276,0.6062111255903482,0.17348819524069845,0.22030067916895332,0.8048297312380173,0.07396612729353974,0.121204141468443,0.84,0.06,0.1,0.3397314250469208,0.2287517935037613,0.4315168559551239
2025-01-16,0.9416053891181946,0.010467306710779667,0.047927357256412506,0.87196409451726,0.021876315025880225,0.10615959045685983,0.888246280022783,0.03846589228599392,0.07328782769122304,0.84,0.02,0.14,0.36711445450782776,0.20907723903656006,0.42380833625793457
2025-01-17,0.99457848072052,0.0018337329383939505,0.003587764222174883,0.902427313655877,0.03129980074064247,0.06627288560348046,0.9001392590335308,0.015576867584924384,0.08428387338154489,0.84,0.08,0.08,0.3660583794116974,0.21110284328460693,0.4228387773036957
2025-01-20,0.9798744320869446,0.009541383944451809,0.010584197007119656,0.8779710019759455,0.04972490784085143,0.072304090183203,0.8723213383307251,0.04590456641192393,0.08177409525735096,0.92,0.02,0.06,0.31193608045578003,0.23891296982765198,0.4491508901119232
2025-01-21,0.9448084831237793,0.006113467272371054,0.04907802864909172,0.7796449982152546,0.03309575993016334,0.18725924185458198,0.6441713198435113,0.06928263563526864,0.2865460445212201,0.72,0.08,0.2,0.31120115518569946,0.23127371072769165,0.45752519369125366
2025-01-22,0.0050102341920137405,0.007290108595043421,0.9876996278762817,0.07336014333939975,0.04659015058442909,0.8800497060761712,0.02730797262081132,0.012232231757767767,0.9604597956214209,0.06,0.04,0.9,0.28463906049728394,0.1944494992494583,0.5209113955497742
2025-01-23,0.0052487547509372234,0.010453862138092518,0.9842974543571472,0.026217912901286358,0.0669672845594023,0.9068148025393115,0.003028672955725486,0.008461042479998277,0.9885102845642761,0.04,0.06,0.9,0.23750939965248108,0.1925036907196045,0.5699869394302368
2025-01-24,0.001991468481719494,0.005466524511575699,0.992542028427124,0.018163633086693314,0.03017825660945395,0.9516581103038528,0.005354458850433792,0.030029686153241877,0.9646158549963243,0.04,0.04,0.92,0.2417343705892563,0.19192498922348022,0.5663406848907471
2025-01-27,0.014232576824724674,0.0052678645588457584,0.9804995656013489,0.0852325299783284,0.04747442136769512,0.8672930486539765,0.043922834029890966,0.0664896776775992,0.8895874882925099,0.04,0.08,0.88,0.30043670535087585,0.19140195846557617,0.5081613659858704
2025-01-28,0.007675711065530777,0.01323462463915348,0.979089617729187,0.04959546595755021,0.07458724386779057,0.8758172901746593,0.04056464908145414,0.048766070325633085,0.9106692805929127,0.02,0.12,0.86,0.3342110812664032,0.1961241513490677,0.4696648120880127
2025-01-29,0.03544658422470093,0.019362909719347954,0.9451904892921448,0.15322309921248026,0.1213738774789535,0.7254030233085662,0.09565930736129621,0.17407509731225837,0.7302655953264454,0.22,0.2,0.58,0.30704009532928467,0.21278567612171173,0.4801742136478424
2025-01-30,0.015362989157438278,0.9661003947257996,0.018536614254117012,0.07359151595615934,0.771788539401761,0.1546199446420797,0.12382147095595837,0.724092709990017,0.15208581905402468,0.12,0.76,0.12,0.30370795726776123,0.2424556463956833,0.4538364112377167
2025-01-31,0.012501227669417858,0.9733608961105347,0.014137891121208668,0.07244756575633876,0.8480393043571979,0.07951312988646325,0.12609583800283952,0.8077310724068184,0.06617308959034199,0.18,0.74,0.08,0.25234678387641907,0.3136883080005646,0.43396493792533875
2025-02-03,0.9707448482513428,0.022600345313549042,0.006654851604253054,0.8365118743001196,0.1265606130208933,0.03692751267898717,0.938002712714003,0.0464746577313421,0.015522629554654879,0.8,0.1,0.1,0.22017906606197357,0.3555399775505066,0.42428094148635864
2025-02-04,0.9680300951004028,0.028336061164736748,0.0036338050849735737,0.9440645423750592,0.04964809970101098,0.006287357923929858,0.914533198777076,0.06529418780359947,0.02017261341932459,0.84,0.12,0.04,0.24488994479179382,0.3517250716686249,0.4033850431442261
2025-02-05,0.9729844927787781,0.02568584494292736,0.0013296487741172314,0.9344278429179151,0.0599861813590824,0.005585975723002521,0.8962226635769329,0.0854013461449251,0.01837599027814192,0.8,0.16,0.04,0.31631553173065186,0.3250840902328491,0.3586004078388214
2025-02-06,0.9640679955482483,0.03244189918041229,0.0034901276230812073,0.8442898852172613,0.14761993320585498,0.008090181576883753,0.8388689670049118,0.12176416911691193,0.039366863878176186,0.7,0.2,0.1,0.3596436083316803,0.290067195892334,0.3502892255783081
2025-02-07,0.9876296520233154,0.008770547807216644,0.003599878866225481,0.9295729160050703,0.04262490560066643,0.027802178394263192,0.9158345036898735,0.04548504459330829,0.038680451716818116,0.82,0.1,0.08,0.38473549485206604,0.2894017696380615,0.3258627653121948
2025-02-10,0.9837918281555176,0.013721590861678123,0.0024865898303687572,0.8698204854211891,0.1123907209342502,0.0177887936445609,0.9065356597496004,0.05021216478441317,0.043252175465986455,0.9,0.08,0.02,0.38901853561401367,0.31689587235450745,0.2940855920314789
2025-02-11,0.9637987017631531,0.035116638988256454,0.0010846572695299983,0.8708105638989677,0.12060983035926764,0.008579605741764551,0.7988478730835331,0.16513332186461144,0.03601880505185541,0.76,0.22,0.02,0.37583160400390625,0.35212481021881104,0.2720435559749603
2025-02-12,0.028747931122779846,0.963482677936554,0.0077693588100373745,0.09888238886796191,0.8846231392585232,0.0164944718735149,0.13445262684264497,0.8515914833673741,0.013955889789980774,0.12,0.82,0.06,0.3138616681098938,0.3421425223350525,0.3439958393573761
2025-02-13,0.013030203990638256,0.9795776009559631,0.007392187602818012,0.061220121873932325,0.9113581715554727,0.027421706570595082,0.09911632166596797,0.8811830652999748,0.01970061303405726,0.16,0.8,0.04,0.30047154426574707,0.3809872567653656,0.31854119896888733
2025-02-14,0.021940240636467934,0.9742659330368042,0.0037938368041068316,0.11908210532533635,0.8530836706328438,0.027834224041819844,0.06030443770076171,0.8865362876322138,0.053159274667024595,0.16,0.84,0.0,0.32788559794425964,0.3777088224887848,0.2944055199623108
2025-02-17,0.01095762848854065,0.9784350395202637,0.01060731802135706,0.07868540245162683,0.8936594924538378,0.027655105094535455,0.024207853933059836,0.9074429467584526,0.0683491993084876,0.14,0.82,0.04,0.3288973569869995,0.35170337557792664,0.31939926743507385
2025-02-18,0.023182250559329987,0.9444565176963806,0.03236119821667671,0.1428518802377011,0.7734300982789563,0.08371802148334258,0.13618504728719172,0.7807543733330671,0.08306057937974125,0.14,0.74,0.12,0.3441527187824249,0.2937484681606293,0.3620988130569458
2025-02-19,0.9600353240966797,0.02175815775990486,0.018206508830189705,0.877319815759191,0.08133161853301814,0.04134856570779076,0.8649658434920618,0.051145634887779456,0.08388852162015879,0.82,0.08,0.1,0.3602237403392792,0.2699448764324188,0.3698313534259796
2025-02-20,0.984970211982727,0.007452816236764193,0.007576952688395977,0.921496256178524,0.06026350297605771,0.018240240845418233,0.867259753263705,0.04878717392535836,0.08395307281093674,0.82,0.12,0.06,0.3810323476791382,0.2879413664340973,0.3310262858867645
2025-02-21,0.9779863953590393,0.017432330176234245,0.004581252112984657,0.8580830934030997,0.11445344231667512,0.02746346428022518,0.8785152351378065,0.061251161590940295,0.06023360327125309,0.8,0.12,0.08,0.37290287017822266,0.25741541385650635,0.3696816861629486
2025-02-24,0.9822617769241333,0.010145382024347782,0.007592871319502592,0.9467036532473403,0.032546432094835154,0.02074991465782464,0.9671957883914327,0.01768798621644724,0.015116225392120038,0.86,0.06,0.08,0.38545358180999756,0.24297074973583221,0.37157565355300903
2025-02-25,0.039895690977573395,0.9277598857879639,0.032344453036785126,0.1593493265933284,0.6920791585738906,0.14857151483278094,0.11168211791171,0.7815268777631916,0.10679100432509844,0.22,0.54,0.24,0.391325443983078,0.2574464678764343,0.3512280583381653
2025-02-27,0.007262042257934809,0.018364401534199715,0.9743735790252686,0.036464277917413766,0.08983241435505224,0.873703307727534,0.04793329794628257,0.12338757925311539,0.828679122800602,0.06,0.1,0.84,0.38786572217941284,0.2571837306022644,0.354950487613678
2025-02-28,0.015108704566955566,0.03461892530322075,0.9502723217010498,0.1140798258715388,0.16323414852495782,0.7226860256035034,0.13126784782515946,0.11310054746156735,0.7556316047132733,0.1,0.12,0.78,0.3897726535797119,0.25249266624450684,0.35773470997810364
2025-03-03,0.028709756210446358,0.9200221300125122,0.05126810446381569,0.12666328912007965,0.733735041021124,0.13960166985879635,0.11418904950402683,0.7401578899670662,0.14565306052890697,0.06,0.68,0.26,0.387229323387146,0.2573607265949249,0.3554099500179291
2025-03-04,0.01195539627224207,0.012141871266067028,0.9759027361869812,0.09512550152576273,0.06758813684761773,0.8372863616266195,0.0755272345636906,0.053323821073953614,0.8711489443623558,0.06,0.12,0.82,0.37444552779197693,0.2551203668117523,0.37043407559394836
2025-03-05,0.04157165065407753,0.9407147169113159,0.017713626846671104,0.15281980555228733,0.7953811448156766,0.05179904963203615,0.19963829701237043,0.7408108958870149,0.059550807100614736,0.16,0.82,0.02,0.3503850996494293,0.26208871603012085,0.3875262141227722
2025-03-06,0.9334874153137207,0.05094030499458313,0.015572350472211838,0.6527550135645515,0.21251362298539916,0.13473136345004955,0.6728159845594371,0.11359598075804062,0.21358803468252227,0.7,0.22,0.08,0.3363935351371765,0.2749441862106323,0.38866233825683594
2025-03-07,0.9120171666145325,0.02439582347869873,0.06358698755502701,0.6335408075538861,0.07945542518204231,0.2870037672640717,0.7788793215368941,0.06398020683060494,0.15714047163250094,0.78,0.1,0.12,0.3354106843471527,0.27522900700569153,0.389360249042511
2025-03-10,0.022153625264763832,0.003665321273729205,0.974181056022644,0.03842370572383701,0.018657492105872857,0.9429188021702902,0.07856975235689477,0.04512929936090105,0.8763009482822042,0.14,0.1,0.76,0.33998170495033264,0.2868904173374176,0.37312784790992737
2025-03-11,0.019492313265800476,0.018035657703876495,0.9624720215797424,0.10479884384506281,0.10271122947690355,0.7924899266780336,0.06729061386708787,0.051757969696987094,0.880951416435925,0.12,0.08,0.8,0.3427990674972534,0.29187244176864624,0.36532846093177795
2025-03-12,0.00463862856850028,0.0013602465623989701,0.9940010905265808,0.017480491603477175,0.012514942793480949,0.9700045656030418,0.03049341828224953,0.014511920924074403,0.9549946607936761,0.06,0.0,0.94,0.36620455980300903,0.29778000712394714,0.336015522480011
2025-03-13,0.004468713887035847,0.0027195673901587725,0.9928117394447327,0.02139503451988599,0.01502170724795263,0.9635832582321615,0.03700868116944483,0.033416713596405356,0.9295746052341498,0.04,0.02,0.94,0.37350156903266907,0.2968113422393799,0.32968705892562866
2025-03-17,0.019833536818623543,0.012752647511661053,0.9674138426780701,0.03462042423791518,0.06890551072195955,0.8964740650401253,0.014943966199745204,0.0632559772278256,0.9218000565724292,0.08,0.12,0.8,0.35381191968917847,0.31545576453208923,0.3307323753833771
2025-03-18,0.012781165540218353,0.02534383535385132,0.9618750214576721,0.04722778799466668,0.15952617295265875,0.7932460390526745,0.058499558357226235,0.1291218839029949,0.8123785577397789,0.18,0.12,0.7,0.3413078188896179,0.355051726102829,0.3036405146121979
2025-03-19,0.018946779891848564,0.9462338089942932,0.034819357097148895,0.07748026488674888,0.7369302583359494,0.18558947677730178,0.1049911629842593,0.8445552034459667,0.05045363356977409,0.14,0.7,0.16,0.31615883111953735,0.4215069115161896,0.26233431696891785
2025-03-20,0.002497263951227069,0.9877996444702148,0.009703099727630615,0.020625269633257122,0.9055867740449434,0.07378795632179955,0.04298683365091411,0.9299060445336074,0.027107121815478575,0.08,0.84,0.08,0.24789658188819885,0.5139328241348267,0.2381705492734909
2025-03-21,0.015504012815654278,0.9748993515968323,0.009596636518836021,0.09304030301338835,0.8204132666655928,0.08654643032101884,0.06424867004486674,0.901733021660738,0.03401830829439524,0.1,0.86,0.04,0.2520497441291809,0.4942464530467987,0.25370368361473083
2025-03-24,0.9491347074508667,0.036333613097667694,0.01453167200088501,0.5832449983431564,0.3657192231795944,0.051035778477249286,0.5332468729619809,0.36509154118765447,0.1016615858503646,0.68,0.3,0.02,0.22235628962516785,0.5239363312721252,0.2537074685096741
2025-03-25,0.009873272851109505,0.9799933433532715,0.010133359581232071,0.066411971150186,0.8980847165600594,0.035503312289754556,0.12063294988783642,0.8491069266601678,0.030260123451995857,0.02,0.92,0.06,0.2312292456626892,0.54030442237854,0.2284662276506424
2025-03-26,0.041398439556360245,0.9531074166297913,0.005494195502251387,0.10317461218768685,0.8832107794197895,0.013614608392523679,0.22925307030318226,0.7056249838101982,0.06512194588661943,0.08,0.88,0.04,0.3020232617855072,0.4364146590232849,0.2615621089935303
2025-03-27,0.9850479364395142,0.012699118815362453,0.0022529452107846737,0.9439974105319664,0.04747714048179268,0.008525448986241054,0.9220076827003848,0.04339937304275045,0.03459294425686469,0.88,0.08,0.04,0.3262876868247986,0.3866410255432129,0.28707125782966614
2025-03-28,0.9399271011352539,0.059125982224941254,0.000946852786000818,0.7736587774564909,0.20195226129582042,0.024388961247688787,0.8875578079307018,0.07064463866285554,0.04179755340644262,0.72,0.26,0.02,0.33975550532341003,0.4104675054550171,0.2497769445180893
2025-04-01,0.9790424704551697,0.011779360473155975,0.009178237989544868,0.9003816088366915,0.055386108777519726,0.04423228238578876,0.9216549791188928,0.053329560140621006,0.025015460740486238,0.78,0.14,0.08,0.4046163856983185,0.3719160258769989,0.223467618227005
2025-04-02,0.993649423122406,0.0041061630472540855,0.0022444603964686394,0.9378146896242132,0.039879838627479534,0.022305471748307243,0.9368845207666373,0.04397893722694652,0.019136542006416145,0.76,0.18,0.06,0.36351704597473145,0.40614834427833557,0.23033460974693298
2025-04-03,0.9639012217521667,0.024979226291179657,0.011119511909782887,0.856056062042807,0.07191351054854142,0.07203042740865163,0.667358201465794,0.2075493665800291,0.12509243195417682,0.74,0.16,0.1,0.3617585301399231,0.39128929376602173,0.24695219099521637
2025-04-04,0.05839013680815697,0.9295080900192261,0.012101718224585056,0.18399733165013776,0.7135345433370994,0.1024681250127627,0.162895256398552,0.7977464904918504,0.03935825310959748,0.24,0.68,0.08,0.3502550721168518,0.3536011278629303,0.29614388942718506
2025-04-07,0.0024942494928836823,0.005746263079345226,0.9917594790458679,0.008183979303271994,0.04432275975149383,0.9474932609452341,0.014637335192451919,0.017781637463491477,0.9675810273440566,0.06,0.04,0.9,0.2897082567214966,0.34784966707229614,0.3624420464038849
2025-04-08,0.01251736469566822,0.032719217240810394,0.9547634720802307,0.01793328046040888,0.1256622213373145,0.8564044982022766,0.01793081325905815,0.07789121968256765,0.9041779670583743,0.06,0.08,0.86,0.25818613171577454,0.32505854964256287,0.4167552888393402
2025-04-09,0.003112585050985217,0.011888517066836357,0.984998881816864,0.007385423946275434,0.1126997978029356,0.879914778250789,0.020139655518627755,0.059461948976555275,0.9203983955048168,0.1,0.04,0.86,0.2891382575035095,0.3227795958518982,0.38808220624923706
2025-04-11,0.0072173867374658585,0.0027026343159377575,0.9900799989700317,0.047252071834006745,0.03126650742849217,0.9214814207375012,0.059079059041912275,0.03657962725779048,0.9043413137002974,0.02,0.08,0.9,0.29473891854286194,0.23946353793144226,0.4657975137233734
2025-04-15,0.023882972076535225,0.002450775820761919,0.973666250705719,0.08481388683244293,0.018289044291158813,0.8968970688763983,0.11250885360973922,0.043137438298093245,0.8443537080921676,0.06,0.08,0.86,0.22897663712501526,0.42541682720184326,0.3456065356731415
2025-04-16,0.014800979755818844,0.02849671058356762,0.9567022919654846,0.04910696211362842,0.13727761820694287,0.8136154196794286,0.10672329000096697,0.15715775324062675,0.7361189567584062,0.04,0.14,0.82,0.23497861623764038,0.47754308581352234,0.2874782383441925
2025-04-17,0.0031195860356092453,0.9935926795005798,0.003287715371698141,0.015740623413960837,0.9746194156836671,0.009639960902372069,0.03151324123866169,0.930352637082963,0.03813412167837541,0.04,0.88,0.08,0.20080283284187317,0.5653000473976135,0.23389717936515808
2025-04-21,0.010943175293505192,0.9655168056488037,0.023540019989013672,0.07431223175047277,0.7997762326963114,0.12591153555321585,0.04802780176830891,0.837811527759879,0.11416067047181201,0.04,0.8,0.16,0.20559458434581757,0.5476924777030945,0.24671293795108795
2025-04-22,0.003673243336379528,0.9903703331947327,0.005956439767032862,0.04023438673945853,0.9323066105250142,0.027459002735527347,0.06728200841675228,0.8653085939933213,0.06740939758992633,0.04,0.84,0.12,0.1768622100353241,0.59169602394104,0.2314416766166687
2025-04-23,0.0015749905724078417,0.9964781403541565,0.001946837524883449,0.018009916157086452,0.972301799046242,0.009688284796671531,0.03145570240518394,0.9553293295102875,0.013214968084528518,0.04,0.92,0.04,0.1669178456068039,0.6023104786872864,0.2307717651128769
2025-04-24,0.010254398919641972,0.9616971015930176,0.02804851531982422,0.030111496306529196,0.8340912870703591,0.13579721662311184,0.045460660618984405,0.7516689130353801,0.20287042634563543,0.04,0.78,0.18,0.1670730710029602,0.5927165746688843,0.2402103692293167
2025-04-25,0.019836604595184326,0.07580539584159851,0.9043580293655396,0.029458929237315485,0.1850430058164841,0.7854980649462003,0.06703461515230441,0.23564380309778402,0.6973215817499115,0.02,0.18,0.8,0.22215713560581207,0.5123311877250671,0.2655116319656372
2025-04-28,0.014601152390241623,0.9566323757171631,0.028766460716724396,0.06725431960588485,0.8259480131764702,0.10679766721764497,0.08620714681550022,0.7484607411426619,0.16533211204183798,0.08,0.78,0.14,0.22444403171539307,0.5474483966827393,0.2281074970960617
2025-04-29,0.030297240242362022,0.9472417235374451,0.022461049258708954,0.15847852384101208,0.7781254538747613,0.0633960222842266,0.13933873948012274,0.7784611664747523,0.0822000940451249,0.14,0.74,0.12,0.25148719549179077,0.5414468050003052,0.20706608891487122
2025-04-30,0.9509229063987732,0.026115451008081436,0.022961704060435295,0.7982612409547358,0.09302400380413278,0.10871475524113135,0.62500101764973,0.2577802814393736,0.11721870091089641,0.64,0.2,0.16,0.2226620763540268,0.5925859212875366,0.1847519874572754
2025-05-02,0.9505112767219543,0.024236883968114853,0.025251824408769608,0.7181218689090819,0.15550812977075423,0.12637000132016385,0.5330061792106019,0.3165310172847414,0.15046280350465668,0.82,0.14,0.04,0.2045777440071106,0.5826692581176758,0.21275295317173004
2025-05-05,0.01063380017876625,0.9735299944877625,0.01583624817430973,0.04458047938322029,0.8917279794617858,0.06369154115499388,0.09846972582891142,0.8263707485468477,0.07515952562424097,0.08,0.82,0.1,0.18461747467517853,0.6085024476051331,0.20688006281852722
2025-05-06,0.0013204737333580852,0.9964684247970581,0.0022110664285719395,0.04161696886401669,0.9084941708691954,0.049888860266788036,0.07733895017094426,0.8760012702206535,0.046659779608402265,0.06,0.78,0.16,0.23788030445575714,0.5615612268447876,0.20055852830410004
2025-05-07,0.025225849822163582,0.9438694715499878,0.030904710292816162,0.10803642804454873,0.8039903988411007,0.08797317311435063,0.20839630717569801,0.7101306791498049,0.08147301367449711,0.18,0.7,0.12,0.2746354937553406,0.48527684807777405,0.24008767306804657
2025-05-08,0.020143525674939156,0.030311720445752144,0.9495447874069214,0.0697184286945288,0.08917839524803016,0.8411031760574411,0.1498033777793763,0.12025267983686169,0.729943942383762,0.12,0.24,0.64,0.3369913399219513,0.3993179500102997,0.26369068026542664
2025-05-09,0.00636362424120307,0.023419329896569252,0.9702170491218567,0.05874468277352114,0.07891058423148085,0.8623447329949979,0.07119971769474427,0.08994341799279174,0.8388568643124639,0.1,0.16,0.74,0.3965590298175812,0.3521839380264282,0.251257061958313
2025-05-12,0.003330134553834796,0.004753889515995979,0.9919160008430481,0.01026315850174322,0.031507157255162815,0.9582296842430938,0.007474134154726978,0.046383527216207414,0.9461423386290655,0.04,0.12,0.84,0.3075546622276306,0.4206172525882721,0.2718280255794525
2025-05-13,0.0007187029113993049,0.0008466060389764607,0.9984347224235535,0.005346446049111328,0.013244346445766789,0.981409207505122,0.006599232085201254,0.026555444296517763,0.9668453236182809,0.02,0.06,0.92,0.2773951292037964,0.3960302472114563,0.3265747129917145
2025-05-14,0.006016770843416452,0.0026053152978420258,0.9913779497146606,0.017174057442032653,0.0448413653960818,0.9379845771618855,0.04286511409592375,0.033836566816894786,0.9232983190871814,0.0,0.08,0.92,0.256612628698349,0.45512330532073975,0.28826403617858887
2025-05-15,0.0037091111298650503,0.021731942892074585,0.97455894947052,0.025556307786310184,0.10158707040805247,0.8728566218056373,0.04367953748562275,0.13950577602681577,0.8168146864875615,0.02,0.12,0.86,0.2058807611465454,0.5271374583244324,0.2669817805290222
2025-05-16,0.008516446687281132,0.0384245440363884,0.9530590176582336,0.02940038827128229,0.14250875954136183,0.8280908521873559,0.035938736753856074,0.29786762045664283,0.6661936427895011,0.06,0.18,0.76,0.14998294413089752,0.6457099914550781,0.2043071836233139
2025-05-19,0.005542434751987457,0.953153669834137,0.041303955018520355,0.058268169854751806,0.8309854917304292,0.11074633841481892,0.055401777074359136,0.7153082842183311,0.22928993870730968,0.08,0.82,0.1,0.17157882452011108,0.6175624132156372,0.21085883677005768
2025-05-20,0.005174179095774889,0.07300108671188354,0.9218247532844543,0.02406791330064314,0.19337546446360163,0.7825566222357553,0.09429667712032391,0.3554482943186658,0.5502550285610103,0.06,0.2,0.74,0.20425967872142792,0.5574919581413269,0.2382483333349228
2025-05-21,0.0061188070103526115,0.9435330629348755,0.0503481850028038,0.0216485723052677,0.7771425854359113,0.20120884225882088,0.05689450402436018,0.7297760619500606,0.21332943402557925,0.06,0.8,0.14,0.223624125123024,0.5008558034896851,0.27552008628845215
2025-05-22,0.024161625653505325,0.03632056713104248,0.9395178556442261,0.0728472788319831,0.08237692004904965,0.8447758011189673,0.16007106653505507,0.2558222609400013,0.5841066725249436,0.16,0.14,0.7,0.24500183761119843,0.4984332025051117,0.2565648853778839
2025-05-23,0.012818282470107079,0.9277880787849426,0.059393614530563354,0.04814346682667193,0.6569754380964655,0.29488109507686266,0.09014394981469331,0.708794144802924,0.20106190538238258,0.1,0.66,0.24,0.29720088839530945,0.42321935296058655,0.2795797288417816
2025-05-26,0.005517958197742701,0.03572940453886986,0.9587526321411133,0.024007054692570126,0.09302299965373903,0.8829699456536909,0.04881880444701891,0.17057351950366434,0.7806076760493168,0.08,0.18,0.74,0.2387121170759201,0.5330525040626526,0.2282353937625885
2025-05-27,0.003507206216454506,0.021872950717806816,0.9746198654174805,0.01595034395632477,0.10617348389707179,0.8778761721466035,0.013254537542533964,0.033681016375726285,0.9530644460817398,0.06,0.12,0.82,0.22287586331367493,0.5598989129066467,0.21722526848316193
2025-05-28,0.0035135867074131966,0.02197772078216076,0.9745087027549744,0.025169020641058748,0.050151615641693584,0.9246793637172477,0.03773808562061493,0.08452647706912957,0.8777354373102556,0.08,0.12,0.8,0.2340797781944275,0.5529021620750427,0.21301805973052979
2025-05-29,0.0033024493604898453,0.014081691391766071,0.9826158285140991,0.040322727149244064,0.04666064181468935,0.9130166310360666,0.07479406870994369,0.09822107310282185,0.8269848581872343,0.1,0.06,0.84,0.20178309082984924,0.6152030825614929,0.18301375210285187
2025-05-30,0.00537162134423852,0.032484229654073715,0.9621441960334778,0.036308527762573,0.07993425247365571,0.8837572197637712,0.0403910728730068,0.09451734977821563,0.8650915773487776,0.1,0.12,0.78,0.22960899770259857,0.5839996337890625,0.18639139831066132
2025-06-02,0.0038722429890185595,0.01980840042233467,0.9763193130493164,0.019772647173823172,0.061449229396730524,0.9187781234294463,0.12134787212602333,0.20548151178801724,0.6731706160859595,0.02,0.12,0.86,0.21784383058547974,0.5593755841255188,0.22278065979480743
2025-06-03,0.008582772687077522,0.08023261278867722,0.9111846089363098,0.049586820269288574,0.2437508995289118,0.7066622802017997,0.11499552350375088,0.37096548397806084,0.5140389925181883,0.02,0.26,0.72,0.20691025257110596,0.5628755688667297,0.2302142232656479
2025-06-04,0.00985067430883646,0.0318305604159832,0.9583187699317932,0.05064359072690108,0.11111244669180323,0.8382439625812957,0.06771168875724262,0.20649061141461217,0.7257976998281451,0.1,0.12,0.78,0.23287060856819153,0.5398723483085632,0.22725701332092285
2025-06-05,0.012373896315693855,0.9386580586433411,0.04896804690361023,0.05111594459613978,0.7609899065213173,0.18789414888254297,0.14588784049573117,0.6880480467191561,0.16606411278511277,0.02,0.84,0.14,0.22558632493019104,0.531984806060791,0.24242889881134033
2025-06-06,0.9551709294319153,0.03576064854860306,0.009068395011126995,0.6762449136247757,0.22164835842744776,0.10210672794777649,0.6486772330579581,0.2707818676825487,0.08054089925949326,0.62,0.26,0.12,0.14484037458896637,0.5951004028320312,0.2600591778755188
2025-06-09,0.00897742435336113,0.9855791330337524,0.00544342678040266,0.0783286537157463,0.8889475214994145,0.032723824784839144,0.07696121409662111,0.8936853724372306,0.029353413466148337,0.12,0.8,0.08,0.13597407937049866,0.649142861366272,0.21488307416439056
2025-06-10,0.012387622147798538,0.9706091284751892,0.01700320839881897,0.07459949712801185,0.8582902049885915,0.0671102978833966,0.03430274654798049,0.9316143625031796,0.03408289094883991,0.0,0.98,0.02,0.17192065715789795,0.5845996141433716,0.24347971379756927
2025-06-11,0.007650560233741999,0.9839392900466919,0.008410077542066574,0.06483466837178932,0.9025868921407151,0.03257843948749569,0.06778429282196799,0.9152075062780883,0.017008200899943798,0.02,0.96,0.02,0.16127969324588776,0.6360410451889038,0.20267927646636963
2025-06-12,0.007315460126847029,0.9755412340164185,0.017143281176686287,0.012770587834849063,0.9481295410394216,0.03909987112572945,0.07942951556084904,0.8988433095110192,0.021727174928131664,0.06,0.92,0.02,0.18740342557430267,0.6340941190719604,0.17850245535373688
2025-06-13,0.006179656367748976,0.9878746867179871,0.005945615936070681,0.026774741331917398,0.9540498121102591,0.019175446557823553,0.07389084600010448,0.9146754473539971,0.011433706645898243,0.02,0.96,0.02,0.24542155861854553,0.5869239568710327,0.16765455901622772
2025-06-16,0.0036399373784661293,0.9930752515792847,0.00328483316116035,0.00958265638348905,0.9674702775310368,0.022947066085474307,0.02119924253582237,0.9568432418003088,0.021957515663868898,0.02,0.94,0.04,0.27565670013427734,0.520791232585907,0.20355205237865448
2025-06-17,0.011765319854021072,0.9714450836181641,0.016789572313427925,0.016717417530745234,0.9295594098885994,0.05372317258065535,0.04725788798726652,0.91830913306398,0.03443297894875353,0.0,0.94,0.06,0.2980661988258362,0.5120640397071838,0.1898697316646576
2025-06-18,0.0062120635993778706,0.9874823093414307,0.006305593531578779,0.03725883983688509,0.9328483670774081,0.029892793085706745,0.03218403539560733,0.9388881401530248,0.028927824451367715,0.04,0.9,0.06,0.33772537112236023,0.4460947811603546,0.21617981791496277
2025-06-19,0.0192573182284832,0.9737133979797363,0.007029307074844837,0.054484160465268154,0.8927708152595245,0.05274502427520719,0.06266759459156133,0.9274689579175891,0.009863447490849572,0.08,0.86,0.06,0.36884641647338867,0.4024026393890381,0.22875089943408966
2025-06-20,0.021481404080986977,0.9691985249519348,0.009320121258497238,0.10355354256563301,0.8470919744748324,0.04935448295953464,0.06213074072895396,0.894650832806394,0.04321842646465212,0.08,0.8,0.12,0.3514444828033447,0.4157358407974243,0.23281973600387573
2025-06-23,0.9832320213317871,0.007812726311385632,0.00895523838698864,0.8977965257510884,0.06256686166545332,0.03963661258345842,0.843745510344117,0.07996822828643145,0.07628626136945156,0.84,0.08,0.08,0.3440243899822235,0.418393075466156,0.23758253455162048
2025-06-24,0.9903961420059204,0.007229568436741829,0.0023743167985230684,0.9113802854363253,0.05853921299753502,0.030080501566139742,0.889857119536168,0.07118694121582797,0.03895593924800391,0.88,0.1,0.02,0.34278354048728943,0.42589297890663147,0.23132342100143433
2025-06-25,0.9930591583251953,0.005923219490796328,0.0010176438372582197,0.8869356338051552,0.09977987546698261,0.013284490727862306,0.8650468551908139,0.11610750517166499,0.018845639637521033,0.92,0.06,0.02,0.30514654517173767,0.4828813374042511,0.21197205781936646
2025-06-26,0.9884369969367981,0.005074686836451292,0.0064883362501859665,0.9207826698587201,0.05163180031947291,0.027585529821806884,0.8979390771351766,0.05375066996020233,0.04831025290462105,0.86,0.02,0.12,0.33339932560920715,0.453967809677124,0.21263283491134644
2025-06-27,0.9501757025718689,0.04466111212968826,0.005163158755749464,0.8279037347584588,0.15385707073690463,0.01823919450463659,0.8446067750395897,0.14698203378182856,0.008411191178581665,0.8,0.16,0.04,0.31774982810020447,0.48906031250953674,0.19318991899490356
2025-06-30,0.024831054732203484,0.9642359614372253,0.010933030396699905,0.1254847376218759,0.8440321029954169,0.030483159382707313,0.18282377879861028,0.804559417390563,0.012616803810826674,0.2,0.78,0.02,0.29230546951293945,0.5400277972221375,0.1676667034626007
2025-07-01,0.03138594701886177,0.9633210301399231,0.005293091293424368,0.08074848283095257,0.9044279609229102,0.014823556246137242,0.08857158398512215,0.899947127557871,0.011481288457006857,0.12,0.84,0.04,0.3288443982601166,0.4879108965396881,0.18324469029903412
2025-07-02,0.004630872514098883,0.9934729933738708,0.0018960682209581137,0.03933831617132643,0.9524315416975043,0.008230142131169122,0.0436045635929676,0.9217636548468084,0.034631781560224076,0.04,0.92,0.04,0.34582480788230896,0.4671412706375122,0.18703392148017883
2025-07-03,0.0033539070282131433,0.9919961094856262,0.004649981390684843,0.043684343106351095,0.9440145235230879,0.012301133370561195,0.07868447142357418,0.8588321725869275,0.062483355989498196,0.08,0.9,0.02,0.3361450135707855,0.4601826071739197,0.2036723494529724
2025-07-04,0.010310804471373558,0.9867665767669678,0.0029225926846265793,0.07478898980240921,0.9046543927813022,0.020556617416288617,0.046167430353604356,0.8739565563031029,0.07987601334329268,0.1,0.88,0.02,0.329501748085022,0.443827360868454,0.22667086124420166
2025-07-07,0.020770352333784103,0.9722422361373901,0.006987427361309528,0.07380129615757278,0.7904016099751089,0.1357970938673181,0.060231201123558384,0.809584928298749,0.13018387057769265,0.12,0.66,0.22,0.3601188361644745,0.3939023017883301,0.24597883224487305
2025-07-08,0.00846073217689991,0.9253925085067749,0.06614676117897034,0.03780860665781512,0.746852980100599,0.2153384132415859,0.027999924733357245,0.7838459442874469,0.1881541309791959,0.02,0.74,0.24,0.35409244894981384,0.3899298906326294,0.25597766041755676
2025-07-09,0.009218793362379074,0.04306626319885254,0.9477149844169617,0.03282117294921181,0.11810698525249308,0.8490718417982951,0.09609528201525384,0.2939800701462498,0.6099246478384963,0.06,0.26,0.68,0.33663830161094666,0.4280341565608978,0.23532752692699432
2025-07-10,0.0065815383568406105,0.024212641641497612,0.9692057967185974,0.04637227453143338,0.10677724446719644,0.8468504810013702,0.10913693668403372,0.048928637014639946,0.8419344263013262,0.02,0.1,0.88,0.3374766707420349,0.4208822250366211,0.241641104221344
2025-07-11,0.005945303943008184,0.04534909874200821,0.9487056136131287,0.03929381852582823,0.16538344166485794,0.7953227398093139,0.12876975150375758,0.15802414268889853,0.7132061058073439,0.04,0.16,0.8,0.37649378180503845,0.3858067989349365,0.2376995086669922
2025-07-14,0.00453933933749795,0.034959860146045685,0.9605008363723755,0.05828670479494053,0.14919243207353905,0.7925208631315204,0.07434548104464729,0.129293599653071,0.7963609193022816,0.02,0.14,0.84,0.3504628539085388,0.41233307123184204,0.23720411956310272
2025-07-15,0.011489462107419968,0.942105770111084,0.04640479385852814,0.0561036584869158,0.830946464961116,0.11294987655196823,0.05486738839704015,0.7297115381277721,0.2154210734751878,0.1,0.66,0.24,0.3428735136985779,0.4198288321495056,0.2372976541519165
2025-07-16,0.02904188074171543,0.9629328846931458,0.008025267161428928,0.1639826017626892,0.8063986040980023,0.029618794139308353,0.14104787051016163,0.7620801694713905,0.09687196001844776,0.12,0.86,0.02,0.33389607071876526,0.41371950507164,0.2523844540119171
2025-07-17,0.976191520690918,0.021341169252991676,0.002467348938807845,0.8592258102385674,0.10916967982566048,0.03160450993577205,0.9134890455829779,0.050400918880731296,0.03611003553629074,0.78,0.16,0.06,0.30821824073791504,0.4666566550731659,0.22512508928775787
2025-07-18,0.9851594567298889,0.012546050362288952,0.0022944908123463392,0.9148275961313391,0.07197506071172123,0.013197343156939618,0.8657586769868619,0.11499971655039215,0.019241606462745954,0.82,0.14,0.04,0.3113633990287781,0.4588495194911957,0.22978708148002625
2025-07-21,0.9798984527587891,0.016913237050175667,0.0031882941257208586,0.9165154820311493,0.07057404843027726,0.012910469538573381,0.8751925038033557,0.07315230710154223,0.051655189095102305,0.92,0.08,0.0,0.3232327997684479,0.45995596051216125,0.2168111503124237
2025-07-22,0.9834148287773132,0.008718759752810001,0.007866410538554192,0.9149555510631302,0.05002197455648513,0.0350224743803846,0.9081066910221427,0.0401965627613567,0.0516967462165005,0.78,0.1,0.12,0.3414958715438843,0.4580751657485962,0.20042897760868073
2025-07-23,0.9738958477973938,0.02340911328792572,0.0026950750034302473,0.9097037016758412,0.07618480480749253,0.01411149351666619,0.9049779893888312,0.08450434080195635,0.010517669809212513,0.88,0.08,0.04,0.34297382831573486,0.4588581919670105,0.19816794991493225
2025-07-24,0.9589870572090149,0.03738659247756004,0.003626318648457527,0.901602883479034,0.07702507379924096,0.021372042721725045,0.8592098221737765,0.12339098617703508,0.017399191649188444,0.8,0.18,0.02,0.3514048159122467,0.45485731959342957,0.19373777508735657
2025-07-25,0.9530179500579834,0.0409945473074913,0.005987546406686306,0.8037485485808219,0.14614392949982247,0.05010752191935577,0.8044487661391477,0.16898574688929854,0.026565486971553857,0.78,0.16,0.06,0.33684611320495605,0.4705689251422882,0.19258497655391693
2025-07-28,0.024286966770887375,0.9701660871505737,0.00554694002494216,0.16217744383075844,0.8050700019851211,0.03275255418412033,0.23995415522322205,0.7480281904194028,0.012017654357375143,0.14,0.8,0.06,0.35258403420448303,0.4377509355545044,0.2096649706363678
2025-07-29,0.9939670562744141,0.005099259316921234,0.0009336890652775764,0.9555491953479426,0.038147827652764484,0.006302976999292965,0.88493958381087,0.09913157116400884,0.01592884502512109,0.9,0.1,0.0,0.37778300046920776,0.42078161239624023,0.20143534243106842
2025-07-30,0.9971816539764404,0.002256212057545781,0.0005621741875074804,0.9720964699806814,0.024213835571836453,0.003689694447482062,0.9631242574062762,0.022948265591582542,0.013927477002141286,0.9,0.06,0.04,0.40372005105018616,0.3813672959804535,0.21491269767284393
2025-07-31,0.9911070466041565,0.0049838717095553875,0.00390908308327198,0.9467541375896431,0.041284271513535135,0.01196159089682171,0.9700793174638078,0.016673215093034113,0.013247467443157974,0.94,0.0,0.06,0.43298181891441345,0.3309696912765503,0.23604844510555267
2025-08-01,0.9954326152801514,0.0036781795788556337,0.000889268412720412,0.9634794301339104,0.026708290658424415,0.009812279207665165,0.9805974584632737,0.012326782751996413,0.007075758784729832,0.88,0.08,0.04,0.46741077303886414,0.30665823817253113,0.22593100368976593
2025-08-04,0.9918096661567688,0.00670345826074481,0.0014869420556351542,0.9300615824936623,0.05986244673829352,0.010075970768044043,0.9302016063842186,0.056568363351807434,0.013230030263973921,0.84,0.14,0.02,0.40954357385635376,0.3253912627696991,0.26506513357162476
2025-08-05,0.9622623920440674,0.031238088384270668,0.0064995805732905865,0.7814635477500761,0.1976729688060435,0.02086348344388029,0.7853554693237317,0.1713640039539138,0.04328052672235464,0.76,0.22,0.02,0.4106726348400116,0.297677606344223,0.29164978861808777
2025-08-06,0.02986680530011654,0.9637250900268555,0.006408140063285828,0.0926439933860714,0.8634268036164212,0.043929202997507556,0.15712239521738625,0.8136614338578327,0.029216170924780897,0.26,0.68,0.06,0.3907727599143982,0.3062017858028412,0.303025484085083
2025-08-07,0.021845273673534393,0.961530864238739,0.016623836010694504,0.06480871512407248,0.8793075320327594,0.05588375284316826,0.08983645836585852,0.8259171695052433,0.08424637212889802,0.1,0.84,0.06,0.35592949390411377,0.32095107436180115,0.32311949133872986
2025-08-08,0.013483560644090176,0.026570996269583702,0.9599454402923584,0.042696458229261665,0.07021436618685728,0.8870891755838811,0.10111225263158644,0.129726797608758,0.7691609497596555,0.04,0.18,0.78,0.3017657995223999,0.3045525550842285,0.3936816453933716
2025-08-11,0.006182704120874405,0.9533652067184448,0.04045214131474495,0.018091737187040425,0.8849294979973121,0.0969787648156476,0.06665983512048237,0.8215812602560819,0.11175890462343571,0.14,0.78,0.08,0.33369484543800354,0.3077716529369354,0.35853350162506104
2025-08-12,0.010961232706904411,0.006168472580611706,0.9828702807426453,0.024333546839000547,0.047241065384800655,0.9284253877761989,0.04939808862264376,0.10309251308652286,0.8475093982908335,0.02,0.1,0.88,0.31795942783355713,0.32278650999069214,0.3592541217803955
2025-08-13,0.0017047168221324682,0.008380642160773277,0.9899146556854248,0.018093403030647534,0.04957710809563177,0.9323294888737207,0.05658282926150681,0.04855194257786171,0.8948652281606314,0.06,0.02,0.92,0.3293139934539795,0.3297366797924042,0.3409493863582611
2025-08-14,0.023861000314354897,0.01253522653132677,0.9636037349700928,0.04861608940275145,0.09592409368182461,0.8554598169154238,0.02192393848613687,0.059048443394896184,0.9190276181189669,0.1,0.1,0.8,0.33153748512268066,0.33269476890563965,0.3357677459716797
2025-08-18,0.015102142468094826,0.012108993716537952,0.9727888107299805,0.02889369113800805,0.06085839998221627,0.9102479088797756,0.12171340173457254,0.16706511453295753,0.71122148373247,0.1,0.18,0.72,0.31224295496940613,0.3632763624191284,0.32448071241378784
2025-08-19,0.04459375888109207,0.9378228783607483,0.017583398148417473,0.11429200608355679,0.7846254679452431,0.10108252597120013,0.13517046719468293,0.6627968321967364,0.20203270060858072,0.12,0.78,0.1,0.31692367792129517,0.3940853476524353,0.2889910042285919
2025-08-20,0.9705673456192017,0.016760850325226784,0.012671827338635921,0.8813723550363028,0.0715106680455342,0.04711697691816287,0.833486398190035,0.11262754830989584,0.053886053500069156,0.76,0.22,0.02,0.2949863374233246,0.4362647235393524,0.268748939037323
2025-08-21,0.9853036403656006,0.009166775271296501,0.005529550835490227,0.9220636560476975,0.06164519849903144,0.0162911454532711,0.7203577576821457,0.24121322709350687,0.03842901522434747,0.82,0.14,0.04,0.29555365443229675,0.45166346430778503,0.2527828514575958
2025-08-22,0.9647114872932434,0.02755386382341385,0.007734681945294142,0.887929970371628,0.09483368951206823,0.017236340116303817,0.8301179389817684,0.13294526087635025,0.0369368001418815,0.86,0.04,0.1,0.30836808681488037,0.4742761254310608,0.21735581755638123
2025-08-25,0.9741708040237427,0.013850894756615162,0.01197829470038414,0.8585065816997421,0.10223652690834208,0.03925689139191573,0.777652457893718,0.13711972311548598,0.08522781899079605,0.74,0.12,0.14,0.33905357122421265,0.450643390417099,0.21030296385288239
2025-08-26,0.01586909592151642,0.9686892628669739,0.01544166449457407,0.0821899174045877,0.8853107497755679,0.03249933281984442,0.10470007420992339,0.7956857486252397,0.09961417716483685,0.22,0.74,0.04,0.3662773668766022,0.42461085319519043,0.209111750125885
2025-08-28,0.0059153418987989426,0.9893012642860413,0.00478337099775672,0.03156183386220479,0.9508932923640964,0.017544873773698837,0.09166877071093606,0.883564618108325,0.02476661118073903,0.06,0.9,0.04,0.3760124742984772,0.4282597601413727,0.19572776556015015
2025-08-29,0.03361411392688751,0.9580209851264954,0.008364921435713768,0.09745710893694437,0.8720709229914712,0.030471968071584428,0.14349694980443334,0.8368177163972511,0.01968533379831545,0.24,0.72,0.04,0.3727855682373047,0.42399898171424866,0.20321549475193024
2025-09-01,0.005042608827352524,0.9917557239532471,0.0032016385812312365,0.04008926910944028,0.9419987021414132,0.01791202874914638,0.1361350274678958,0.8500988496712473,0.013766122860856878,0.04,0.96,0.0,0.37976977229118347,0.40328434109687805,0.21694587171077728
2025-09-02,0.01466522179543972,0.9803106188774109,0.0050242082215845585,0.030886180853821135,0.9515035840783861,0.01761023506779274,0.06697167182814297,0.9107178346224072,0.02231049354944979,0.06,0.94,0.0,0.3864153325557709,0.3982464373111725,0.21533820033073425
2025-09-03,0.015744224190711975,0.9685971140861511,0.01565861701965332,0.08694852673413639,0.8802844877448457,0.032766985521018005,0.18818963392380972,0.7809460651231105,0.030864300953079724,0.12,0.86,0.02,0.37694549560546875,0.404754638671875,0.21829989552497864
2025-09-04,0.004500893410295248,0.9711125493049622,0.024386608973145485,0.023381420582058082,0.9279333066469954,0.048685272770946565,0.029985715968208707,0.8833032220348866,0.08671106199690468,0.06,0.84,0.1,0.36997589468955994,0.3984500765800476,0.23157405853271484
2025-09-05,0.003319151932373643,0.9644321799278259,0.032248616218566895,0.036346628252621874,0.869099680038736,0.0945536917086422,0.013831941078380205,0.8127309534373335,0.17343710548428629,0.1,0.64,0.26,0.37745195627212524,0.37321120500564575,0.2493368238210678
2025-09-08,0.003065099474042654,0.03312235325574875,0.963812530040741,0.019233456243675028,0.14012911477639572,0.8406374289799292,0.06305746551265219,0.15928241941373011,0.7776601150736178,0.02,0.1,0.88,0.3680521845817566,0.4072203040122986,0.2247275710105896
2025-09-09,0.007369191385805607,0.007079121191054583,0.9855517148971558,0.01769934080879445,0.03795083806780527,0.9443498211234002,0.02730061935660969,0.06195591828071638,0.9107434623626739,0.0,0.1,0.9,0.36686059832572937,0.4111367166042328,0.22200268507003784
2025-09-10,0.004664280451834202,0.015579498372972012,0.979756236076355,0.020343637369445656,0.04730253369197267,0.9323538289385817,0.05751652056465521,0.05850373039839307,0.8839797490369516,0.04,0.08,0.88,0.38021984696388245,0.4034242331981659,0.21635591983795166
2025-09-11,0.006008737254887819,0.024685561656951904,0.969305694103241,0.023960354085021066,0.033370956028056106,0.9426686898869229,0.0753371981640131,0.07517841053887667,0.8494843912971102,0.06,0.08,0.86,0.36510682106018066,0.4170527458190918,0.21784049272537231
2025-09-12,0.004911480937153101,0.04145582765340805,0.9536327123641968,0.018371183182084187,0.06864071872711638,0.9129880980907995,0.07733700681413988,0.06699897528777837,0.8556640178980817,0.1,0.2,0.7,0.353248655796051,0.4189593195915222,0.22779199481010437
2025-09-15,0.021272966638207436,0.9613745212554932,0.017352532595396042,0.07173768970307476,0.8817966522774768,0.04646565801944842,0.1306178248592372,0.8153525743820138,0.054029600758748964,0.14,0.76,0.1,0.3218088150024414,0.4521992802619934,0.2259918749332428
2025-09-16,0.033210139721632004,0.9599345922470093,0.006855260580778122,0.11247303944855262,0.8696318264002516,0.017895134151195796,0.15117442849168072,0.8264127437190919,0.022412827789227385,0.16,0.78,0.06,0.2964247167110443,0.4870547354221344,0.21652059257030487
2025-09-17,0.9816224575042725,0.014645854011178017,0.0037317124661058187,0.9118174656155673,0.0719783754814221,0.016204158903010597,0.803151175934456,0.18935711801602653,0.007491706049517476,0.82,0.16,0.02,0.2655729055404663,0.5223288536071777,0.21209827065467834
2025-09-18,0.9892591834068298,0.008181782439351082,0.0025590427685528994,0.9440528329235673,0.04513559388563109,0.010811573190801454,0.896052571152517,0.09279443219286211,0.011152996654620809,0.88,0.1,0.02,0.2790394127368927,0.4986301064491272,0.2223304957151413
2025-09-19,0.9862664937973022,0.007442483212798834,0.006290999241173267,0.9247572919076443,0.06427848746658753,0.010964220625768182,0.9179693047295493,0.06774587756114596,0.014284817709304773,0.82,0.1,0.08,0.29029926657676697,0.47378480434417725,0.23591603338718414
2025-09-22,0.9830358028411865,0.01056115422397852,0.006403034087270498,0.9526805821120305,0.03403750359789341,0.01328191429007603,0.8405723804774843,0.10937246745107203,0.05005515207144365,0.9,0.04,0.06,0.30713772773742676,0.4608077108860016,0.23205460608005524
2025-09-23,0.962916374206543,0.027528226375579834,0.009555349126458168,0.817172983980471,0.15771370414715838,0.02511331187237057,0.698909122465907,0.2685979499389832,0.032492927595109744,0.78,0.14,0.08,0.33790168166160583,0.42226913571357727,0.2398291975259781
2025-09-24,0.02200690470635891,0.9638621807098389,0.014130969531834126,0.07854757798985547,0.8740505157869556,0.04740190622318894,0.029699482689033677,0.846879371810869,0.12342114550009729,0.14,0.82,0.04,0.37745729088783264,0.3857422173023224,0.23680055141448975
2025-09-25,0.009134884923696518,0.9777793884277344,0.013085667975246906,0.08546170532207134,0.8683604945845985,0.04617780009333012,0.018419332977587976,0.9402989784566166,0.04128168856579536,0.04,0.94,0.02,0.3773047924041748,0.39808401465415955,0.22461116313934326
2025-09-26,0.03032841347157955,0.9629672765731812,0.006704353727400303,0.12396291750867287,0.855899832105395,0.020137250385932108,0.09477303959023506,0.8829124084963934,0.02231455191337169,0.12,0.82,0.06,0.3792308270931244,0.4178078770637512,0.202961266040802
2025-09-29,0.039289336651563644,0.9577606320381165,0.0029499682132154703,0.07840064274075162,0.9112707174927586,0.010328639766489673,0.0672526518675607,0.9135109617725096,0.019236386359929622,0.04,0.92,0.04,0.37406784296035767,0.4184407889842987,0.20749135315418243
2025-09-30,0.015728270635008812,0.9758742451667786,0.00839749164879322,0.046652250058976885,0.9397937436953608,0.013554006245662449,0.1727615114617205,0.8002914377923923,0.02694705074588714,0.1,0.86,0.04,0.3750753104686737,0.3987577259540558,0.2261669635772705
2025-10-01,0.002604173729196191,0.9572453498840332,0.040150534361600876,0.02190416778491255,0.8336555780938947,0.14444025412119277,0.09861217907461434,0.5967451743308836,0.3046426465945022,0.0,0.74,0.26,0.3409210443496704,0.43121615052223206,0.22786282002925873
2025-10-03,0.003615813795477152,0.06983183324337006,0.9265522956848145,0.02864690169592926,0.21523929328905078,0.7561138050150199,0.07408247299460942,0.21205090146552197,0.7138666255398686,0.04,0.2,0.76,0.3279416561126709,0.43514424562454224,0.23691414296627045
2025-10-06,0.0027188919484615326,0.9075899720191956,0.08969113975763321,0.013051481605380234,0.7965655402358809,0.1903829781587388,0.05182421978892387,0.7228210453369915,0.22535473487408458,0.02,0.82,0.16,0.3262200653553009,0.42210397124290466,0.2516760230064392
2025-10-07,0.016576945781707764,0.9436562061309814,0.039766859263181686,0.040444306928616405,0.8503832712742269,0.1091724217971568,0.16598738694250442,0.7485797256050053,0.08543288745249047,0.08,0.72,0.2,0.3253498673439026,0.44060027599334717,0.23404985666275024
2025-10-08,0.006329378113150597,0.007950903847813606,0.9857197403907776,0.023613856542809272,0.019639838312113845,0.956746305145077,0.13072851710302213,0.057577220009191216,0.8116942628877867,0.06,0.04,0.9,0.34127628803253174,0.4192448556423187,0.23947887122631073
2025-10-09,0.008266675285995007,0.009895684197545052,0.9818376898765564,0.03675277335649821,0.03395299046901144,0.9292942361744904,0.14266721182693118,0.04452126805863083,0.8128115201144379,0.1,0.06,0.84,0.351832777261734,0.41161179542541504,0.23655538260936737
2025-10-10,0.003703782567754388,0.026910962536931038,0.9693852066993713,0.0063673612853060125,0.05030882642535684,0.9433238122893371,0.021211259056229562,0.07105417547710734,0.9077345654666631,0.1,0.08,0.82,0.3497891128063202,0.40471458435058594,0.24549631774425507
2025-10-13,0.0024499220307916403,0.019640784710645676,0.9779093265533447,0.010440893008229007,0.08411256751407815,0.9054465394776928,0.06852649210431776,0.10412479384488575,0.8273487140507965,0.06,0.06,0.88,0.34139135479927063,0.43385863304138184,0.22474995255470276
2025-10-14,0.001005788566544652,0.012868545018136501,0.986125648021698,0.017394952468594183,0.04273811556245019,0.9398669319689555,0.03964081122985472,0.06153463739158079,0.8988245513785644,0.04,0.12,0.84,0.34482139348983765,0.4366552233695984,0.21852333843708038
2025-10-15,0.010196317918598652,0.04563162103295326,0.9441720247268677,0.018794190455099002,0.18922716420616126,0.7919786453387397,0.08932456933344456,0.11531994467159008,0.7953554859949654,0.08,0.16,0.76,0.29360827803611755,0.4693005383014679,0.23709119856357574
2025-10-16,0.013551120646297932,0.9493330717086792,0.03711574897170067,0.043618562989005995,0.8337265099317633,0.12265492707923087,0.08197990851521572,0.8079524089116888,0.11006768257309545,0.1,0.8,0.1,0.2204771339893341,0.5898520350456238,0.18967075645923615
2025-10-17,0.01098925806581974,0.03887529298663139,0.9501354098320007,0.04769185376716706,0.2022912413448633,0.7500169048879697,0.022408443349652207,0.3031008189820786,0.6744907376682693,0.08,0.32,0.6,0.19078542292118073,0.6357569098472595,0.17345775663852692
2025-10-20,0.002570125972852111,0.9966040849685669,0.0008257375448010862,0.03436568624747029,0.954086940839345,0.01154737291318466,0.032675062735178326,0.9026851332949675,0.0646398039698542,0.04,0.86,0.1,0.19107027351856232,0.6267821192741394,0.18214763700962067
2025-10-21,0.0044509414583444595,0.9936907291412354,0.0018582865595817566,0.021142984633229923,0.956764728988939,0.022092286377831033,0.016954183312175252,0.9131633012447921,0.06988251544303258,0.02,0.96,0.02,0.20387312769889832,0.6128116250038147,0.18331526219844818
2025-10-23,0.01591230183839798,0.982142984867096,0.0019446642836555839,0.05005721974483652,0.9357292449095184,0.014213535345645194,0.03110913880051669,0.9476950476428762,0.02119581355660702,0.04,0.92,0.04,0.2651310861110687,0.5427488088607788,0.19212011992931366
2025-10-24,0.008476759307086468,0.9897556900978088,0.0017675298731774092,0.02765813247687836,0.9602467677982015,0.012095099724919987,0.02619477376594893,0.9522138780956767,0.021591348138374385,0.12,0.86,0.02,0.25622090697288513,0.5685276389122009,0.17525143921375275
2025-10-27,0.007604585960507393,0.9900970458984375,0.0022983886301517487,0.0338838248645581,0.9574982099622771,0.008617965173165036,0.05956234144492528,0.9164243390447764,0.024013319510298246,0.02,0.98,0.0,0.22114717960357666,0.5991293787956238,0.17972347140312195
2025-10-28,0.011423137038946152,0.9862980842590332,0.0022788511123508215,0.05796608343925463,0.9305964555365206,0.011437461024224629,0.05925041606350234,0.9026338462252543,0.038115737711243276,0.04,0.94,0.02,0.26008105278015137,0.5318383574485779,0.20808058977127075
2025-10-29,0.022257404401898384,0.9700945019721985,0.00764806941151619,0.1104739191295614,0.8779352131322823,0.011590867738156287,0.051416011754919506,0.9232641674239339,0.025319820821146678,0.1,0.86,0.04,0.23424415290355682,0.5586393475532532,0.20711642503738403
2025-10-30,0.01077238842844963,0.9812231063842773,0.008004516363143921,0.05994221613623793,0.923567809882475,0.016489973981287022,0.03682704211277913,0.9445657441358325,0.018607213751388293,0.02,0.98,0.0,0.2792787253856659,0.4770472049713135,0.24367401003837585
2025-10-31,0.008232777006924152,0.9811809062957764,0.010586293414235115,0.03832757093358322,0.9431904979855494,0.018481931080867316,0.037219019755423674,0.9208795069300133,0.041901473314562995,0.02,0.94,0.04,0.31324303150177,0.4373421370983124,0.2494148313999176
2025-11-03,0.940735399723053,0.04363425821065903,0.015630334615707397,0.7240662491664229,0.2152100717417296,0.06072367909184755,0.618723518648308,0.3078076831080142,0.07346879824367782,0.78,0.18,0.04,0.29828736186027527,0.44595012068748474,0.2557625472545624
2025-11-04,0.953234851360321,0.03545967489480972,0.011305400170385838,0.778102845714886,0.17351378938481793,0.048383364900296016,0.8389771141016293,0.10528574260308829,0.05573714329528241,0.82,0.16,0.02,0.30566540360450745,0.46426111459732056,0.23007351160049438
2025-11-06,0.016941243782639503,0.9813128709793091,0.0017458684742450714,0.07871986662941052,0.9161918585177915,0.0050882748527979775,0.1271012188468436,0.8501255671667687,0.02277321398638761,0.12,0.86,0.02,0.32408401370048523,0.46821334958076477,0.2077026069164276
2025-11-07,0.007875925861299038,0.9903668165206909,0.0017572524957358837,0.0715398114761344,0.9223361356260223,0.006124052897843375,0.09871744103755309,0.8743574892816101,0.026925069680836883,0.1,0.86,0.04,0.3244105577468872,0.4718035161495209,0.20378589630126953
2025-11-10,0.028864042833447456,0.9669106006622314,0.0042253765277564526,0.11912524854149646,0.8755650471028551,0.005309704355648372,0.07842645962138685,0.9089804508058537,0.012593089572759545,0.1,0.9,0.0,0.30272120237350464,0.5127171874046326,0.18456169962882996
2025-11-11,0.04011441767215729,0.9547408223152161,0.00514468178153038,0.2592860891917958,0.7257802631494131,0.01493364765879122,0.23956249534049343,0.7508904887750328,0.009547015884473764,0.18,0.82,0.0,0.3230130672454834,0.507867693901062,0.169119194149971
2025-11-12,0.026437068358063698,0.9648855924606323,0.008677339181303978,0.14037890510972234,0.8404555571516128,0.01916553773866493,0.12411008810648372,0.8410085046162133,0.034881407277302864,0.08,0.86,0.06,0.3237682282924652,0.5137916207313538,0.16244013607501984
2025-11-13,0.9605591297149658,0.035891350358724594,0.0035495636984705925,0.733331368541345,0.25549616902037503,0.011172462438279976,0.778843298945402,0.18524399220478324,0.03591270884981482,0.68,0.3,0.02,0.3314536511898041,0.48769083619117737,0.18085552752017975
2025-11-14,0.9721471071243286,0.022040555253624916,0.005812303628772497,0.8806366313377675,0.10348435455364667,0.01587901410858589,0.9174329071047821,0.061206215088088226,0.02136087780712953,0.88,0.06,0.06,0.34211400151252747,0.48233503103256226,0.17555096745491028
2025-11-17,0.9766722917556763,0.015808507800102234,0.007519188337028027,0.8999467705729611,0.080928666638815,0.01912456278822393,0.8066117459461493,0.11851411317938068,0.07487414087447003,0.9,0.08,0.02,0.3609828054904938,0.451951265335083,0.18706586956977844
2025-11-18,0.9239001870155334,0.053972527384757996,0.022127307951450348,0.7820984420741159,0.13446804656565764,0.08343351136022631,0.7210844072440388,0.20883200820894562,0.07008358454701556,0.82,0.14,0.04,0.36922845244407654,0.44379159808158875,0.1869799792766571
2025-11-19,0.048784010112285614,0.9376242160797119,0.013591788709163666,0.16848923849041142,0.7511948951954716,0.08031586631411707,0.12228056204103101,0.8235580648581423,0.05416137310082657,0.12,0.76,0.12,0.37589943408966064,0.4324643015861511,0.19163626432418823
2025-11-20,0.020130248740315437,0.9695200324058533,0.010349700227379799,0.12230380767144859,0.8248357932805782,0.05286039904797323,0.1374192276423576,0.7767444406662881,0.08583633169135417,0.06,0.86,0.08,0.3656780421733856,0.4500148594379425,0.18430715799331665
2025-11-21,0.003293983405455947,0.993471622467041,0.003234358038753271,0.03651169889183663,0.9421135801537057,0.021374720954457763,0.04292662202995648,0.9180748582738634,0.03899851969618027,0.06,0.88,0.06,0.3500010073184967,0.4608787000179291,0.1891203373670578
2025-11-24,0.02133290469646454,0.9760600924491882,0.00260694301687181,0.07041446212398056,0.8970300662952068,0.03255547158081275,0.16860021602422226,0.809701303855829,0.021698480119948738,0.12,0.8,0.08,0.39402055740356445,0.4055972695350647,0.20038221776485443
2025-11-25,0.00678130192682147,0.9891977906227112,0.004020933993160725,0.06149572819383056,0.9104769518577236,0.028027319948445803,0.12954314020142657,0.8395834187555883,0.03087344104298514,0.18,0.78,0.04,0.34638792276382446,0.4446116089820862,0.20900048315525055
2025-11-26,0.9398972988128662,0.054042261093854904,0.006060460116714239,0.6459547042970846,0.3033481953431832,0.050697100359732315,0.6924571491044959,0.27384952970889975,0.03369332118660453,0.68,0.32,0.0,0.3456767499446869,0.4518222510814667,0.20250098407268524
2025-11-27,0.034413039684295654,0.9642466306686401,0.0013402962358668447,0.12046329442663446,0.8588303840272761,0.020706321546089413,0.20423416254839,0.775400694762905,0.02036514268870486,0.2,0.8,0.0,0.3643053472042084,0.43233397603034973,0.2033606618642807
2025-11-28,0.03328482061624527,0.9593839049339294,0.0073312935419380665,0.18801659713024968,0.7384045537077281,0.07357884916202224,0.06883302417936217,0.8987343984526515,0.03243257736798645,0.12,0.82,0.06,0.3313283622264862,0.449688196182251,0.21898336708545685
2025-12-01,0.9525863528251648,0.030896825715899467,0.016516797244548798,0.8176074804986034,0.1358392656114353,0.04655325388996134,0.7461499782443523,0.14108056113970407,0.11276946061594367,0.72,0.18,0.1,0.2985711097717285,0.48426535725593567,0.21716350317001343
2025-12-02,0.9488962292671204,0.04153711348772049,0.009566636756062508,0.7545984587401672,0.21875769599717662,0.02664384526265627,0.8803815615371725,0.06017048710675577,0.05944795135607171,0.74,0.24,0.02,0.3451019525527954,0.41901615262031555,0.23588190972805023
2025-12-03,0.967971920967102,0.012998283840715885,0.0190297681838274,0.8180109409329283,0.12033439840484399,0.06165466066222769,0.7359175310958352,0.18894305758636423,0.0751394113178007,0.78,0.12,0.1,0.3802109956741333,0.38854849338531494,0.23124060034751892
2025-12-04,0.013858077116310596,0.9596875905990601,0.026454323902726173,0.07125304178906465,0.8590972474947159,0.06964971071621949,0.1200423269589865,0.8342342836384772,0.045723389402536396,0.08,0.84,0.08,0.3835499882698059,0.3706943988800049,0.24575558304786682
2025-12-05,0.019595369696617126,0.9744138717651367,0.005990730132907629,0.06481140416534205,0.9046728034987708,0.03051579233588737,0.05364877111201313,0.9230889745373587,0.023262254350628207,0.08,0.82,0.1,0.37632277607917786,0.3920290470123291,0.23164819180965424
2025-12-08,0.030888838693499565,0.09707672894001007,0.87203449010849,0.14772921729601052,0.3630338851190793,0.4892368975849101,0.07731800049993846,0.47346898116972386,0.4492130183303377,0.16,0.22,0.62,0.3664394021034241,0.3958183825016022,0.23774223029613495
2025-12-09,0.03139537200331688,0.9451964497566223,0.02340823970735073,0.10006021311713484,0.8396883224761805,0.06025146440668454,0.1251554320088514,0.8132276183921953,0.06161694959895328,0.08,0.86,0.06,0.35594442486763,0.39976245164871216,0.24429310858249664
2025-12-10,0.009776929393410683,0.9652962684631348,0.02492685429751873,0.04337829694324088,0.9333779667926951,0.023243736264064053,0.0684341449135675,0.8826874778047755,0.04887837728165709,0.06,0.92,0.02,0.3314517140388489,0.4273867905139923,0.24116142094135284
2025-12-11,0.005964316893368959,0.9889897108078003,0.005045968573540449,0.05671386411089584,0.9209707197684351,0.02231541612066913,0.019805790248845132,0.8450344552448006,0.1351597545063543,0.06,0.9,0.04,0.3098919093608856,0.4695531725883484,0.2205548733472824
2025-12-12,0.006451547145843506,0.9918071627616882,0.0017412658780813217,0.050374808000422024,0.9417509301953364,0.007874261804241495,0.02026182858913925,0.9586084261686736,0.021129745242187165,0.06,0.88,0.06,0.3389536142349243,0.4209423363208771,0.24010403454303741
2025-12-15,0.004847463220357895,0.993861198425293,0.0012912984238937497,0.03364240061071338,0.95487848137821,0.011479118011076775,0.02753461150994397,0.9409025931742372,0.031562795315818744,0.08,0.88,0.04,0.334812730550766,0.412670373916626,0.25251689553260803
2025-12-16,0.0032304779160767794,0.9691559672355652,0.027613528072834015,0.035781172833412284,0.9255712925126803,0.03864753465390743,0.023375907788974738,0.7874223840600704,0.18920170815095488,0.06,0.78,0.16,0.35454100370407104,0.4040350019931793,0.24142393469810486
2025-12-17,0.004082041792571545,0.06302958726882935,0.932888388633728,0.05698735338311754,0.2013910859199788,0.7416215606969037,0.05421628551315792,0.37987733737709845,0.5659063771097437,0.1,0.26,0.64,0.3745967745780945,0.37400758266448975,0.2513956129550934
2025-12-18,0.03120742365717888,0.9609885215759277,0.007804082706570625,0.07380059196916094,0.8656348496672345,0.06056455836360454,0.03739596784555861,0.8876516954011379,0.07495233675330351,0.06,0.8,0.14,0.3712356686592102,0.4005371332168579,0.2282271832227707
2025-12-19,0.016323283314704895,0.9736788868904114,0.009997816756367683,0.05148160369328664,0.8807809800773484,0.06773741622936488,0.05911478264665254,0.874290984711633,0.06659423264171441,0.06,0.9,0.04,0.33475956320762634,0.4725345969200134,0.19270581007003784
2025-12-22,0.001082562725059688,0.9950591325759888,0.0038583711721003056,0.016235907734277823,0.9595910935237982,0.024172998741924058,0.03943917459017515,0.9200850106809745,0.04047581472885046,0.0,0.96,0.04,0.2856600284576416,0.552422821521759,0.16191720962524414
2025-12-23,0.014369575306773186,0.9795023798942566,0.006128040142357349,0.04194935279235977,0.9373270668231283,0.020723580384511886,0.041131807431192054,0.9091425675529812,0.04972562501582685,0.02,0.96,0.02,0.26645272970199585,0.5794367790222168,0.15411049127578735
2025-12-24,0.0035809073597192764,0.9828117489814758,0.013607329688966274,0.019627230913087823,0.9251082675289672,0.055264501557944955,0.030253982203022806,0.8896951912040051,0.08005082659297207,0.08,0.86,0.06,0.24133199453353882,0.6069209575653076,0.1517469882965088
2025-12-26,0.007775451522320509,0.004791031591594219,0.9874334931373596,0.017651992684269226,0.02757069490769148,0.9547773124080393,0.07657548938827265,0.16428806998051806,0.7591364406312094,0.14,0.12,0.74,0.3097447454929352,0.5103756785392761,0.1798795610666275
2025-12-29,0.007191348355263472,0.03704573214054108,0.9557629227638245,0.03744574837267017,0.08886279683154256,0.8736914547957872,0.04483592512395343,0.15562045348257963,0.7995436213934669,0.06,0.16,0.78,0.31665754318237305,0.5260748863220215,0.15726757049560547
2025-12-30,0.012754633091390133,0.05979142338037491,0.9274539947509766,0.04697703814424672,0.14696000944203946,0.8060629524137138,0.13548550925817832,0.24490411913522495,0.6196103716065967,0.08,0.16,0.76,0.3573441803455353,0.46533656120300293,0.17731933295726776
2025-12-31,0.031230175867676735,0.9433804750442505,0.025389311835169792,0.1323817339022833,0.7995403858937381,0.06807788020397863,0.164837125892824,0.6100342802346154,0.22512859387256048,0.1,0.72,0.18,0.34900081157684326,0.46541261672973633,0.185586616396904
2026-01-02,0.9647793769836426,0.03100067935883999,0.0042199003510177135,0.8861342542651275,0.09342426572718322,0.020441480007689274,0.8361684402359089,0.11330901976120004,0.05052254000289127,0.72,0.18,0.1,0.33144044876098633,0.46728235483169556,0.2012772560119629
2026-01-05,0.9952966570854187,0.0035483012907207012,0.001155003672465682,0.9660104558028387,0.027791015300609623,0.00619852889655157,0.9057861419998785,0.0689529329181498,0.025260925081971607,0.86,0.08,0.06,0.25837117433547974,0.5650759339332581,0.1765528917312622
2026-01-06,0.9857204556465149,0.01184350997209549,0.0024360555689781904,0.9623450532897416,0.02991914259988873,0.0077358041103697045,0.9171059736193089,0.052741767217123425,0.0301522591635677,0.9,0.08,0.02,0.2584027945995331,0.5260128378868103,0.21558435261249542
2026-01-07,0.9771052598953247,0.019439151510596275,0.003455554833635688,0.8235684096539877,0.166270025984467,0.010161564361545238,0.8071532462385953,0.1336686937381682,0.05917806002323652,0.82,0.14,0.04,0.26194068789482117,0.5246554017066956,0.21340389549732208
2026-01-08,0.99189293384552,0.006978122517466545,0.0011289480607956648,0.9530323335734925,0.03487796092934207,0.012089705497165374,0.9351018187649786,0.050195217655632195,0.01470296357938909,0.86,0.12,0.02,0.28762176632881165,0.5271471738815308,0.185231015086174
2026-01-09,0.9689905047416687,0.025942474603652954,0.005067022982984781,0.8520552734517082,0.1059572399943319,0.04198748655395994,0.8950425315340039,0.09524664665212845,0.009710821813867771,0.78,0.22,0.0,0.2994280159473419,0.5423092246055603,0.15826277434825897
2026-01-12,0.9739027619361877,0.02282409369945526,0.003273203270509839,0.8973794081779558,0.07368988622202828,0.028930705600015785,0.8340635672160029,0.15541238133027938,0.010524051453717646,0.9,0.08,0.02,0.333575963973999,0.49792250990867615,0.16850151121616364
2026-01-13,0.9756706953048706,0.019234154373407364,0.005095178727060556,0.9095507073846174,0.05924659846226057,0.03120269415312199,0.8561001075264508,0.1289608326160987,0.014939059857450407,0.84,0.12,0.04,0.3471239507198334,0.4977584779262543,0.15511755645275116
2026-01-14,0.9596163034439087,0.01826983503997326,0.0221138596534729,0.8841197722697891,0.05319157571066966,0.06268865201954116,0.8830607813578013,0.06948034467515762,0.047458873967041106,0.86,0.1,0.04,0.38786423206329346,0.45138105750083923,0.16075477004051208
2026-01-16,0.9621782898902893,0.026354080066084862,0.011467676609754562,0.8393776408246437,0.10486498248441446,0.05575737669094186,0.7891908097384498,0.08781504238484956,0.12299414787670068,0.8,0.16,0.04,0.3825971782207489,0.403278648853302,0.21412421762943268
2026-01-19,0.9604933857917786,0.016781015321612358,0.022725608199834824,0.8776107419423081,0.05351112081007793,0.0688781372476139,0.7831112335308016,0.08269025150787983,0.13419851496131852,0.8,0.16,0.04,0.38444167375564575,0.3800085186958313,0.23554980754852295
2026-01-20,0.9526275992393494,0.025151794776320457,0.022220563143491745,0.7116183684135823,0.16674313870091337,0.12163849288550435,0.7868565449612426,0.10858138011872456,0.10456207492003285,0.76,0.18,0.06,0.38630542159080505,0.33793798089027405,0.2757565975189209
2026-01-21,0.019197650253772736,0.956169068813324,0.024633333086967468,0.11861530766498726,0.7864939036328752,0.09489078870213752,0.17918200944087057,0.7311039174401724,0.08971407311895703,0.24,0.72,0.04,0.34801483154296875,0.3272636830806732,0.3247215151786804
2026-01-22,0.001506164437159896,0.9777073860168457,0.020786501467227936,0.027838585327927493,0.9238793107267931,0.0482821039452793,0.08236779554026002,0.8833127018542881,0.03431950260545207,0.16,0.78,0.06,0.3208940923213959,0.29062554240226746,0.38848039507865906
2026-01-23,0.008930261246860027,0.04425870627164841,0.9468109607696533,0.09729848022574338,0.20605014621658183,0.6966513735576748,0.07133246993643703,0.10403441428480187,0.8246331157787612,0.1,0.12,0.78,0.37827613949775696,0.24775820970535278,0.37396565079689026
2026-01-27,0.015401620417833328,0.0024818959645926952,0.9821164011955261,0.055820058392284724,0.008381887651483483,0.9357980539562318,0.16982963868080322,0.013676304843339501,0.8164940564758574,0.1,0.0,0.9,0.39900046586990356,0.2219824492931366,0.3790171146392822
2026-01-28,0.016416035592556,0.003277333453297615,0.9803065657615662,0.05085744045260574,0.01602835872183848,0.9331142008255557,0.0627616458167713,0.013449297048586127,0.9237890571346425,0.06,0.06,0.88,0.3557903468608856,0.22105345129966736,0.42315611243247986
2026-01-29,0.010732047259807587,0.00418805843219161,0.985079824924469,0.04012483828992943,0.018239211855114696,0.9416359498549558,0.031344906823939,0.01694769602909637,0.9517073971469645,0.12,0.0,0.88,0.3896777927875519,0.22123081982135773,0.3890913426876068
2026-01-30,0.015979770570993423,0.0024291446898132563,0.9815911054611206,0.1195298655418342,0.042334189541157835,0.8381359449170079,0.03902173790009939,0.013506516919633192,0.9474717451802673,0.18,0.0,0.82,0.3532853424549103,0.2327643483877182,0.4139503538608551
2026-02-02,0.027104835957288742,0.007428763434290886,0.9654663801193237,0.055827616713458005,0.02301827818717772,0.9211541050993642,0.08733937313105629,0.037206329898170444,0.8754542969707733,0.16,0.08,0.76,0.31754744052886963,0.23128485679626465,0.45116764307022095
2026-02-03,0.004883516579866409,0.005456572398543358,0.9896599650382996,0.04372537293912498,0.09464815425736343,0.8616264728035117,0.029421629017046112,0.01805354253407074,0.9525248284488831,0.06,0.12,0.82,0.21462148427963257,0.377983957529068,0.40739449858665466
2026-02-04,0.011705304495990276,0.02665393240749836,0.9616407752037048,0.01829483902232707,0.12144007152515258,0.8602650894525203,0.050259878242691,0.06150531593170231,0.8882348058256068,0.06,0.16,0.78,0.21988242864608765,0.3789149820804596,0.40120258927345276
2026-02-05,0.0030626049265265465,0.019092988222837448,0.9778443574905396,0.02167723219286077,0.10438369692427152,0.8739390708828677,0.061389161447499244,0.09462252637351767,0.8439883121789831,0.02,0.08,0.9,0.21410785615444183,0.4215594530105591,0.3643326759338379
2026-02-06,0.008889229968190193,0.9516809582710266,0.03942978382110596,0.06072075800878945,0.7807472565181696,0.15853198547304104,0.03769118033447301,0.839520340251283,0.122788479414244,0.08,0.68,0.24,0.22676604986190796,0.42491596937179565,0.3483179807662964
2026-02-09,0.004792450927197933,0.9917114973068237,0.00349603989161551,0.062350107310663115,0.909841228961229,0.027808663728107842,0.08695887063411728,0.8977350156067194,0.0153061137591634,0.12,0.8,0.08,0.2304670512676239,0.4745616614818573,0.2949713170528412
2026-02-10,0.04100418463349342,0.9534356594085693,0.005560141988098621,0.1059105109817706,0.8766964234394521,0.017393065578777428,0.12234646976290027,0.854233867824135,0.023419662412964795,0.26,0.72,0.02,0.3112795650959015,0.40660083293914795,0.2821195423603058
2026-02-11,0.038361791521310806,0.94338458776474,0.018253548070788383,0.12885439394316722,0.8311930609268181,0.03995254513001468,0.2328774449270931,0.7023312989820361,0.06479125609087089,0.22,0.78,0.0,0.26294630765914917,0.47387197613716125,0.2631816565990448
2026-02-12,0.9157683253288269,0.07828310132026672,0.0059486497193574905,0.7438056040121436,0.23656301393422988,0.019631382053626613,0.6043929220786418,0.3484665853401835,0.04714049258117456,0.78,0.22,0.0,0.312350869178772,0.4129563570022583,0.27469274401664734
2026-02-13,0.05314572900533676,0.9348612427711487,0.011993007734417915,0.16641244806624608,0.8002357760953004,0.03335177583845357,0.4184104907924609,0.5572578135968388,0.024331695610700355,0.3,0.7,0.0,0.3371258080005646,0.4193806052207947,0.24349354207515717
2026-02-16,0.9571039080619812,0.03772832080721855,0.00516772735863924,0.9025777485049166,0.08300904139423086,0.01441321010085243,0.8066483722452011,0.12255001313582414,0.07080161461897473,0.84,0.14,0.02,0.32086247205734253,0.4569798409938812,0.22215770184993744
2026-02-17,0.9546074271202087,0.03732214868068695,0.008070370182394981,0.8352835100678565,0.1331577558358788,0.03155873409626457,0.8492401407120663,0.09715510280334666,0.053604756484586916,0.88,0.04,0.08,0.33576297760009766,0.43442302942276,0.22981399297714233
2026-02-18,0.9847323298454285,0.010381700471043587,0.0048859394155442715,0.9529470187765942,0.025119782784495864,0.021933198438910007,0.9225762193598727,0.04456847792197248,0.0328553027181548,0.82,0.12,0.06,0.34097421169281006,0.4429866671562195,0.21603915095329285
2026-02-19,0.9951346516609192,0.0038209029007703066,0.0010444512590765953,0.9746407590993167,0.020008361754231048,0.005350879146452148,0.9514990289018347,0.04129213991066604,0.0072088311874991574,0.78,0.2,0.02,0.3636435270309448,0.42676976323127747,0.20958666503429413
2026-02-20,0.9695544242858887,0.02461341768503189,0.005832204595208168,0.9266326458503842,0.05732457951758027,0.016042774632035482,0.8123037513964181,0.1626422073205139,0.025054041283068075,0.84,0.12,0.04,0.3415990173816681,0.435465008020401,0.22293606400489807
2026-02-23,0.9841200709342957,0.014014183543622494,0.001865773694589734,0.941767956789122,0.04464291694958367,0.013589126261294465,0.9371732479627686,0.04941224414845855,0.013414507888773021,0.86,0.12,0.02,0.3676629960536957,0.4190279543399811,0.21330897510051727
2026-02-24,0.9864346981048584,0.006289621349424124,0.007275701966136694,0.9439715674381849,0.021015194988172402,0.035013237573642615,0.8722392623926536,0.059340071118260014,0.06842066648908633,0.92,0.04,0.04,0.37618130445480347,0.41245317459106445,0.2113654762506485
2026-02-25,0.9869317412376404,0.0061677261255681515,0.006900490261614323,0.9622182570191199,0.02182674412798107,0.015954998852898986,0.9204415271869695,0.043657443515264446,0.03590102929776606,0.88,0.1,0.02,0.37281566858291626,0.41347771883010864,0.2137066274881363
2026-02-26,0.9696698188781738,0.022321386262774467,0.008008722215890884,0.9011641642151665,0.06467814827256764,0.0341576875122658,0.8107733182109481,0.12448236865362096,0.0647443131354309,0.82,0.06,0.12,0.35335037112236023,0.41864681243896484,0.22800281643867493
2026-02-27,0.9852643013000488,0.005854791961610317,0.008880965411663055,0.9545632893903631,0.017631066131716878,0.027805644477920048,0.8390438631896697,0.0711893858394474,0.08976675097088277,0.94,0.02,0.04,0.3899398744106293,0.39154481887817383,0.21851535141468048
2026-03-02,0.9781628251075745,0.007524521555751562,0.014312640763819218,0.9427394505455501,0.03722115526638741,0.02003939418806242,0.8211239219673433,0.12155896446561046,0.0573171135670463,0.88,0.06,0.06,0.4156250059604645,0.3482702970504761,0.23610466718673706
2026-03-04,0.06097722798585892,0.9147312641143799,0.024291478097438812,0.35497350728531857,0.5539173255664654,0.09110916714821594,0.27253013052627845,0.6686655538371216,0.058804315636599956,0.28,0.68,0.04,0.46557265520095825,0.2983893156051636,0.236037939786911
2026-03-05,0.9671072363853455,0.02530117891728878,0.007591552101075649,0.8270541210865625,0.11516026029419744,0.05778561861924006,0.8155720909283601,0.11681748290674829,0.06761042616489153,0.84,0.08,0.08,0.485786497592926,0.2796408534049988,0.2345726042985916
2026-03-06,0.9773674607276917,0.017417684197425842,0.005214910488575697,0.8876787626232756,0.09611249504710757,0.016208742329617037,0.8782659772235378,0.04780507524905986,0.0739289475274024,0.84,0.08,0.08,0.5211846232414246,0.26192599534988403,0.2168893814086914
2026-03-09,0.9664902687072754,0.022898830473423004,0.010610861703753471,0.871963420333702,0.08098083261975822,0.0470557470465398,0.9353494177201884,0.02994497533239896,0.03470560694741254,0.84,0.1,0.06,0.5191611051559448,0.2503395676612854,0.2304992973804474
2026-03-10,0.9595561623573303,0.0257402453571558,0.014703570865094662,0.8143176655431573,0.12979974762572125,0.05588258683112151,0.8983756143680088,0.060803482991435294,0.040820902640555844,0.86,0.1,0.04,0.3881472051143646,0.2852373421192169,0.32661542296409607
2026-03-11,0.03631429374217987,0.9566620588302612,0.007023658137768507,0.19223743422430806,0.7088227393803563,0.09893982639533565,0.1578181535189099,0.7579627441303093,0.08421910235078088,0.12,0.84,0.04,0.4187959134578705,0.24577046930789948,0.33543363213539124
2026-03-12,0.9548923373222351,0.03989308327436447,0.0052145691588521,0.858117503702274,0.11351401663874176,0.02836847965898424,0.8064591248826656,0.1356841756238562,0.05785669949347821,0.82,0.16,0.02,0.4496040344238281,0.24689051508903503,0.3035053610801697
2026-03-13,0.08972872793674469,0.9008384943008423,0.009432799182832241,0.37865105633471197,0.5792495045779641,0.042099439087324,0.28475671525617985,0.6579008559957444,0.057342428748075734,0.3,0.68,0.02,0.3963446021080017,0.23857709765434265,0.3650783598423004
2026-03-16,0.9376887679100037,0.03789326921105385,0.02441789023578167,0.7320261822370253,0.08410736401175252,0.1838664537512223,0.5620591340201482,0.2186378853291074,0.21930298065074438,0.68,0.16,0.16,0.3368934392929077,0.24708828330039978,0.4160183072090149
2026-03-17,0.9544768929481506,0.029795758426189423,0.015727344900369644,0.7895145009276479,0.14076884763093175,0.06971665144142047,0.8191771901398671,0.054125797571294876,0.12669701228883803,0.78,0.12,0.1,0.45262131094932556,0.23766063153743744,0.3097181022167206
2026-03-18,0.9589315056800842,0.023005938157439232,0.01806263066828251,0.7980431722488931,0.1214678605009592,0.08048896725014756,0.7676174579523366,0.06704218888437373,0.1653403531632897,0.68,0.08,0.24,0.39147815108299255,0.2593557834625244,0.34916606545448303
2026-03-19,0.9630883932113647,0.02155793458223343,0.015353679656982422,0.8288394920124035,0.11016511508398402,0.06099539290361247,0.8927297274711302,0.025173438783689783,0.08209683374517984,0.72,0.16,0.12,0.3681078851222992,0.25548163056373596,0.37641051411628723
2026-03-20,0.9755581617355347,0.019485333934426308,0.004956563003361225,0.8586573130841414,0.10080231323758328,0.04054037367827527,0.8992731745571454,0.06024616850043456,0.04048065694242002,0.8,0.1,0.1,0.34478309750556946,0.2620835304260254,0.3931333124637604
2026-03-23,0.003578617936000228,0.9798464179039001,0.01657496951520443,0.022144375523042457,0.8591564244276266,0.11869920004933096,0.016206072095782988,0.9273725299859688,0.05642139791824837,0.1,0.82,0.08,0.3101818263530731,0.2763974368572235,0.413420706987381
2026-03-24,0.006132834125310183,0.9679757952690125,0.02589135244488716,0.036175805551300164,0.8541631515023984,0.10966104294630133,0.027193665922640078,0.8493137230172195,0.12349261106014046,0.06,0.78,0.16,0.3116282522678375,0.27835118770599365,0.4100205898284912
2026-03-25,0.012771001085639,0.9481858611106873,0.03904309868812561,0.06124587751027297,0.7172835824654903,0.22147054002423666,0.04359138506859919,0.7694788766127219,0.18692973831867893,0.1,0.82,0.08,0.3499654531478882,0.28549322485923767,0.36454135179519653
2026-03-27,0.04012991860508919,0.026240240782499313,0.9336298108100891,0.19121010884552878,0.10932548568330189,0.6994644054711694,0.16898268165596192,0.07779903651497433,0.7532182818290637,0.14,0.02,0.84,0.3831714391708374,0.2693098485469818,0.34751880168914795
2026-03-30,0.01105315051972866,0.003590149339288473,0.9853567481040955,0.05366214027589138,0.026605703561442467,0.9197321561626662,0.10440314518070064,0.02186574780265858,0.8737311070166408,0.12,0.02,0.86,0.47651970386505127,0.24536341428756714,0.278116911649704
2026-04-01,0.01286798994988203,0.017213033512234688,0.969918966293335,0.07622636429991414,0.06784591326307537,0.8559277224370105,0.02567810807763544,0.0223123362002513,0.9520095557221132,0.04,0.1,0.86,0.3409007787704468,0.27590468525886536,0.38319456577301025
2026-04-02,0.011424078606069088,0.00555563997477293,0.9830202460289001,0.03154920863306429,0.03444351943124022,0.9340072719356955,0.034652176348228765,0.04049430245780928,0.9248535211939619,0.06,0.1,0.84,0.29752275347709656,0.3933107554912567,0.30916649103164673
2026-04-06,0.004159330390393734,0.00256538949906826,0.9932752847671509,0.022271233937064792,0.020346801949628648,0.9573819641133066,0.04781110811548079,0.05041697950992725,0.901771912374592,0.0,0.1,0.9,0.2817554175853729,0.4344842731952667,0.2837602496147156
2026-04-07,0.004836335312575102,0.017290925607085228,0.9778727293014526,0.03929236600881283,0.06225395706960117,0.898453676921586,0.03476030290637583,0.09841449739208641,0.8668251997015377,0.04,0.1,0.86,0.23280848562717438,0.47899144887924194,0.28820011019706726
2026-04-08,0.004909539129585028,0.007374720647931099,0.9877157807350159,0.01925449821428263,0.048187395524399136,0.9325581062613182,0.021785571424155176,0.07420280738104111,0.9040116211948038,0.02,0.04,0.94,0.17951467633247375,0.5086749792098999,0.31181028485298157
2026-04-09,0.007618463598191738,0.005556712858378887,0.9868248105049133,0.025616511766677716,0.04076194048710665,0.9336215477462156,0.04354367766123349,0.052782283271843485,0.9036740390669229,0.06,0.02,0.92,0.18756183981895447,0.490426629781723,0.3220115900039673
2026-04-10,0.020843906328082085,0.010946936905384064,0.9682092070579529,0.043855056628019716,0.04281406619478311,0.9133308771771972,0.02817354245895254,0.05214487628303563,0.9196815812580118,0.04,0.06,0.9,0.18571418523788452,0.4732251763343811,0.3410605788230896
2026-04-13,0.0072933766059577465,0.011900939047336578,0.9808056354522705,0.038234676845733076,0.027836626485812102,0.9339286966684549,0.019871900625729976,0.04549691327904532,0.9346311860952247,0.04,0.16,0.8,0.24751897156238556,0.35925936698913574,0.3932217061519623
2026-04-15,0.012333158403635025,0.04450218379497528,0.9431646466255188,0.05203943519092199,0.14108756678086118,0.8068729980282169,0.0710168642303456,0.11644066320721724,0.8125424725624372,0.02,0.18,0.8,0.2026122510433197,0.49094244837760925,0.30644524097442627
2026-04-16,0.005589923821389675,0.9869372248649597,0.007472839672118425,0.06153801055707177,0.867204152037953,0.07125783740497531,0.0588261028926946,0.7547967701394938,0.18637712696781167,0.08,0.8,0.12,0.23109906911849976,0.46289196610450745,0.3060089349746704
2026-04-17,0.008729307912290096,0.9741066694259644,0.017164014279842377,0.045132926699823855,0.8708714347325781,0.08399563856759801,0.03444905602155736,0.9191050762747435,0.046445867703699205,0.04,0.78,0.18,0.2063273936510086,0.5065329074859619,0.2871397137641907
2026-04-20,0.01158282533288002,0.9738985300064087,0.014518595300614834,0.04988648329856103,0.9126966715461016,0.03741684515533759,0.06445549119294003,0.9094951859391863,0.026049322867873523,0.02,0.92,0.06,0.14923202991485596,0.6664319038391113,0.18433600664138794
2026-04-21,0.0024448612239211798,0.9943278431892395,0.0032273370306938887,0.02402747859306331,0.9633756506297171,0.012596870777219658,0.04071194696607863,0.9430100892892558,0.0162779637446654,0.02,0.96,0.02,0.12988804280757904,0.7001103162765503,0.1700015515089035
2026-04-22,0.02664756216108799,0.9634662866592407,0.009886205196380615,0.07357238287269158,0.8889309889663018,0.037496628161006414,0.08129760633483092,0.8636535486427128,0.05504884502245636,0.08,0.8,0.12,0.18598033487796783,0.5713742971420288,0.24264538288116455
2026-04-23,0.01736784167587757,0.9654742479324341,0.017157962545752525,0.06360903027576924,0.8789581571168783,0.057432812607352376,0.06639210029317419,0.8760064008975551,0.057601498809270686,0.06,0.8,0.14,0.22675727307796478,0.5121089816093445,0.26113376021385193
2026-04-24,0.007456574123352766,0.04929177090525627,0.9432516694068909,0.01918495574436709,0.24861744788637286,0.7321975963692602,0.06432552226770956,0.16367791905029014,0.7719965586820003,0.04,0.22,0.74,0.2867802381515503,0.44722193479537964,0.26599782705307007
2026-04-27,0.013047537766397,0.9049232006072998,0.0820293053984642,0.05772201994224104,0.5025671555474289,0.43971082451033006,0.04968899040325318,0.7012801059212366,0.24903090367551017,0.04,0.7,0.26,0.27077826857566833,0.41359490156173706,0.31562677025794983
2026-04-28,0.0015533695695921779,0.018391204997897148,0.9800554513931274,0.029838473498947155,0.14890562341339234,0.8212559030876605,0.030733125806694964,0.08397262927949843,0.8852942449138066,0.02,0.18,0.8,0.29353901743888855,0.4364008903503418,0.27006012201309204
2026-04-29,0.011103718541562557,0.05373390391469002,0.9351624250411987,0.0792829881272749,0.1312203280864181,0.789496683786307,0.07576429527635793,0.08812042507348289,0.8361152796501592,0.06,0.1,0.84,0.3243187367916107,0.4120520353317261,0.2636292278766632
2026-04-30,0.023066584020853043,0.02716125175356865,0.9497721791267395,0.06485152836084208,0.10776870494155293,0.827379766697605,0.13575542152087497,0.07295352662390017,0.7912910518552249,0.14,0.06,0.8,0.3114933967590332,0.412972092628479,0.2755344808101654
2026-05-04,0.02322966419160366,0.9664243459701538,0.010345990769565105,0.19759339682166652,0.7700181599726137,0.03238844320571989,0.1236158197977139,0.8032261056352307,0.07315807456705549,0.06,0.84,0.1,0.27563348412513733,0.4647953510284424,0.2595711648464203
2026-05-05,0.9646347761154175,0.023692063987255096,0.011673116125166416,0.8624643809130198,0.08030128871052794,0.05723433037645245,0.7846706809825396,0.10762091372391767,0.10770840529354285,0.74,0.14,0.12,0.3225048780441284,0.41185280680656433,0.26564231514930725
2026-05-06,0.9803341031074524,0.012704432010650635,0.006961454637348652,0.9454696118458896,0.04070533948449124,0.013825048669619115,0.8738476219871107,0.06323205521281594,0.06292032280007341,0.86,0.1,0.04,0.27949365973472595,0.4648683965206146,0.25563785433769226
2026-05-07,0.9874039888381958,0.010194079019129276,0.002401962410658598,0.9639151112633276,0.03018855980448965,0.005896328932182683,0.8251827401522407,0.11143670264865596,0.06338055719910336,0.86,0.12,0.02,0.2435084730386734,0.5505430102348328,0.2059485763311386
2026-05-08,0.9940406680107117,0.0014080139808356762,0.004551236052066088,0.954396793482608,0.03620300782935714,0.009400198688035113,0.7956809997547848,0.18990169484180353,0.014417305403411658,0.88,0.1,0.02,0.23616842925548553,0.5786521434783936,0.18517941236495972
2026-05-11,0.9793989658355713,0.017968568950891495,0.002632428891956806,0.9328300895579105,0.056401727327643904,0.010768183114445702,0.8984630947323281,0.09465686783589829,0.006880037431773563,0.82,0.18,0.0,0.2852453589439392,0.5200279951095581,0.1947266310453415
2026-05-12,0.01833922788500786,0.9764904975891113,0.005170281510800123,0.055937708567592566,0.9045724109156793,0.03948988051672818,0.11268369637140452,0.8408986818888784,0.04641762173971713,0.1,0.84,0.06,0.32412129640579224,0.45128095149993896,0.2245977818965912
2026-05-13,0.019479651004076004,0.9732147455215454,0.007305600680410862,0.04662731452204044,0.8691584014511896,0.08421428402677,0.15098305720621252,0.7870454541811569,0.061971488612630576,0.12,0.82,0.06,0.3620586395263672,0.42421650886535645,0.21372492611408234
2026-05-14,0.009681789204478264,0.9852871894836426,0.00503099150955677,0.02023520865696077,0.9579567333843375,0.021808057958701842,0.029702000658991864,0.791114152272988,0.1791838470680203,0.1,0.86,0.04,0.3764674663543701,0.41046908497810364,0.21306341886520386
2026-05-15,0.014942255802452564,0.0492984913289547,0.9357592463493347,0.05311620138789109,0.2156250010955291,0.7312587975165797,0.08151972651949117,0.1073937668288799,0.811086506651629,0.08,0.06,0.86,0.440110981464386,0.3276866674423218,0.23220230638980865
2026-05-18,0.013635076582431793,0.007063581608235836,0.9793013334274292,0.05321375848686581,0.05337159047829938,0.8934146510348348,0.033525473757804715,0.02442585843686192,0.9420486678053335,0.12,0.06,0.82,0.45005202293395996,0.2980894148349762,0.25185853242874146
2026-05-19,0.012272210791707039,0.009636749513447285,0.9780910611152649,0.04639881164860157,0.032670035697403725,0.9209311526539947,0.0671757402561125,0.0376103443054484,0.895213915438439,0.12,0.04,0.84,0.39703401923179626,0.31331363320350647,0.2896522879600525
2026-05-20,0.007575280498713255,0.03270481154322624,0.9597198367118835,0.018007123003778117,0.09046524185465815,0.8915276351415639,0.04695536698851404,0.1729423320600462,0.7801023009514397,0.1,0.16,0.74,0.3684137761592865,0.32577627897262573,0.305809885263443
2026-05-21,0.012932605110108852,0.9763933420181274,0.010674020275473595,0.06328342161846787,0.8958352335213038,0.04088134486022837,0.036069199393704725,0.8346355971153362,0.12929520349095902,0.08,0.88,0.04,0.35058891773223877,0.33685988187789917,0.31255120038986206
2026-05-22,0.024897105991840363,0.9645622372627258,0.010540620423853397,0.07404703170633528,0.8959538881586521,0.0299990801350125,0.051119263647168095,0.8170654835816774,0.1318152527711544,0.22,0.72,0.06,0.3317748010158539,0.364742636680603,0.30348262190818787
2026-05-25,0.011615600436925888,0.9817718267440796,0.006612597499042749,0.0903091795260759,0.8948128460346922,0.01487797443923178,0.08964266535931854,0.8438294485217751,0.0665278861189063,0.16,0.74,0.1,0.28810733556747437,0.4384812116622925,0.27341142296791077
2026-05-26,0.9637266397476196,0.019635582342743874,0.016637781634926796,0.8359136909181877,0.10327085552353253,0.06081545355827977,0.8058391469939835,0.1581467798705849,0.036014073135431604,0.7,0.26,0.04,0.2859601378440857,0.47041675448417664,0.24362310767173767
2026-05-27,0.9715116024017334,0.014326557517051697,0.014161868952214718,0.8800368188277189,0.08205235022569152,0.03791083094658949,0.814937012777235,0.16095057510003125,0.02411241212273367,0.78,0.14,0.08,0.3136407136917114,0.43860071897506714,0.24775861203670502
2026-05-29,0.043470483273267746,0.9263816475868225,0.030147923156619072,0.23200449165373083,0.6328943155309723,0.1351011928152968,0.209747142467911,0.692279458997467,0.0979733985346219,0.26,0.6,0.14,0.34142205119132996,0.4157644510269165,0.2428135722875595
2026-06-01,0.9461553692817688,0.026886990293860435,0.026957660913467407,0.7557026630517985,0.11229707988129829,0.13200025706690327,0.7497791264838566,0.1677002031746548,0.08252067034148855,0.76,0.14,0.1,0.3202500641345978,0.4606744945049286,0.21907539665699005
2026-06-02,0.05145357921719551,0.9332640171051025,0.015282467007637024,0.16411253432691175,0.800957181092509,0.03493028458057926,0.23034252190746762,0.7124587389415965,0.05719873915093582,0.2,0.72,0.08,0.35644030570983887,0.4323851764202118,0.2111745923757553
2026-06-03,0.02208617515861988,0.9761650562286377,0.001748775946907699,0.07223902220370138,0.9165892517569708,0.01117172603932782,0.1638741806660939,0.7852498951080675,0.05087592422583851,0.14,0.74,0.12,0.3404003381729126,0.47658950090408325,0.18301011621952057
2026-06-04,0.9240862131118774,0.07253538072109222,0.003378416644409299,0.695195286315213,0.2776180146202751,0.027186699064511988,0.5831895828023782,0.3780028632025381,0.03880755399508365,0.74,0.22,0.04,0.3717246353626251,0.42471641302108765,0.20355892181396484
2026-06-05,0.036393024027347565,0.9408403635025024,0.02276657707989216,0.16152794512750446,0.7046234325305915,0.133848622341904,0.09295206917851769,0.7741077402784795,0.13294019054300285,0.16,0.68,0.16,0.37263357639312744,0.41558578610420227,0.21178068220615387
2026-06-08,0.02259489893913269,0.020261548459529877,0.9571435451507568,0.06090569648360317,0.0944175341638752,0.8446767693525217,0.09435900885760044,0.22347115597935302,0.6821698351630464,0.08,0.24,0.68,0.3642229437828064,0.4078671336174011,0.2279098927974701
2026-06-09,0.0020555974915623665,0.016028938814997673,0.9819154739379883,0.025977448429517696,0.08545405169124673,0.8885684998792356,0.009772540009997117,0.07087278167749983,0.9193546783125031,0.02,0.2,0.78,0.35588857531547546,0.4032917022705078,0.24081966280937195
2026-06-10,0.0008755334420129657,0.009789976291358471,0.9893345236778259,0.0120586804237881,0.06991260050799071,0.9180287190682213,0.01453605574393422,0.06446934559025597,0.9209945986658099,0.04,0.06,0.9,0.3574029803276062,0.39506739377975464,0.24752967059612274
2026-06-11,0.005700152833014727,0.01637263037264347,0.9779272079467773,0.024820009492005368,0.12192791289493125,0.8532520776130633,0.030577947466819404,0.14079072306900636,0.8286313294641743,0.08,0.14,0.78,0.3411485254764557,0.44284993410110474,0.2160014808177948
2026-06-12,0.02242969535291195,0.019397476688027382,0.9581728577613831,0.09238854406698838,0.05935738326198373,0.8482540726710278,0.12574335541516854,0.16398968962129973,0.7102669549635316,0.12,0.16,0.72,0.31495413184165955,0.48650825023651123,0.19853757321834564
2026-06-15,0.021399984136223793,0.9589704871177673,0.01962955854833126,0.10768628256748146,0.840843206386986,0.051470511045532574,0.1429277290304278,0.7872370465235085,0.06983522444606383,0.12,0.78,0.1,0.2347378432750702,0.5408767461776733,0.22438542544841766
2026-06-16,0.0038465773686766624,0.9890418648719788,0.007111518178135157,0.018556337619453106,0.94765568081091,0.03378798156963687,0.023284861209277804,0.9622357829143136,0.014479355876408653,0.02,0.96,0.02,0.16748932003974915,0.6602219343185425,0.17228873074054718
2026-06-17,0.0025671981275081635,0.9830130934715271,0.014419675804674625,0.037190351405070314,0.878539457755341,0.08427019083958875,0.03176109526845007,0.9228564099170977,0.045382494814452355,0.1,0.86,0.04,0.17273440957069397,0.6228471398353577,0.20441842079162598
2026-06-18,0.00744294049218297,0.9843326807022095,0.008224395103752613,0.08286726103530735,0.8880001121069823,0.02913262685771026,0.05457811875910326,0.908276518873189,0.037145362367707595,0.08,0.8,0.12,0.1715443730354309,0.6231039762496948,0.20535168051719666
2026-06-19,0.0006400307756848633,0.9963717460632324,0.0029882739763706923,0.009380608308512476,0.9622603646154442,0.028359027076043243,0.016537755509081598,0.9453965060344637,0.03806573845645473,0.08,0.88,0.04,0.18811935186386108,0.6400395631790161,0.171841099858284
2026-06-22,0.008954612538218498,0.9692620038986206,0.021783368661999702,0.035334069661494875,0.8845649661935224,0.08010096414498272,0.06325915546732037,0.7888316205792405,0.14790922395343914,0.08,0.86,0.06,0.24100500345230103,0.5508447289466858,0.20815029740333557
2026-06-23,0.033106084913015366,0.02630968578159809,0.9405842423439026,0.08597398456823176,0.10797253215800001,0.8060534832737682,0.03982868351164965,0.10609197824766062,0.8540793382406898,0.08,0.1,0.82,0.31517094373703003,0.4327690005302429,0.25206005573272705
2026-06-24,0.003370656631886959,0.021834878250956535,0.9747944474220276,0.017624537824934106,0.07951056368065632,0.9028648984944097,0.0525148438270742,0.14077524151521922,0.8067099146577066,0.02,0.16,0.82,0.295369952917099,0.4529162645339966,0.2517137825489044
2026-06-25,0.016067752614617348,0.018992343917489052,0.9649399518966675,0.015604289770672292,0.06917847566598315,0.9152172345633445,0.05966814840213303,0.07198472626295388,0.8683471253349131,0.02,0.16,0.82,0.24905888736248016,0.5481412410736084,0.20279981195926666
2026-06-29,0.007390269543975592,0.00793884601444006,0.984670877456665,0.01547095571055179,0.04029551293045967,0.9442335313589885,0.03902818938393151,0.039772967371829046,0.9211988432442394,0.08,0.08,0.84,0.26081451773643494,0.5333265066146851,0.20585894584655762
2026-06-30,0.009415778331458569,0.024187646806240082,0.9663965106010437,0.025905233478130944,0.10127103807261198,0.872823728449257,0.05675231195018185,0.11836849049034183,0.8248791975594763,0.06,0.14,0.8,0.22723227739334106,0.572948694229126,0.19981902837753296
2026-07-01,0.0029434794560074806,0.9352414608001709,0.06181502342224121,0.0393707541383892,0.6967361111336916,0.26389313472791914,0.03196860992108413,0.8240660231733047,0.1439653669056112,0.04,0.66,0.3,0.15274439752101898,0.652377724647522,0.19487784802913666
2026-07-02,0.003391735954210162,0.029078613966703415,0.9675296545028687,0.018106207308096412,0.13474936706397247,0.847144425627931,0.006144772932427646,0.040410610583224975,0.9534446164843474,0.04,0.08,0.88,0.1767425239086151,0.5457074046134949,0.2775501012802124
2026-07-03,0.0012400251580402255,0.023130986839532852,0.9756289720535278,0.011469556232302128,0.10808384791703075,0.880446595850667,0.005244947598359915,0.03426075880484616,0.960494293596794,0.0,0.08,0.92,0.15742085874080658,0.5451897382736206,0.2973894476890564
2026-07-06,0.0025900774635374546,0.01815299689769745,0.9792569875717163,0.032653188212748395,0.0593850555805646,0.907961756206687,0.009478912443297235,0.026906404646234783,0.9636146829104679,0.0,0.02,0.98,0.1335086077451706,0.57734614610672,0.289145290851593
2026-07-07,0.01174671296030283,0.029976535588502884,0.9582767486572266,0.061568724726706936,0.09606397015135945,0.8423673051219336,0.035416463386468845,0.047353839391603175,0.9172296972219279,0.04,0.26,0.7,0.17135579884052277,0.510983943939209,0.31766024231910706
2026-07-08,0.00868307240307331,0.06293077766895294,0.9283862113952637,0.06331058054593162,0.25441834462824614,0.6822710748258222,0.059257365940149,0.21892767168614086,0.7218149623737101,0.08,0.12,0.8,0.21261785924434662,0.5254397392272949,0.26194238662719727
2026-07-09,0.01237136498093605,0.9473612308502197,0.040267396718263626,0.12917616721556374,0.7479306984894375,0.12289313429499892,0.018456846555074125,0.7560320066576749,0.22551114678725087,0.08,0.68,0.24,0.16864769160747528,0.5994234085083008,0.23192892968654633
2026-07-10,0.8957639336585999,0.07604143768548965,0.0281946063041687,0.48532585803771366,0.34392001649579934,0.17075412546648708,0.6125604597286839,0.32830855249339636,0.05913098777791965,0.62,0.28,0.1,0.12046567350625992,0.6808405518531799,0.19869379699230194
2026-07-13,0.035961031913757324,0.9605745077133179,0.003464405657723546,0.11666690528571443,0.8570496291322842,0.02628346558200133,0.10556071822629358,0.8365213548799011,0.0579179268938054,0.14,0.78,0.08,0.13124699890613556,0.6805205345153809,0.1882324516773224
2026-07-14,0.007530903909355402,0.9856240749359131,0.00684506818652153,0.04509724877321055,0.9250674950172679,0.029835256209521568,0.01845553006790998,0.942792858304551,0.0387516116275391,0.02,0.86,0.12,0.15681806206703186,0.6309040188789368,0.2122778594493866
2026-07-15,0.0011021655518561602,0.9801799058914185,0.018717927858233452,0.007341097149714468,0.9407045517422515,0.051954351108034,0.021563691402515937,0.9385561365042098,0.03988017209327431,0.0,0.94,0.06,0.19057714939117432,0.5739174485206604,0.23550546169281006
2026-07-16,0.009833510033786297,0.9603821635246277,0.029784267768263817,0.011833053123853582,0.9172460342335309,0.07092091264261563,0.044024613260173574,0.9143616649021822,0.04161372183764421,0.02,0.84,0.14,0.2425781637430191,0.5298835039138794,0.22753837704658508
2026-07-17,0.004184121266007423,0.9801529049873352,0.01566302962601185,0.010316760433624263,0.9427638443579245,0.04691939520845143,0.042144467019754946,0.924687651740286,0.03316788123995902,0.02,0.88,0.1,0.30007001757621765,0.49135100841522217,0.2085789442062378
