Date,0,1,2,3,4,5,6,7,8,9,10,11,12,13,14
2024-12-12,0.9697176814079285,0.02704095095396042,0.0032413271255791187,0.907530093985843,0.08590628158464667,0.0065636244295102664,0.7594958008285317,0.21552846973841172,0.02497572943305653,0.6,0.4,0.0,0.2469450980424881,0.49331235885620117,0.25974252820014954
2024-12-13,0.9741483926773071,0.016980798915028572,0.008870774880051613,0.9452088924730396,0.04437074423082602,0.010420363296134504,0.9300618381646297,0.053095122463385956,0.016843039371984246,0.92,0.06,0.02,0.2712099850177765,0.4544275403022766,0.2743625044822693
2024-12-16,0.9811796545982361,0.01596325822174549,0.0028571360744535923,0.9427452070299974,0.05295218094852842,0.00430261202147421,0.8900453424552803,0.09479453279953111,0.015160124745188507,0.62,0.32,0.06,0.2483779788017273,0.5035915970802307,0.24803045392036438
2024-12-17,0.9536240100860596,0.037535350769758224,0.008840624243021011,0.9232488485858675,0.07173436980880198,0.005016781605330522,0.6303400380859572,0.31954974161196664,0.05011022030207613,0.74,0.24,0.02,0.2770810127258301,0.453835129737854,0.26908382773399353
2024-12-18,0.006012356840074062,0.9614822864532471,0.03250531479716301,0.025520059050103502,0.8960410197245574,0.07843892122533914,0.0426164759342846,0.807099055684514,0.15028446838120155,0.06,0.88,0.06,0.3269270360469818,0.3400070369243622,0.333065927028656
2024-12-19,0.005897970404475927,0.9774801731109619,0.016621876507997513,0.014753805647119683,0.9602860283905945,0.02496016596228568,0.026909057701319607,0.9233876701632817,0.049703272135398775,0.04,0.86,0.1,0.3532380759716034,0.31100448966026306,0.33575740456581116
2024-12-20,0.0014056386426091194,0.9922548532485962,0.006339550483971834,0.004076113896107426,0.9897978543076282,0.006126031796264204,0.016671079401875424,0.9615441477532625,0.021784772844862268,0.04,0.92,0.04,0.38765189051628113,0.29003915190696716,0.32230889797210693
2024-12-23,0.001366573735140264,0.9908552169799805,0.007778157014399767,0.009542822401601024,0.9802214246405686,0.010235752957830323,0.022441082475248838,0.9473505794524636,0.030208338072287583,0.06,0.92,0.02,0.3683672547340393,0.296529084444046,0.33510369062423706
2024-12-24,0.002308483235538006,0.9884567260742188,0.009234792552888393,0.00953015688849562,0.9823646877915269,0.008105155319977322,0.031013847543137636,0.9423053689586033,0.026680783498259118,0.02,0.96,0.02,0.35865676403045654,0.3060774803161621,0.33526575565338135
2024-12-26,0.003618712304159999,0.9943016767501831,0.0020795760210603476,0.008962710267060718,0.9838773667565647,0.007159922976374586,0.018568875897418378,0.9583430469842774,0.023088077118304295,0.06,0.94,0.0,0.3217368423938751,0.3666916787624359,0.31157153844833374
2024-12-27,0.0023627972695976496,0.995908260345459,0.0017289553070440888,0.008653183028668604,0.9881728121098249,0.003174004861506382,0.03106236475681722,0.9437513466739051,0.02518628856927757,0.06,0.94,0.0,0.3169008791446686,0.36235836148262024,0.3207407295703888
2024-12-30,0.978084921836853,0.020112913101911545,0.0018021819414570928,0.9297436290872046,0.06719381323799595,0.003062557674799384,0.751622915952475,0.19681257249195566,0.051564511555569376,0.72,0.28,0.0,0.3402559757232666,0.32003253698349,0.3397114872932434
2024-12-31,0.051970500499010086,0.9439278841018677,0.0041016340255737305,0.1645590014386614,0.8297033927337499,0.005737605827588502,0.3468332143859073,0.6313420311331874,0.021824754480905376,0.42,0.56,0.02,0.3597230315208435,0.3042685389518738,0.3360083997249603
2025-01-01,0.9569957852363586,0.039317335933446884,0.003686863463371992,0.9144847458950387,0.0812032566626226,0.004311997442338666,0.7390677709909093,0.23395032702046753,0.026981901988623255,0.8,0.2,0.0,0.34756115078926086,0.32130685448646545,0.3311319947242737
2025-01-02,0.9905381202697754,0.007349732331931591,0.0021121331956237555,0.9483180463696176,0.03954292593968316,0.012139027690699255,0.9197275435688972,0.05896131914659497,0.02131113728450777,0.72,0.22,0.06,0.34736448526382446,0.3098582625389099,0.34277722239494324
2025-01-03,0.9925836324691772,0.006347517017275095,0.0010689133778214455,0.9613345803603544,0.03265428058496295,0.006011139054682686,0.931016175737355,0.054165605111909605,0.014818219150735492,0.8,0.14,0.06,0.350122332572937,0.31909385323524475,0.3307838439941406
2025-01-06,0.973411500453949,0.022894976660609245,0.0036935205571353436,0.9302828341856985,0.053578635740740226,0.01613853007356142,0.7873594913683184,0.17817413726698547,0.034466371364696144,0.82,0.14,0.04,0.368294358253479,0.31150341033935547,0.3202022612094879
2025-01-07,0.9794019460678101,0.018122335895895958,0.0024756935890764,0.9605138377109569,0.02318863117694709,0.016297531112096048,0.9193488335505687,0.06792243778643753,0.012728728662993941,0.78,0.2,0.02,0.35892167687416077,0.3160228431224823,0.32505545020103455
2025-01-08,0.9577235579490662,0.038092777132987976,0.004183669108897448,0.8980536609878059,0.0918002147291732,0.010146124283021021,0.7906996056737431,0.13749795369755133,0.07180244062870551,0.7,0.24,0.06,0.3545946180820465,0.31614401936531067,0.3292613625526428
2025-01-09,0.015503824688494205,0.9775715470314026,0.006924636196345091,0.05137639541408933,0.934449177257765,0.014174427328145668,0.14533401876139465,0.8214150714721561,0.033250909766449364,0.1,0.9,0.0,0.3434116840362549,0.33312565088272095,0.32346269488334656
2025-01-10,0.020892612636089325,0.9461725950241089,0.032934825867414474,0.06988552015834978,0.835996371696163,0.09411810814548716,0.08894325052809036,0.8372807373839204,0.07377601208798933,0.06,0.9,0.04,0.3696288764476776,0.2891351878643036,0.3412359654903412
2025-01-13,0.010732696391642094,0.09850458800792694,0.8907626867294312,0.02709349273112686,0.24739122434133684,0.7255152829275364,0.17729810026181844,0.3230983046418221,0.4996035950963594,0.1,0.3,0.6,0.41945892572402954,0.25058117508888245,0.329959899187088
2025-01-14,0.00785856507718563,0.9760960936546326,0.016045350581407547,0.014141198727933098,0.9578213021378122,0.028037499134254573,0.14524587369340558,0.7701479760713449,0.08460615023524957,0.04,0.9,0.06,0.40069904923439026,0.25707384943962097,0.34222710132598877
2025-01-15,0.003384776646271348,0.9906277656555176,0.0059875077567994595,0.007925285293359114,0.977243489676079,0.01483122503056192,0.027797923294074794,0.9427914568207616,0.029410619885163622,0.06,0.92,0.02,0.3972081243991852,0.26785919070243835,0.33493268489837646
2025-01-16,0.01346727553755045,0.9810484647750854,0.005484310910105705,0.034379056425840236,0.9435543106199731,0.022066632954186673,0.07599399710203275,0.8515268303314285,0.07247917256653882,0.08,0.9,0.02,0.3659641444683075,0.29266053438186646,0.34137535095214844
2025-01-17,0.015938010066747665,0.9807505011558533,0.003311524633318186,0.03869164181659262,0.9529260331321753,0.008382325051232117,0.031801380703251884,0.9494857406109515,0.018712878685796526,0.08,0.92,0.0,0.3258644640445709,0.35925808548927307,0.31487739086151123
2025-01-20,0.9235859513282776,0.06999651342630386,0.006417492870241404,0.7916723880133846,0.19873837160652993,0.009589240380085415,0.6373254900468909,0.31598522781275223,0.04668928214035685,0.62,0.3,0.08,0.2744733393192291,0.4275437593460083,0.2979828715324402
2025-01-21,0.002262371825054288,0.9951902627944946,0.002547420794144273,0.010428086147099362,0.9819038235465983,0.007668090306302256,0.015485229490653766,0.9633275908731694,0.021187179636176907,0.02,0.92,0.06,0.23931163549423218,0.4732096195220947,0.2874786853790283
2025-01-22,0.0017990402411669493,0.9871856570243835,0.01101536676287651,0.028584290770017607,0.9291656490975905,0.04225006013239169,0.05024394744495338,0.8777256442124526,0.07203040834259403,0.04,0.9,0.06,0.24192866683006287,0.47987452149391174,0.2781967520713806
2025-01-23,0.0029069005977362394,0.9525390863418579,0.044553957879543304,0.00913054666241965,0.8918539292397915,0.09901552409778891,0.02568212917503947,0.8436788589849418,0.13063901184001878,0.0,0.9,0.1,0.26825281977653503,0.4220680296421051,0.30967921018600464
2025-01-24,0.0024111007805913687,0.038275912404060364,0.9593129754066467,0.008379416359734231,0.12193137531174619,0.8696892083285195,0.0403446927893513,0.20709411299102595,0.7525611942196228,0.02,0.32,0.66,0.26565706729888916,0.41298907995224,0.3213537633419037
2025-01-27,0.00497445510700345,0.039067257195711136,0.9559583067893982,0.008966716457041474,0.08144160803611927,0.9095916755068394,0.024095685698377306,0.04852918180084489,0.9273751325007779,0.04,0.28,0.68,0.25928038358688354,0.4161764681339264,0.3245430588722229
2025-01-28,0.005740966182202101,0.028820224106311798,0.9654387831687927,0.008828831210802085,0.06418739507348392,0.9269837737157139,0.07391397619260788,0.23697510738927471,0.6891109164181174,0.1,0.3,0.6,0.2631252706050873,0.42054253816604614,0.31633222103118896
2025-01-29,0.002278142375871539,0.005952753592282534,0.9917690753936768,0.00908157607512494,0.026115905174963337,0.9648025187499117,0.024426772702805157,0.1333948316455329,0.842178395651662,0.04,0.16,0.8,0.26407378911972046,0.41009628772735596,0.32582995295524597
2025-01-30,0.003992288839071989,0.021908435970544815,0.9740992784500122,0.006603772778672718,0.030603954985557118,0.9627922722357702,0.02828935818424867,0.1191828517395612,0.8525277900761903,0.02,0.28,0.7,0.244472935795784,0.45555540919303894,0.29997164011001587
2025-01-31,0.010564873926341534,0.9594553112983704,0.029979797080159187,0.018037369630833983,0.9139899165949393,0.06797271377422671,0.040117449644294916,0.6659446909800496,0.29393785937565553,0.0,0.86,0.14,0.23657545447349548,0.4626980423927307,0.3007264733314514
2025-02-03,0.002918118378147483,0.9629071354866028,0.03417476266622543,0.00502272100396764,0.9035402252577738,0.09143705373825847,0.03722159322375554,0.7541591379534408,0.20861926882280366,0.0,0.78,0.22,0.23224623501300812,0.4740159511566162,0.2937377989292145
2025-02-04,0.005966180935502052,0.9866587519645691,0.007375081069767475,0.021730364162209578,0.9663854311994295,0.01188420463836091,0.06652315052412858,0.848001273887134,0.08547557558873746,0.04,0.88,0.08,0.22033600509166718,0.5191413164138794,0.26052266359329224
2025-02-05,0.01145818829536438,0.9838706254959106,0.004671156872063875,0.052223404976194515,0.9405339068830814,0.007242688140724153,0.03901638235914071,0.9194623678550812,0.04152124978577815,0.1,0.84,0.06,0.2240206003189087,0.5189594626426697,0.257019966840744
2025-02-06,0.9453186392784119,0.04721707105636597,0.0074643162079155445,0.845918287238415,0.13352963318978392,0.020552079571801107,0.5807002664402356,0.3103591951546407,0.10894053840512352,0.62,0.34,0.04,0.23901748657226562,0.4926207959651947,0.26836177706718445
2025-02-07,0.9764890074729919,0.018508384004235268,0.005002599209547043,0.904734689723494,0.07219494881796445,0.0230703614585416,0.7049472844834177,0.23355700272744945,0.061495712789132795,0.76,0.22,0.02,0.2705529034137726,0.4452616274356842,0.2841854989528656
2025-02-10,0.008099181577563286,0.9909077882766724,0.0009930982487276196,0.018914086856277254,0.9762456489921678,0.0048402641515549695,0.045553152989926335,0.9438027383620382,0.010644108648035444,0.06,0.94,0.0,0.22227439284324646,0.5374816656112671,0.24024394154548645
2025-02-11,0.019138913601636887,0.9748173952102661,0.00604363065212965,0.032304439324518736,0.9482775324630037,0.019418028212477526,0.08782319894632441,0.8445106420058354,0.06766615904784018,0.06,0.9,0.04,0.2901022136211395,0.42332249879837036,0.28657522797584534
2025-02-12,0.0035014813765883446,0.9940871000289917,0.0024114560801535845,0.023165455716980723,0.9645982735104193,0.01223627077260003,0.08208736280044333,0.8917449002904259,0.02616773690913079,0.08,0.86,0.06,0.29506710171699524,0.3830002546310425,0.32193267345428467
2025-02-13,0.001879913150332868,0.996745228767395,0.0013747941702604294,0.00603987625342747,0.9890348217787545,0.00492530196781821,0.02127017155060614,0.9524644275625738,0.02626540088681989,0.02,0.98,0.0,0.25392791628837585,0.4655698537826538,0.28050217032432556
2025-02-14,0.0004985416308045387,0.9986592531204224,0.00084214675007388,0.001968600548972121,0.9936364972888643,0.004394902162163615,0.007420617746299244,0.9680824633025558,0.02449691895114504,0.0,0.98,0.02,0.20002377033233643,0.5580507516860962,0.24192538857460022
2025-02-17,0.0027735126204788685,0.9963914752006531,0.0008350260322913527,0.0019563514946292684,0.9946800757452285,0.003363572760142339,0.0317405543725155,0.9414651790775261,0.026794266549958354,0.02,0.96,0.02,0.17771293222904205,0.6037474274635315,0.21853968501091003
2025-02-18,0.003533270675688982,0.9952580332756042,0.0012087213108316064,0.0051325307069436145,0.9907996916260472,0.004067777667009227,0.04176106021770529,0.9333493716942726,0.024889568088022264,0.06,0.94,0.0,0.21215808391571045,0.5261592268943787,0.26168274879455566
2025-02-19,0.001074591651558876,0.9982438087463379,0.0006815986125729978,0.0014159893530178477,0.9973136446707406,0.00127036597624163,0.01784449685237469,0.9598043888176618,0.022351114329963624,0.0,0.96,0.04,0.2000143676996231,0.57039874792099,0.2295868694782257
2025-02-20,0.9491194486618042,0.04091766104102135,0.009962924756109715,0.9085506524356018,0.08509497621792139,0.0063543713464767615,0.49130867814103696,0.4569891340276894,0.051702187831273665,0.64,0.36,0.0,0.1976897418498993,0.5769209861755371,0.2253892421722412
2025-02-21,0.0016433853888884187,0.9905685782432556,0.007788033224642277,0.01754521590564319,0.9485738756655718,0.0338809084287849,0.02504797156471768,0.8604755178724607,0.1144765105628216,0.02,0.88,0.1,0.2293226569890976,0.486848384141922,0.2838290333747864
2025-02-24,0.0011371298460289836,0.989723801612854,0.009139020927250385,0.002942366272234754,0.9736198438907951,0.023437789836970174,0.008092110193983402,0.9503334043831855,0.04157448542283106,0.0,0.92,0.08,0.29024168848991394,0.3860749900341034,0.32368335127830505
2025-02-25,0.003396645188331604,0.988542914390564,0.00806043017655611,0.003564416353284089,0.9780663480739392,0.01836923557277673,0.002905351835356276,0.9761350126099775,0.020959635554666345,0.0,0.94,0.06,0.24514393508434296,0.4632684886455536,0.2915876507759094
2025-02-27,0.0021098440047353506,0.9853090643882751,0.012581135146319866,0.0009306613866900528,0.9583564786464346,0.04071285996687525,0.0038970463333278856,0.963675291641617,0.03242766202505501,0.0,0.9,0.1,0.2634156048297882,0.42766714096069336,0.30891722440719604
2025-02-28,0.0008640717132948339,0.9953750967979431,0.003760836087167263,0.0018310808713727974,0.9908170162624239,0.007351902866203093,0.007467592095974322,0.9517745134778957,0.04075789442613005,0.0,0.96,0.04,0.2642216086387634,0.4506860077381134,0.28509241342544556
2025-03-03,0.001282324898056686,0.99400794506073,0.00470974063500762,0.001278214848680867,0.9917567021952478,0.006965082956071365,0.0038926627745746764,0.9547993772989265,0.0413079599264988,0.04,0.96,0.0,0.2692820131778717,0.4286549687385559,0.30206298828125
2025-03-04,0.0013937483308836818,0.9856180548667908,0.01298825815320015,0.0028735294951432126,0.965277152702305,0.03184931780255189,0.006727322925021199,0.9593601026885111,0.03391257438646771,0.02,0.88,0.1,0.29289183020591736,0.36215394735336304,0.344954252243042
2025-03-05,0.0012614261358976364,0.9916540384292603,0.007084490731358528,0.004207242796954463,0.9736143667902015,0.022178390412844192,0.007514430882948972,0.8801442939146413,0.11234127520240975,0.0,1.0,0.0,0.27938589453697205,0.37169232964515686,0.34892183542251587
2025-03-06,0.0012080782325938344,0.9762648940086365,0.022526957094669342,0.005757599800071478,0.9275696701908868,0.06667273000904171,0.007392188757986992,0.7702163801679128,0.2223914310741002,0.02,0.88,0.1,0.2561683654785156,0.3950096368789673,0.3488219678401947
2025-03-07,0.000865109555888921,0.9653922319412231,0.03374264016747475,0.007113339560191353,0.8955972555118906,0.09728940492791802,0.006388590103054658,0.6819828694068589,0.31162854049008654,0.0,0.74,0.26,0.27733123302459717,0.34421098232269287,0.3784577548503876
2025-03-10,0.0012898052809759974,0.027921903878450394,0.970788300037384,0.0016765729945725427,0.04393704245137707,0.9543863845540504,0.004943459169845464,0.09761895723453615,0.8974375835956185,0.0,0.08,0.92,0.2734871506690979,0.34507742524147034,0.38143545389175415
2025-03-11,0.0003053205437026918,0.011124207638204098,0.988570511341095,0.0011810748574226256,0.03107057792766729,0.9677483472149101,0.005200995643855596,0.11605764963109678,0.8787413547250476,0.0,0.1,0.9,0.30065208673477173,0.3061303198337555,0.39321765303611755
2025-03-12,0.00022328304476104677,0.0019318212289363146,0.997844934463501,0.0011662327710136454,0.014240138230619346,0.9845936289983669,0.00471391155440324,0.03228559986065103,0.9630004885849458,0.0,0.04,0.96,0.3122454881668091,0.3042912781238556,0.3834632337093353
2025-03-13,0.00040549933328293264,0.02501540817320347,0.9745791554450989,0.0009638835467110963,0.07045286533396602,0.9285832511193228,0.006446964001729489,0.1519004339854895,0.841652602012781,0.02,0.14,0.84,0.2919984757900238,0.3534446656703949,0.3545569181442261
2025-03-17,0.003935256507247686,0.02686874382197857,0.9691959619522095,0.003699892319220513,0.06548801368394304,0.9308120939968365,0.029130156821733682,0.13732640001059915,0.8335434431676673,0.1,0.12,0.78,0.24303729832172394,0.4670516848564148,0.2899109721183777
2025-03-18,0.0020300792530179024,0.017276231199502945,0.9806937575340271,0.0024990568849655496,0.03576425117564515,0.9617366919393893,0.020320126753101644,0.10749166774397283,0.8721882055029256,0.0,0.14,0.86,0.22017893195152283,0.5126387476921082,0.2671823799610138
2025-03-19,0.00242956867441535,0.016815992072224617,0.9807544946670532,0.004498039538195233,0.061939357980162285,0.9335626024816424,0.020746961877913864,0.1892713115559203,0.7899817265661658,0.02,0.12,0.86,0.1954072266817093,0.5631277561187744,0.2414650321006775
2025-03-20,0.005576076917350292,0.03457885608077049,0.9598450660705566,0.004840725761290105,0.05601256963325028,0.9391467046054597,0.03292127241330201,0.18097378586074497,0.786104941725953,0.02,0.18,0.8,0.1926596611738205,0.573974609375,0.2333657294511795
2025-03-21,0.007112061604857445,0.9887949228286743,0.004092943388968706,0.017735600220346676,0.9689278794203875,0.013336520359265965,0.057935944647536354,0.8414664713068192,0.10059758404564448,0.0,0.88,0.12,0.205479696393013,0.553432822227478,0.24108752608299255
2025-03-24,0.0007868523243814707,0.9985499978065491,0.0006631466676481068,0.00522448300392539,0.991798413231974,0.0029771037641006383,0.02677821442480644,0.9551528952355876,0.01806889033960613,0.0,0.98,0.02,0.18928323686122894,0.5870596170425415,0.22365713119506836
2025-03-25,0.005204268731176853,0.9929306507110596,0.001865076133981347,0.010512188370409273,0.98353918102418,0.005948630605410796,0.02232621177040111,0.9524043281527634,0.025269460076835466,0.1,0.9,0.0,0.20380710065364838,0.5602327585220337,0.23596011102199554
2025-03-26,0.013563579879701138,0.9840161800384521,0.00242021307349205,0.03905670811204675,0.9546541710477676,0.006289120840185489,0.03299704966211856,0.9501507191413722,0.016852231196509124,0.04,0.96,0.0,0.2692517340183258,0.4466492831707001,0.28409889340400696
2025-03-27,0.029508395120501518,0.9690378308296204,0.001453729229979217,0.08083659684637345,0.9151845644787512,0.003978838674875427,0.0739763490847113,0.9035611737176826,0.022462477197606058,0.1,0.9,0.0,0.2815383970737457,0.43679019808769226,0.2816714942455292
2025-03-28,0.9499024748802185,0.04192213714122772,0.00817530881613493,0.8959422893380403,0.09991061364258885,0.004147097019370794,0.6904980151594902,0.2787779792270739,0.030724005613435863,0.78,0.22,0.0,0.2603854537010193,0.4622107744216919,0.2774037718772888
2025-04-01,0.012689263559877872,0.9862561821937561,0.001054544816724956,0.04208803403551843,0.9542602475752199,0.003651718389261626,0.0959023941963614,0.8668161073238521,0.037281498479786714,0.14,0.86,0.0,0.31242647767066956,0.38939374685287476,0.29817986488342285
2025-04-02,0.9615998864173889,0.03276049718260765,0.0056396592408418655,0.9141813393003128,0.0832648983358499,0.0025537623638373797,0.6994004284152782,0.25264759146413274,0.047951980120589065,0.7,0.28,0.02,0.26168760657310486,0.48374152183532715,0.2545708417892456
2025-04-03,0.009233422577381134,0.9877141714096069,0.0030524434987455606,0.01767614595394871,0.9734262783495935,0.00889757569645778,0.04509966466530579,0.9070281775675506,0.047872157767143625,0.08,0.9,0.02,0.20661421120166779,0.5533460974693298,0.24003978073596954
2025-04-04,0.016081033274531364,0.9754040837287903,0.008514801040291786,0.03062442181055823,0.9477907388385792,0.021584839350862573,0.05167456390485174,0.901005708033494,0.047319728061654194,0.04,0.9,0.06,0.22881381213665009,0.48848578333854675,0.28270041942596436
2025-04-07,0.0030536458361893892,0.015087520703673363,0.9818587899208069,0.004534182270886689,0.052680590578672276,0.942785227150441,0.010617275423795666,0.12867156287836404,0.8607111616978403,0.04,0.18,0.78,0.30765300989151,0.3251570463180542,0.3671899735927582
2025-04-08,0.004414197988808155,0.007976978085935116,0.987608790397644,0.007401485579032647,0.018519672227051975,0.9740788421939155,0.03610085525089132,0.07924201192454193,0.8846571328245666,0.02,0.14,0.84,0.2970380187034607,0.31430578231811523,0.3886561989784241
2025-04-09,0.002388846594840288,0.014466533437371254,0.9831446409225464,0.0069600276666330115,0.03062740310904559,0.9624125692243214,0.026065785226696777,0.08171415503566283,0.8922200597376405,0.06,0.06,0.88,0.30568018555641174,0.34726840257644653,0.34705138206481934
2025-04-11,0.010705837048590183,0.04505767673254013,0.9442364573478699,0.006939818047862935,0.09182133037652747,0.9012388515756096,0.014720841216295414,0.19796756485045344,0.7873115939332511,0.22,0.3,0.48,0.25967901945114136,0.478414386510849,0.26190653443336487
2025-04-15,0.013089257292449474,0.02855698950588703,0.9583536982536316,0.01753587384371027,0.09278482485878574,0.8896793012975039,0.052406017019872436,0.18674051145990672,0.7608534715202209,0.08,0.2,0.72,0.19759199023246765,0.6156277656555176,0.1867801994085312
2025-04-16,0.004110081121325493,0.04251028969883919,0.9533796310424805,0.004321622060819695,0.05381436844129245,0.9418640094978878,0.04520863132136829,0.3217730385689682,0.6330183301096635,0.0,0.16,0.84,0.21236765384674072,0.5465469360351562,0.24108533561229706
2025-04-17,0.0034579935017973185,0.9936404824256897,0.002901514759287238,0.009620206757782041,0.987987421080963,0.0023923721612549454,0.03286190644326245,0.9519019492622096,0.0152361442945281,0.02,0.88,0.1,0.21483567357063293,0.5571579337120056,0.22800642251968384
2025-04-21,0.005080911796540022,0.9763256907463074,0.01859341189265251,0.01231452115443672,0.9461669938158725,0.0415184850296907,0.03877266840459931,0.866707805607328,0.0945195259880726,0.0,0.8,0.2,0.21591216325759888,0.5447531938552856,0.23933467268943787
2025-04-22,0.005794270429760218,0.9914484024047852,0.002757387002930045,0.011382062629190405,0.9816355577984055,0.006982379572404016,0.05493999489481143,0.9127313044672087,0.03232870063797996,0.02,0.9,0.08,0.21933123469352722,0.5384418964385986,0.24222682416439056
2025-04-23,0.015990933403372765,0.9779127836227417,0.006096315570175648,0.03500596722026146,0.9611060558653478,0.0038879769143905264,0.03833922814424341,0.9519770879478748,0.009683683907881652,0.04,0.84,0.12,0.2456352561712265,0.4959385395050049,0.2584261894226074
2025-04-24,0.013048794120550156,0.9844582080841064,0.0024929700884968042,0.037347810965533634,0.9598876841960396,0.002764504838426695,0.031230256307266235,0.9641445226570873,0.004625221035646642,0.08,0.92,0.0,0.20195657014846802,0.5896357893943787,0.20840765535831451
2025-04-25,0.005158425774425268,0.9943634271621704,0.0004781887400895357,0.06981181442620493,0.9238088473774692,0.006379338196325823,0.07790927986190878,0.9176750171528519,0.004415702985239425,0.06,0.92,0.02,0.22571007907390594,0.5492055416107178,0.2250843644142151
2025-04-28,0.9304313659667969,0.06263197958469391,0.006936629302799702,0.7715067019554264,0.22287106614109578,0.005622231903477993,0.7659773116249324,0.2189049776134015,0.015117710761666068,0.64,0.28,0.08,0.19230900704860687,0.6171227693557739,0.19056819379329681
2025-04-29,0.02402975969016552,0.9750238656997681,0.000946348940487951,0.038504997201865315,0.9571000271657506,0.004394975632384121,0.09494856218625931,0.8977816992596526,0.0072697385540880476,0.16,0.84,0.0,0.20807227492332458,0.5860272645950317,0.20590044558048248
2025-04-30,0.04849359020590782,0.9484288096427917,0.0030776557978242636,0.06963389280419219,0.9279023642867813,0.0024637429090266258,0.12564480824780663,0.8695935783454306,0.004761613406762588,0.14,0.86,0.0,0.194655179977417,0.6057206392288208,0.1996242105960846
2025-05-02,0.9200498461723328,0.07557910680770874,0.004370976239442825,0.8142927207823754,0.1829919965593269,0.0027152826582977404,0.5883858098457172,0.4036824649003031,0.007931725253979598,0.66,0.34,0.0,0.22344522178173065,0.5399244427680969,0.23663045465946198
2025-05-05,0.021049490198493004,0.9772832989692688,0.001667157863266766,0.07168429237421156,0.9254455993457682,0.002870108280020298,0.13815194552022034,0.8568025940879876,0.005045460391791984,0.3,0.7,0.0,0.2042897790670395,0.5690400004386902,0.22667013108730316
2025-05-06,0.0030723419040441513,0.996661901473999,0.00026579215773381293,0.01715996088627359,0.9816830840801172,0.0011569550336092414,0.04297382801918378,0.9475250736043199,0.009501098376496259,0.06,0.92,0.02,0.24822506308555603,0.4859575033187866,0.26581740379333496
2025-05-07,0.007462955079972744,0.9919061660766602,0.0006308694719336927,0.0261997031899289,0.9719262873192202,0.001874009490850881,0.03056195370305167,0.9474444360185655,0.021993610278382873,0.04,0.96,0.0,0.23833979666233063,0.5128354430198669,0.24882476031780243
2025-05-08,0.006420011632144451,0.9919834733009338,0.001596579677425325,0.009728789571329723,0.98646698352878,0.0038042268998901988,0.018556137192480674,0.9675254594979392,0.01391840330958014,0.04,0.96,0.0,0.2559932768344879,0.4857129752635956,0.2582937180995941
2025-05-09,0.008573425933718681,0.026176128536462784,0.9652503728866577,0.004372058768711181,0.06436840401514558,0.9312595372161433,0.01979612748446579,0.24660203174249173,0.7336018407730425,0.02,0.28,0.7,0.3193182945251465,0.4033876657485962,0.27729395031929016
2025-05-12,0.0029239607974886894,0.9922329187393188,0.0048431712202727795,0.004281403853367172,0.985792488906316,0.009926107240316912,0.04120013982332142,0.9360777213038236,0.02272213887285508,0.0,0.98,0.02,0.24668337404727936,0.5347840189933777,0.21853256225585938
2025-05-13,0.002170715481042862,0.991974413394928,0.00585487624630332,0.005013076894622085,0.9747546545010253,0.0202322686043526,0.01461941693148305,0.9680748774673006,0.017305705601216557,0.02,0.98,0.0,0.2486317753791809,0.5270383954048157,0.224329873919487
2025-05-14,0.008602551184594631,0.9835250377655029,0.00787242129445076,0.008946616370353058,0.9756836113610711,0.015369772268575886,0.009900524333672117,0.9798833055287528,0.010216170137575184,0.16,0.84,0.0,0.24513912200927734,0.5296023488044739,0.2252584993839264
2025-05-15,0.0037303841672837734,0.9909324645996094,0.005337172653526068,0.005563711897910427,0.979679305790991,0.014756982311098425,0.014688182503638935,0.9658310761180647,0.01948074137829646,0.0,0.98,0.02,0.20521171391010284,0.5973943471908569,0.19739387929439545
2025-05-16,0.0018436985556036234,0.9958561062812805,0.002300131833180785,0.0018691914416270098,0.9914142001805002,0.00671660837787285,0.002570690328619203,0.9943054870902686,0.003123822581112162,0.0,1.0,0.0,0.12540298700332642,0.7263821959495544,0.14821478724479675
2025-05-19,0.000903060135897249,0.9960499405860901,0.0030469982884824276,0.0007777679393159535,0.9986260724392853,0.0005961596213989692,0.003403599383766051,0.9933143957007441,0.0032820049154899406,0.0,1.0,0.0,0.16804710030555725,0.6459003686904907,0.18605248630046844
2025-05-20,0.0010672245407477021,0.9963862895965576,0.002546456176787615,0.0023315061626723315,0.9944419478855333,0.003226545951794396,0.004030200207775424,0.9857332121933394,0.010236587598885242,0.0,1.0,0.0,0.1831577569246292,0.605297863483429,0.21154431998729706
2025-05-21,0.0002953879302367568,0.9972039461135864,0.0025006651412695646,0.0009977170437035841,0.9945798995734363,0.004422383382860188,0.0034806182392469955,0.9700558221651553,0.026463559595597798,0.0,1.0,0.0,0.20264136791229248,0.5492029786109924,0.2481555938720703
2025-05-22,9.821568528423086e-05,0.9986860156059265,0.0012157356832176447,0.0005757767608608846,0.996729731761354,0.0026944914777849204,0.002592497976651417,0.9699134277122049,0.027494074311143653,0.0,1.0,0.0,0.21860051155090332,0.5108960866928101,0.27050334215164185
2025-05-23,0.000683762482367456,0.9925037622451782,0.006812451872974634,0.0013981275455507676,0.9883848870422124,0.01021698541223682,0.004804420063670572,0.9593786417751915,0.03581693816113797,0.0,0.96,0.04,0.21637661755084991,0.5176604986190796,0.26596277952194214
2025-05-26,0.001108566066250205,0.9959717392921448,0.0029196436516940594,0.002015409468932444,0.9879767630771493,0.010007827453918225,0.0068544728996665595,0.9674750869785091,0.025670440121824203,0.0,0.98,0.02,0.19293271005153656,0.5582170486450195,0.24885019659996033
2025-05-27,0.0018027026671916246,0.990709662437439,0.007487709634006023,0.0014354241535568218,0.995914612145876,0.0026499637005671624,0.004659853154407367,0.9642553151786518,0.031084831666941017,0.02,0.98,0.0,0.15170125663280487,0.6532645225524902,0.1950341761112213
2025-05-28,0.00024179124739021063,0.9986168146133423,0.0011413608444854617,0.0006938841965528746,0.9977794595957447,0.0015266562077025135,0.006411457819074714,0.9686721090936321,0.024916433087293303,0.0,1.0,0.0,0.16391761600971222,0.6251125335693359,0.21096985042095184
2025-05-29,0.0011379331117495894,0.9982171654701233,0.0006448235362768173,0.0014095849166619661,0.9973111161227354,0.0012792989606026266,0.010036384125797734,0.9780912610327809,0.011872354841421393,0.04,0.94,0.02,0.09863832592964172,0.7716779708862305,0.12968377768993378
2025-05-30,0.0018842356512323022,0.996634304523468,0.001481477520428598,0.0018635974887731331,0.9963836756540478,0.0017527268571788975,0.0029859060613946515,0.9897317697416395,0.00728232419696587,0.0,0.96,0.04,0.1080220490694046,0.7519622445106506,0.14001576602458954
2025-06-02,0.0012475557159632444,0.9970927238464355,0.0016597002977505326,0.0022936758329845934,0.9954532472955125,0.0022530768715028327,0.005338953613861723,0.9889309842094125,0.0057300621767258034,0.0,1.0,0.0,0.12805993854999542,0.7214189767837524,0.15052102506160736
2025-06-03,0.0015158012975007296,0.9969231486320496,0.0015610689297318459,0.0031035719606033007,0.9930171563131035,0.0038792717262931915,0.0071482470990342755,0.9833020048241814,0.009549748076784468,0.0,1.0,0.0,0.14780056476593018,0.678350031375885,0.17384949326515198
2025-06-04,0.00125877745449543,0.9950359463691711,0.0037052768748253584,0.0029435142692846965,0.9798192478773484,0.017237237853366817,0.011586978024188413,0.9761919273388809,0.012221094636930791,0.0,0.96,0.04,0.12463752180337906,0.7283821702003479,0.14698030054569244
2025-06-05,0.0016691730124875903,0.9957687854766846,0.0025620446540415287,0.00508437442319814,0.9856812456473081,0.009234379929493849,0.010545948576843597,0.9790783214350373,0.010375729988119175,0.02,0.96,0.02,0.14236050844192505,0.6931411623954773,0.16449828445911407
2025-06-06,0.00021023301815148443,0.9994819760322571,0.0003078720474150032,0.0011164644031756172,0.996328563782635,0.0025549718141892447,0.0023626155716363843,0.9903618749601536,0.00727550946821019,0.0,0.98,0.02,0.16286571323871613,0.6598132848739624,0.17732103168964386
2025-06-09,0.0004709771310444921,0.9976389408111572,0.0018901334842666984,0.0012475179913010142,0.9950516277346098,0.003700854274089372,0.002684201157456081,0.9771969026147889,0.020118896227755048,0.0,1.0,0.0,0.152993306517601,0.6780622005462646,0.16894450783729553
2025-06-10,0.0005115937092341483,0.9977825284004211,0.001705865259282291,0.0012425624683465952,0.9964191156710908,0.0023383218605624654,0.002891363396675324,0.9837394613228109,0.013369175280513783,0.0,1.0,0.0,0.16495205461978912,0.6476024985313416,0.1874454915523529
2025-06-11,0.000464460754301399,0.9985300302505493,0.0010054861195385456,0.0028990687263724282,0.98927389079751,0.007827040476117412,0.00393000136717484,0.9838192306514512,0.012250767981373945,0.0,1.0,0.0,0.1643461287021637,0.6506120562553406,0.18504177033901215
2025-06-12,0.0007655743393115699,0.9973499774932861,0.0018844094593077898,0.0030965776804366373,0.9947310619192714,0.0021723604002919215,0.0034139595103131236,0.9923741185031248,0.00421192198656215,0.0,1.0,0.0,0.13682770729064941,0.7047911882400513,0.1583811193704605
2025-06-13,0.002941577462479472,0.9911619424819946,0.005896422080695629,0.011323267443639984,0.9662773706074324,0.022399361948927582,0.0100832374775485,0.9744724637164377,0.015444298806013754,0.0,0.94,0.06,0.21498867869377136,0.5662392377853394,0.2187720537185669
2025-06-16,0.0009726191055960953,0.99558025598526,0.003447170602157712,0.0049904861627962285,0.9854009529994425,0.009608560837761302,0.004640518058688451,0.9808794793338932,0.014480002607418227,0.0,1.0,0.0,0.19372962415218353,0.6118404865264893,0.19442999362945557
2025-06-17,0.005178308114409447,0.9881636500358582,0.006658048368990421,0.018061296982885163,0.9460398303662578,0.03589887265085704,0.010882160615363711,0.9726088225556053,0.016509016829030977,0.04,0.94,0.02,0.20733177661895752,0.5880582928657532,0.2046099752187729
2025-06-18,0.0013903409708291292,0.9811805486679077,0.01742907427251339,0.009869340023626045,0.9392153985982294,0.05091526137814441,0.01088998929550055,0.9233832661148501,0.06572674458964939,0.0,0.9,0.1,0.18527325987815857,0.6249435544013977,0.1897832155227661
2025-06-19,0.011133119463920593,0.0402539037168026,0.9486129283905029,0.006161864520452122,0.12179682405767511,0.8720413114218727,0.035527080735019874,0.39845848457894945,0.5660144346860306,0.02,0.32,0.66,0.198327898979187,0.60370934009552,0.197962686419487
2025-06-20,0.008649920113384724,0.059311725199222565,0.9320383667945862,0.0066978067421490555,0.13199869014499166,0.8613035031128594,0.05491602223263387,0.39844179689334774,0.5466421808740183,0.02,0.38,0.6,0.19405296444892883,0.6028780341148376,0.20306894183158875
2025-06-23,0.0025254040956497192,0.07963696122169495,0.9178376197814941,0.002670867404031026,0.12131496209232828,0.8760141705036406,0.01058196873568322,0.6788173948780797,0.3106006363862372,0.0,0.34,0.66,0.1299307942390442,0.7116802334785461,0.15838900208473206
2025-06-24,0.002204732969403267,0.9952130317687988,0.002582268789410591,0.0018601305313565735,0.9891968277816265,0.008943041687016894,0.006642523229691603,0.9753907381569902,0.01796673861331821,0.0,0.94,0.06,0.11252393573522568,0.7427563667297363,0.1447196751832962
2025-06-25,0.0006194449379108846,0.997599184513092,0.001781420549377799,0.0024449847767958693,0.9869340126872238,0.010621002535980448,0.005926057260360832,0.9803050798650459,0.01376886287459336,0.0,1.0,0.0,0.10845353454351425,0.7483386397361755,0.14320790767669678
2025-06-26,0.0007337604183703661,0.9980669617652893,0.0011992574436590075,0.0011764515103589027,0.9964405211134454,0.002383027376195668,0.001327806055623007,0.9962163972935573,0.002455796650819726,0.0,1.0,0.0,0.1029241681098938,0.7607879638671875,0.13628779351711273
2025-06-27,0.00036031563649885356,0.9977989792823792,0.0018407133175060153,0.000661931930155003,0.9977064529630342,0.0016316151068109337,0.002142365403038519,0.9934637351318469,0.004393899465114417,0.0,1.0,0.0,0.11263526976108551,0.7406179904937744,0.14674679934978485
2025-06-30,0.0003015794209204614,0.9985939860343933,0.0011043959530070424,0.0011884153027690533,0.9967253109799319,0.0020862737172989724,0.005179630209535312,0.985416297310467,0.009404072479997678,0.0,1.0,0.0,0.11460825055837631,0.7386794090270996,0.14671236276626587
2025-07-01,0.0013328730128705502,0.998102605342865,0.000564596033655107,0.0018529320463979877,0.9977837899436872,0.00036327800991485634,0.009846917112437946,0.9826967794889223,0.007456303398639765,0.0,0.98,0.02,0.14618386328220367,0.681492269039154,0.17232385277748108
2025-07-02,0.0009693833999335766,0.9987581968307495,0.0002724803925957531,0.002191724628892861,0.9974813069273677,0.00032696844373936076,0.013018098010705746,0.9836330956044155,0.0033488063848789145,0.02,0.98,0.0,0.15614932775497437,0.6691586971282959,0.17469200491905212
2025-07-03,0.0005829953588545322,0.9988625049591064,0.00055450270883739,0.002229185683644887,0.9964927295677853,0.001278084748569828,0.0036744035020836157,0.9901953979547773,0.006130198543139047,0.0,1.0,0.0,0.1739027351140976,0.635820746421814,0.19027657806873322
2025-07-04,0.00019711055210791528,0.9990506768226624,0.0007522341911680996,0.0009676829868160958,0.9978331097571876,0.0011992072559962488,0.002205077283824445,0.990862973290109,0.006931949426066579,0.0,1.0,0.0,0.17102599143981934,0.6402150392532349,0.1887589991092682
2025-07-07,0.0001899780472740531,0.9995513558387756,0.00025863340124487877,0.000740858106681031,0.9984860351976151,0.0007731066957038327,0.005150450245558046,0.9886523376465933,0.006197212107848617,0.0,1.0,0.0,0.1989040970802307,0.586884081363678,0.21421179175376892
2025-07-08,0.0010403877822682261,0.9986090064048767,0.0003506929788272828,0.00196265064270931,0.9975389880712904,0.0004983612860003958,0.013526619849241705,0.9802834145721793,0.006189965578578983,0.04,0.96,0.0,0.2045649290084839,0.5731396079063416,0.22229546308517456
2025-07-09,0.0005174569087103009,0.999277651309967,0.00020487014262471348,0.0025621594462824086,0.995075688117297,0.0023621524364205904,0.00648751421853606,0.9885389501881673,0.0049735355932966595,0.02,0.96,0.02,0.14880169928073883,0.6813758015632629,0.16982252895832062
2025-07-10,0.0016791543457657099,0.9979140162467957,0.00040686142165213823,0.002200970700323227,0.996957999152794,0.0008410301468828111,0.005097893363331657,0.9911701209611048,0.003731985675563411,0.02,0.98,0.0,0.14764657616615295,0.6813615560531616,0.170991912484169
2025-07-11,0.0017987109022215009,0.9973031282424927,0.000898131460417062,0.003742983855037508,0.9935853089000983,0.002671707244864225,0.019500869149169254,0.9713986213183329,0.009100509532497946,0.0,0.98,0.02,0.173909530043602,0.6389906406402588,0.18709979951381683
2025-07-14,0.0015071032103151083,0.9911137223243713,0.007379210088402033,0.0011529433012706033,0.9970375897352469,0.001809466963482475,0.0093684726292557,0.9809131596659998,0.009718367704744548,0.02,0.96,0.02,0.15497183799743652,0.6754451990127563,0.16958294808864594
2025-07-15,0.002372588263824582,0.9960175156593323,0.0016098455525934696,0.0030124054954662506,0.9936506412029323,0.003336953301601364,0.004494417291789168,0.9886527143561196,0.00685286835209126,0.02,0.96,0.02,0.15907295048236847,0.6605176329612732,0.18040932714939117
2025-07-16,0.004652812145650387,0.9932732582092285,0.0020739599131047726,0.004416302133065268,0.9928019103700565,0.0027817874968783032,0.005535613759574291,0.9864120059716044,0.008052380268821215,0.04,0.94,0.02,0.17406563460826874,0.6317004561424255,0.19423392415046692
2025-07-17,0.004043438471853733,0.9936556816101074,0.002300937194377184,0.006777804533980915,0.9886463969097508,0.004575798556268297,0.005959268636801999,0.9900348990690908,0.004005832294107149,0.02,0.98,0.0,0.19117151200771332,0.6030031442642212,0.2058252990245819
2025-07-18,0.002261414425447583,0.9950177073478699,0.0027209168765693903,0.004713215744766862,0.9908304052104759,0.004456379044757237,0.008616441594775053,0.9790919580498133,0.012291600355411695,0.04,0.92,0.04,0.1994471698999405,0.588718593120575,0.21183426678180695
2025-07-21,0.0010658911196514964,0.9981801509857178,0.0007539812359027565,0.004337398489497116,0.9930107505525142,0.0026518509579886726,0.057593408152592354,0.9178643971737003,0.024542194673707458,0.0,1.0,0.0,0.1745234727859497,0.6356697082519531,0.1898067742586136
2025-07-22,0.002451399341225624,0.9968613386154175,0.0006872880039736629,0.0031276980257392457,0.996082954564876,0.000789347409384773,0.03670158060485102,0.9349353872128686,0.02836303218228029,0.0,1.0,0.0,0.14939534664154053,0.6853222846984863,0.16528239846229553
2025-07-23,0.0009221889195032418,0.9985724687576294,0.0005052805645391345,0.001361568687274681,0.9969286670516092,0.001709764261116179,0.013674691276610002,0.9779291020645442,0.0083962066588458,0.02,0.98,0.0,0.14890602231025696,0.6847088932991028,0.16638505458831787
2025-07-24,0.0005846967687830329,0.9991218447685242,0.0002935117809101939,0.0011274627786443143,0.9979916248504904,0.0008809123708652376,0.01879955656545144,0.9638573016027958,0.01734314183175291,0.0,1.0,0.0,0.1573408842086792,0.6670651435852051,0.17559392750263214
2025-07-25,0.00046770661720074713,0.9988314509391785,0.0007008591201156378,0.0009195591912383852,0.9980247388962125,0.0010557019125490693,0.007718214322288841,0.9863379678070711,0.005943817870640107,0.04,0.96,0.0,0.1582389771938324,0.6561223864555359,0.1856386661529541
2025-07-28,0.0011639459989964962,0.9937654733657837,0.005070601124316454,0.0025616338160795705,0.9886165125712454,0.008821853612675052,0.00537670384878863,0.983832497552082,0.010790798599129459,0.04,0.96,0.0,0.2267337292432785,0.5359073281288147,0.2373589277267456
2025-07-29,0.0006606432143598795,0.9981206059455872,0.0012187791289761662,0.0020333304919792333,0.9969272123862924,0.0010394571217284354,0.012630041376894033,0.9746662758539776,0.0127036827691284,0.0,0.98,0.02,0.2408834993839264,0.5281815528869629,0.2309349775314331
2025-07-30,0.0008156030671671033,0.9981915354728699,0.0009928240906447172,0.0021645656070736325,0.9968429859877026,0.000992448405223782,0.016652155500442592,0.9774417474989694,0.0059060970005880365,0.0,0.98,0.02,0.25688809156417847,0.506315290927887,0.23679658770561218
2025-07-31,0.002460567047819495,0.9954332113265991,0.00210630614310503,0.005576017451939405,0.9849810361382242,0.00944294640983626,0.02027685819891455,0.9657038550990865,0.01401928670199899,0.02,0.96,0.02,0.24287940561771393,0.5291005373001099,0.22802002727985382
2025-08-01,0.0013133883476257324,0.9971946477890015,0.0014919673558324575,0.004208887043040904,0.993864087093474,0.0019270258634851612,0.016211759292360305,0.972484310679167,0.011303930028472499,0.02,0.94,0.04,0.24294963479042053,0.5134486556053162,0.24360176920890808
2025-08-04,0.0012481685262173414,0.9975112676620483,0.00124053331092,0.001989277332046433,0.997485699973755,0.0005250226941985919,0.015827908700414648,0.9770153976879007,0.007156693611684704,0.06,0.92,0.02,0.21134556829929352,0.5623814463615417,0.22627300024032593
2025-08-05,0.0019182492978870869,0.9944186210632324,0.0036631871480494738,0.00904098674327016,0.9822177930073847,0.008741220249345247,0.0067045897633935215,0.9726155885883399,0.020679821648266584,0.08,0.8,0.12,0.23982571065425873,0.5052711963653564,0.25490307807922363
2025-08-06,0.0013019709149375558,0.9969609379768372,0.0017370508285239339,0.002295087686020712,0.9969149380103142,0.0007899743036650658,0.011960796611267706,0.9715295427544183,0.016509660634313948,0.0,0.92,0.08,0.1989830732345581,0.5712368488311768,0.22978004813194275
2025-08-07,0.008465112186968327,0.9787278771400452,0.012807073071599007,0.02483271370830945,0.9527512373404421,0.022416048951248588,0.04085816962785792,0.9097612299000518,0.049380600472090246,0.02,0.9,0.08,0.1844688504934311,0.5841444730758667,0.2313866913318634
2025-08-08,0.0022911992855370045,0.9966261386871338,0.0010826410725712776,0.007811591923252038,0.9880290194182868,0.004159388658461055,0.007221902216340446,0.9775351497234859,0.0152429480601736,0.04,0.92,0.04,0.22876983880996704,0.5118916034698486,0.2593385875225067
2025-08-11,0.007100431248545647,0.991443932056427,0.0014556451933458447,0.019405255505030923,0.9760644583520233,0.004530286142945852,0.029488105689769405,0.9550499982982089,0.01546189601202178,0.06,0.94,0.0,0.2386232316493988,0.4936316907405853,0.26774510741233826
2025-08-12,0.002269504824653268,0.9972199201583862,0.0005105309537611902,0.011036416422194342,0.9858703698501795,0.003093213727626121,0.00899782328514752,0.9772496756182363,0.013752501096616106,0.02,0.98,0.0,0.234803706407547,0.4999511241912842,0.26524513959884644
2025-08-13,0.0014758688630536199,0.9979873895645142,0.0005367501871660352,0.00919515836973994,0.988433970977808,0.0023708706524520244,0.01390694964077684,0.9777674451238456,0.008325605235377663,0.02,0.96,0.02,0.21355225145816803,0.5416473150253296,0.2448004186153412
2025-08-14,0.005876189563423395,0.9936475157737732,0.0004762423923239112,0.042869747372973624,0.9531448433973897,0.003985409229636738,0.037058291006268916,0.9502649294071616,0.012676779586569582,0.1,0.86,0.04,0.20269975066184998,0.5631351470947266,0.23416514694690704
2025-08-18,0.02051197551190853,0.9771727919578552,0.002315218560397625,0.04372149229102572,0.940393535421318,0.01588497228765635,0.07905143136914436,0.9076747118741147,0.013273856756740789,0.14,0.84,0.02,0.19863168895244598,0.5697576999664307,0.23161061108112335
2025-08-19,0.9844485521316528,0.013889450579881668,0.0016620681853964925,0.9626717085342155,0.029356255668221923,0.007972035797562498,0.9011818567409628,0.07937869926262403,0.01943944399641312,0.8,0.16,0.04,0.2007647007703781,0.5613694190979004,0.23786592483520508
2025-08-20,0.9867058396339417,0.007796814665198326,0.005497349426150322,0.968991054416223,0.017175130821706294,0.01383381476207072,0.9260681361182976,0.05007553254148963,0.023856331340212776,0.72,0.22,0.06,0.2047993391752243,0.5450770854949951,0.2501235008239746
2025-08-21,0.9731518626213074,0.01809910126030445,0.008749011904001236,0.9108564172392248,0.0737712227932167,0.015372359967558457,0.865199062049262,0.09344359734662724,0.04135734060411075,0.72,0.24,0.04,0.19244951009750366,0.565418541431427,0.24213188886642456
2025-08-22,0.9635505080223083,0.023586763069033623,0.012862742878496647,0.9176148628661813,0.05322040936549811,0.029164727768320516,0.8257721967966056,0.14155316187999065,0.032674641323403746,0.72,0.2,0.08,0.18138732016086578,0.600444495677948,0.21816818416118622
2025-08-25,0.9546806812286377,0.0337834432721138,0.011535870842635632,0.931451499909221,0.05399299832779515,0.014555501762983801,0.8676941453844131,0.1036575274257124,0.028648327189874503,0.78,0.2,0.02,0.1976040005683899,0.5765948295593262,0.2258012443780899
2025-08-26,0.032054901123046875,0.959911584854126,0.008033459074795246,0.06211388221147135,0.9202554354600049,0.01763068232852362,0.07988639457454505,0.8944081812107938,0.025705424214661064,0.08,0.88,0.04,0.25080606341362,0.49795612692832947,0.25123780965805054
2025-08-28,0.004673283081501722,0.9896087050437927,0.005718063563108444,0.012992610652994828,0.9830596352186728,0.003947754128332288,0.04090915533855191,0.9339250642360255,0.025165780425422758,0.08,0.88,0.04,0.29593801498413086,0.4431012272834778,0.26096078753471375
2025-08-29,0.0065836552530527115,0.9899571537971497,0.003459176979959011,0.013507745392924255,0.9817142398910972,0.0047780147159785435,0.060858878233694964,0.9076178037466619,0.031523318019643254,0.04,0.94,0.02,0.33521464467048645,0.35775506496429443,0.3070303201675415
2025-09-01,0.010733067989349365,0.9860439300537109,0.003222967963665724,0.03037150860189866,0.9628410005229149,0.006787490875186565,0.06837263305628913,0.9114696132665876,0.020157753677123347,0.04,0.92,0.04,0.3263411819934845,0.36954084038734436,0.30411800742149353
2025-09-02,0.017561079934239388,0.9776460528373718,0.004792812280356884,0.029543304974098662,0.9460683891012149,0.02438830592468653,0.07318413903397547,0.9150680426684953,0.011747818297529146,0.06,0.88,0.06,0.3165093958377838,0.37037020921707153,0.31312045454978943
2025-09-03,0.0044340891763567924,0.9941602945327759,0.00140559789724648,0.019155143793083928,0.9773985526054975,0.003446303601418534,0.09475651659574157,0.8947031959470235,0.010540287457234804,0.08,0.86,0.06,0.2774706482887268,0.42515456676483154,0.29737478494644165
2025-09-04,0.0009214863530360162,0.9984080195426941,0.000670544570311904,0.005047196841285121,0.990746375783311,0.004206427375403831,0.03552077113846995,0.9444712679236001,0.02000796093792975,0.04,0.94,0.02,0.2615947723388672,0.44690048694610596,0.291504830121994
2025-09-05,0.010277320630848408,0.9861176609992981,0.003604982513934374,0.009101658860577438,0.9871977029757051,0.003700638163717397,0.04751294380645125,0.8896776445767283,0.06280941161682038,0.02,0.94,0.04,0.24998272955417633,0.46036872267723083,0.28964850306510925
2025-09-08,0.0009178286418318748,0.9985023736953735,0.0005797697813250124,0.005024923119286423,0.9910009913476543,0.0039740855330592205,0.015782449373710216,0.9600882405420144,0.02412931008427539,0.02,0.98,0.0,0.22171273827552795,0.5150401592254639,0.2632471024990082
2025-09-09,0.0011090319603681564,0.9980536699295044,0.0008373376331292093,0.004207869022370463,0.99187310279903,0.003919028178599706,0.012153921098828978,0.9762641926351462,0.011581886266024924,0.02,0.94,0.04,0.18113400042057037,0.5920594930648804,0.22680650651454926
2025-09-10,0.0011820882791653275,0.9986054301261902,0.00021253293380141258,0.010394667679634468,0.9871758642134423,0.0024294681069232855,0.0677737530814229,0.9233071246578864,0.0089191222606907,0.02,0.96,0.02,0.19864778220653534,0.5740063786506653,0.22734592854976654
2025-09-11,0.0005251036491245031,0.9989041090011597,0.0005707507370971143,0.0023368973367571487,0.9961887027742132,0.0014743998890295504,0.02066255678140443,0.972505356278628,0.006832086939967529,0.0,1.0,0.0,0.18177714943885803,0.6000213623046875,0.21820148825645447
2025-09-12,0.0018370997859165072,0.9963722229003906,0.0017906994326040149,0.004456705837421087,0.9883751492839612,0.007168144878617807,0.02267372872464664,0.9616696681057543,0.015656603169599114,0.02,0.98,0.0,0.20342066884040833,0.5669534206390381,0.2296258509159088
2025-09-15,0.002113355789333582,0.9935914874076843,0.004295120015740395,0.0032689331238154075,0.9855316220747902,0.011199444801394415,0.014279344352318762,0.9723312770790166,0.013389378568664644,0.0,1.0,0.0,0.20212313532829285,0.5696358680725098,0.2282409965991974
2025-09-16,0.0025341168511658907,0.9957109689712524,0.0017548853065818548,0.0030618750196887007,0.9936241174402518,0.0033140075400596193,0.012179661031009533,0.9788632020119792,0.00895713695701119,0.0,0.98,0.02,0.1895848959684372,0.594257116317749,0.2161579579114914
2025-09-17,0.0018834065413102508,0.9940102100372314,0.004106447566300631,0.00356684442115975,0.9835489128164261,0.01288424276241428,0.01434900505959143,0.9614570125043431,0.024193982436065506,0.0,0.98,0.02,0.196913480758667,0.5665173530578613,0.23656918108463287
2025-09-18,0.0027394345961511135,0.9946704506874084,0.002590096089988947,0.008555053811935451,0.9825958811122487,0.008849065075815846,0.03998330921409213,0.9284218892848252,0.03159480150108278,0.02,0.96,0.02,0.21985766291618347,0.5263248682022095,0.25381746888160706
2025-09-19,0.0015131684485822916,0.9963586926460266,0.0021281703375279903,0.0016237503434707384,0.9924638376675199,0.00591241198900929,0.0241281342389108,0.9523946238033215,0.023477241957767736,0.0,0.98,0.02,0.2217487096786499,0.5221031904220581,0.256148099899292
2025-09-22,0.00014693646517116576,0.9995383024215698,0.00031483510974794626,0.0005852868443738821,0.9974813642302643,0.0019333489253617728,0.011088532252183434,0.976210369128917,0.012701098618899615,0.0,1.0,0.0,0.2100956290960312,0.5387798547744751,0.2511245310306549
2025-09-23,0.0015025234315544367,0.9979526996612549,0.0005447454168461263,0.006374185278724537,0.991189711913964,0.002436102807311418,0.03988250102991821,0.9278268060855955,0.03229069288448621,0.02,0.98,0.0,0.21454530954360962,0.5364731550216675,0.2489815354347229
2025-09-24,0.0008985230815596879,0.9982185959815979,0.0008828978752717376,0.004930785931902857,0.9911815496370153,0.0038876644310819946,0.030612658533944733,0.9493842629141039,0.020003078551951194,0.0,1.0,0.0,0.25193119049072266,0.48575612902641296,0.2623126804828644
2025-09-25,0.011654665693640709,0.9792475700378418,0.009097721427679062,0.027524885753481502,0.9404691904713071,0.032005923775211324,0.1706793026688876,0.4909482824596869,0.3383724148714255,0.02,0.88,0.1,0.2644486427307129,0.46347469091415405,0.27207672595977783
2025-09-26,0.0021585295908153057,0.03425922989845276,0.9635822772979736,0.007824268827135368,0.06728478944214158,0.924890941730723,0.06647283147653954,0.13608203053985113,0.7974451379836093,0.02,0.14,0.84,0.29694488644599915,0.4204151928424835,0.2826400101184845
2025-09-29,0.0032347128726541996,0.016810966655611992,0.9799543023109436,0.005515327155059275,0.04566191584898827,0.9488227569959524,0.03242222113514982,0.09207453589628443,0.8755032429685657,0.0,0.16,0.84,0.27788323163986206,0.4457246661186218,0.2763921022415161
2025-09-30,0.0024331873282790184,0.027648868039250374,0.9699179530143738,0.004378659100242352,0.033780151479811026,0.9618411894199466,0.02580514629630988,0.2750088745784267,0.6991859791252634,0.04,0.18,0.78,0.24521604180335999,0.4933803677558899,0.26140356063842773
2025-10-01,0.0007599798263981938,0.9888661503791809,0.010373842902481556,0.0029452712203777414,0.9661249857679552,0.030929743011666847,0.012410889014655221,0.8933494048503047,0.09423970613504025,0.0,0.96,0.04,0.18663263320922852,0.5983296632766724,0.21503770351409912
2025-10-03,0.0006600673077628016,0.9935739636421204,0.005765984766185284,0.0043361958955560964,0.9749476565468813,0.02071614755756249,0.009591804387807826,0.9379096281035777,0.052498567508614404,0.0,0.94,0.06,0.18005451560020447,0.6053359508514404,0.21460960805416107
2025-10-06,0.0006678999052383006,0.9855659604072571,0.01376610528677702,0.0026375994063744415,0.9831388098619799,0.014223590731645698,0.005507570350784391,0.96289684754799,0.03159558210122561,0.0,0.96,0.04,0.20737120509147644,0.5597358345985413,0.23289288580417633
2025-10-07,0.0014622387243434787,0.9878139495849609,0.010723860934376717,0.007206062423566522,0.9760513267778816,0.01674261079855197,0.012989929044765026,0.954089141010963,0.03292092994427214,0.0,0.96,0.04,0.21020987629890442,0.5550769567489624,0.23471319675445557
2025-10-08,0.0015885819448158145,0.9900112748146057,0.008400153368711472,0.015157341938812933,0.9651620069423514,0.019680651118835695,0.015010845334706273,0.8973582399599667,0.08763091470532695,0.02,0.84,0.14,0.2123122364282608,0.5522621273994446,0.23542560636997223
2025-10-09,0.007653696928173304,0.03265877813100815,0.9596875905990601,0.017232862781410275,0.07231253479557495,0.9104546024230148,0.03147456128201545,0.4010783104842607,0.5674471282337239,0.0,0.26,0.74,0.22703638672828674,0.5299214720726013,0.24304211139678955
2025-10-10,0.010051572695374489,0.9513670802116394,0.03858136758208275,0.026889720723781096,0.8940841912423684,0.07902608803385062,0.03439791064275657,0.7628311759637715,0.20277091339347195,0.04,0.8,0.16,0.20498469471931458,0.55170077085495,0.24331450462341309
2025-10-13,0.008946667425334454,0.023317398503422737,0.9677359461784363,0.009293945909331004,0.04572371440078114,0.9449823396898878,0.032739189908920635,0.21449247673752567,0.7527683333535538,0.06,0.2,0.74,0.19476544857025146,0.5781769752502441,0.22705750167369843
2025-10-14,0.00794536154717207,0.010104977525770664,0.9819496273994446,0.01474609035633127,0.04072890595491072,0.944525003688758,0.06357276867816092,0.21085267976810357,0.7255745515537355,0.02,0.2,0.78,0.20068854093551636,0.5640980005264282,0.235213503241539
2025-10-15,0.008888042531907558,0.05555109307169914,0.9355608224868774,0.01419704400909475,0.10589751235611965,0.8799054436347855,0.02144769312721164,0.1762192067160928,0.8023331001566955,0.02,0.2,0.78,0.19242723286151886,0.5753111243247986,0.23226170241832733
2025-10-16,0.005286567844450474,0.9891748428344727,0.005538595840334892,0.0063933549934339405,0.9857608538478179,0.007845791158748127,0.02285123279585197,0.9102275967381374,0.06692117046601075,0.04,0.72,0.24,0.16117443144321442,0.6329556703567505,0.20587000250816345
2025-10-17,0.0016702862922102213,0.9971201419830322,0.0012096496066078544,0.005783151639904099,0.9916292240170189,0.0025876243430771164,0.03267812757872578,0.9476981888505196,0.01962368357075462,0.04,0.96,0.0,0.17500002682209015,0.6182226538658142,0.20677731931209564
2025-10-20,0.0013397795846685767,0.998175859451294,0.00048441209946759045,0.005451267071985379,0.9909587748351405,0.003589958092874274,0.02208329485110782,0.9660803957276368,0.011836309421255388,0.0,0.98,0.02,0.17716877162456512,0.6130070090293884,0.20982423424720764
2025-10-21,0.007065997458994389,0.9915615916252136,0.001372421276755631,0.012364643073141437,0.9831279992939459,0.004507357632912568,0.017937204002229954,0.9641554661028023,0.01790732989496789,0.02,0.98,0.0,0.17519809305667877,0.6188115477561951,0.20599038898944855
2025-10-23,0.01108486671000719,0.9871428608894348,0.0017722268821671605,0.026398036956768234,0.9711654042408054,0.0024365588024262007,0.03496854412062713,0.9510917765294926,0.013939679349880232,0.1,0.88,0.02,0.21480560302734375,0.5671156048774719,0.21807877719402313
2025-10-24,0.017857296392321587,0.9788089394569397,0.003333801170811057,0.018054101634108793,0.9752123376538946,0.006733560711996642,0.0886785645925642,0.8897672468035402,0.021554188603895578,0.1,0.86,0.04,0.218906432390213,0.5594542622566223,0.22163935005664825
2025-10-27,0.005542055703699589,0.9932721257209778,0.0011858204379677773,0.024038416235864366,0.970244961427576,0.005716622336559696,0.07525651976635374,0.9066159211664098,0.0181275590672366,0.1,0.9,0.0,0.21598310768604279,0.5683420896530151,0.21567484736442566
2025-10-28,0.009860710240900517,0.988766610622406,0.0013726898469030857,0.04876750280890925,0.9403021678061707,0.010930329384920029,0.0829818675876296,0.8991647652707231,0.017853367141647286,0.08,0.9,0.02,0.2232193648815155,0.56171715259552,0.2150634229183197
2025-10-29,0.010589071549475193,0.9879513382911682,0.00145955930929631,0.03185603043500491,0.9579968509205721,0.010147118644422935,0.05828078347047652,0.9296624880111978,0.012056728518325675,0.06,0.94,0.0,0.21590793132781982,0.574122965335846,0.20996908843517303
2025-10-30,0.005902568809688091,0.9925501346588135,0.0015472645172849298,0.013211124763993215,0.9816497666202428,0.005139108615764008,0.02996465512643124,0.9455343974726734,0.024500947400895385,0.06,0.92,0.02,0.2309352606534958,0.5370678305625916,0.23199692368507385
2025-10-31,0.001512037357315421,0.9981446266174316,0.0003433560486882925,0.002800891670333349,0.9964972803413701,0.0007018279882965544,0.029580635214234072,0.9395861680906475,0.030833196695118532,0.08,0.9,0.02,0.23815971612930298,0.5238183736801147,0.23802189528942108
2025-11-03,0.0030507934279739857,0.9953692555427551,0.0015799077227711678,0.005821724507896509,0.9916697516432229,0.0025085238488804945,0.03874606861203599,0.9232395283145712,0.038014403073392745,0.0,0.96,0.04,0.23711447417736053,0.5200254321098328,0.2428601086139679
2025-11-04,0.0009819440310820937,0.9974641799926758,0.0015538575826212764,0.0032870108853419507,0.993504820959266,0.0032081681553920694,0.03305992144544799,0.9544316657485533,0.012508412805998652,0.04,0.96,0.0,0.23734809458255768,0.5091903805732727,0.2534615695476532
2025-11-06,0.002662867307662964,0.995900571346283,0.0014365557581186295,0.006804199637887814,0.9895193506064631,0.0036764497556489883,0.03134309726419741,0.9533276846329265,0.015329218102876054,0.06,0.94,0.0,0.20372150838375092,0.5670567750930786,0.22922170162200928
2025-11-07,0.0033423462882637978,0.995310366153717,0.001347264158539474,0.009007820715212556,0.987237536487382,0.003754642797405349,0.023419283761574004,0.9699266618066259,0.006654054431800107,0.04,0.96,0.0,0.18413084745407104,0.6009553074836731,0.21491378545761108
2025-11-10,0.002051994437351823,0.996860146522522,0.0010878752218559384,0.007535108686629073,0.9909711489753986,0.0014937423379723007,0.028665904751862665,0.9644628891020391,0.006871206146098283,0.02,0.98,0.0,0.16677920520305634,0.6397350430488586,0.19348567724227905
2025-11-11,0.00037256599171087146,0.9988662004470825,0.0007612097542732954,0.0009795067131259988,0.9978571561760302,0.0011633371108435815,0.003781721935057269,0.993166930340477,0.0030513477244656965,0.0,1.0,0.0,0.16558586061000824,0.6515393257141113,0.18287481367588043
2025-11-12,0.0018200345803052187,0.9918500185012817,0.0063300239853560925,0.004591309922819818,0.9835610992764693,0.011847590800710866,0.015828292827239854,0.9736643737142299,0.01050733345853042,0.0,0.98,0.02,0.13438034057617188,0.7054022550582886,0.16021746397018433
2025-11-13,0.0008526799501851201,0.9974445104598999,0.0017027726862579584,0.0018117670557238885,0.9938900169545862,0.004298215989689892,0.0026568563331281904,0.9932324586460971,0.00411068502077472,0.0,1.0,0.0,0.15660518407821655,0.6592497825622559,0.1841450333595276
2025-11-14,0.0005295391893014312,0.9989594221115112,0.0005110626807436347,0.0013888967278216314,0.9971017194197873,0.001509383852391166,0.001568102658209936,0.9968491551322333,0.001582742209556771,0.0,1.0,0.0,0.16017569601535797,0.6568255424499512,0.18299880623817444
2025-11-17,0.0005111146019771695,0.9985950589179993,0.0008938504615798593,0.0008389887931660423,0.9970170910676842,0.002143920139149697,0.002727207577939758,0.9932637730455046,0.004009019376555587,0.0,1.0,0.0,0.176816925406456,0.6125360727310181,0.21064706146717072
2025-11-18,0.0013172616017982364,0.9951167106628418,0.0035659901332110167,0.0010882203741324939,0.9909120180479258,0.007999761577941689,0.0055054586161095475,0.98006143515588,0.014433106228010672,0.0,0.94,0.06,0.1921083927154541,0.5731335878372192,0.23475804924964905
2025-11-19,0.001462459797039628,0.9962971806526184,0.002240335801616311,0.005750940364951988,0.9754853026914466,0.018763756943601214,0.006770488605539982,0.9841352817315029,0.009094229662957105,0.0,0.98,0.02,0.22133782505989075,0.5206020474433899,0.25806015729904175
2025-11-20,0.0007558836368843913,0.9982942938804626,0.0009498828439973295,0.0013518034525960554,0.9949837131452703,0.00366448340213358,0.016927858097206424,0.9548743254429276,0.028197816459865976,0.0,0.96,0.04,0.2011534720659256,0.5563120245933533,0.24253442883491516
2025-11-21,0.000461192918010056,0.9980182647705078,0.0015205317176878452,0.0011391611033988698,0.9977332787420049,0.0011275601545960201,0.0038758346575976537,0.9864476663861448,0.009676498956257489,0.02,0.96,0.02,0.16896477341651917,0.6188172698020935,0.21221797168254852
2025-11-24,0.00216119596734643,0.9918745160102844,0.005964306183159351,0.005025538202390218,0.99072399628861,0.004250465508999942,0.006488689400229783,0.9760770243884497,0.0174342862113206,0.0,1.0,0.0,0.18576988577842712,0.6118950843811035,0.20233505964279175
2025-11-25,0.00039622458280064166,0.9962382316589355,0.0033655776642262936,0.0008759897951686306,0.9976748098970399,0.001449200307791579,0.0036937856285046726,0.9844842664485602,0.011821947922935007,0.04,0.96,0.0,0.144179105758667,0.6902902126312256,0.16553063690662384
2025-11-26,0.0008773109875619411,0.9982035160064697,0.0009192159050144255,0.0013426186750037097,0.9977023126129384,0.0009550687120578981,0.004871460406192848,0.982752878536288,0.012375661057519034,0.0,1.0,0.0,0.14009051024913788,0.7032723426818848,0.15663711726665497
2025-11-27,0.0016978411003947258,0.997515082359314,0.0007871296838857234,0.002236578186279253,0.9968323914470522,0.0009310303666686356,0.01215166574912831,0.9706441280581793,0.017204206192692407,0.02,0.98,0.0,0.1478499472141266,0.6906473636627197,0.16150258481502533
2025-11-28,0.0011927846353501081,0.9969478249549866,0.0018594146240502596,0.0018597129946023366,0.9895618652099686,0.008578421795429149,0.01857508240851196,0.9669836405041538,0.014441277087334229,0.02,0.98,0.0,0.13763007521629333,0.7128015160560608,0.14956842362880707
2025-12-01,0.0009839341510087252,0.9982910752296448,0.0007249559857882559,0.001950749155676543,0.9968292134969984,0.0012200373473249685,0.005518129851665385,0.9884258700299274,0.006056000118407151,0.0,1.0,0.0,0.145514577627182,0.6894155740737915,0.1650698482990265
2025-12-02,0.0005036679212935269,0.9992555975914001,0.00024067283084150404,0.0011053983340154716,0.9983287291706324,0.000565872495352157,0.002928896348619717,0.993961664451255,0.0031094392001252786,0.02,0.98,0.0,0.1639588475227356,0.6549139618873596,0.18112727999687195
2025-12-03,0.0007646800950169563,0.9986710548400879,0.0005642639007419348,0.0015315774391759425,0.997437437756081,0.001030984804743082,0.0053954597486854956,0.9905439972090408,0.004060543042273579,0.04,0.96,0.0,0.18192781507968903,0.6271800994873047,0.19089210033416748
2025-12-04,0.0024142060428857803,0.9944730401039124,0.0031127261463552713,0.00287788186044257,0.994971145003901,0.0021509731356563282,0.0044793314336175295,0.9862170387025438,0.0093036298638387,0.0,0.98,0.02,0.20369531214237213,0.5874813199043274,0.20882342755794525
2025-12-05,0.000580271182116121,0.998982846736908,0.00043690859456546605,0.0013495871484096064,0.9977753245323053,0.0008750883192851423,0.0040906359329388586,0.9896299088828757,0.00627945518418546,0.04,0.96,0.0,0.18912948668003082,0.6102286577224731,0.20064182579517365
2025-12-08,0.0005402880487963557,0.9983674883842468,0.0010921802604570985,0.0009070817857021561,0.9970850543493179,0.0020078638649800857,0.001325249359479606,0.9893876446342702,0.00928710600625002,0.0,1.0,0.0,0.18553628027439117,0.6140168309211731,0.20044684410095215
2025-12-09,0.00028304028091952205,0.9993322491645813,0.0003846822655759752,0.00047837105958432516,0.9972077738382388,0.002313855102176827,0.0026862127913619424,0.9833938597330957,0.01391992747554247,0.0,1.0,0.0,0.1895231455564499,0.6019304990768433,0.20854635536670685
2025-12-10,0.0008571289945393801,0.9981896281242371,0.000953246490098536,0.0006073432098111776,0.9970262207919793,0.002366435998209423,0.002063626385252967,0.9902742299915325,0.007662143623214478,0.0,1.0,0.0,0.19053131341934204,0.5959389805793762,0.21352966129779816
2025-12-11,0.0004980242811143398,0.9988405108451843,0.0006614905432797968,0.0013232899071096362,0.9960789817334164,0.0025977283594740635,0.0019106091655141024,0.9919828772417696,0.006106513592716335,0.0,1.0,0.0,0.15026700496673584,0.6678740978240967,0.18185895681381226
2025-12-12,0.0006599480984732509,0.9983083009719849,0.0010317316045984626,0.0007970084056492836,0.996893318535179,0.00230967305917171,0.0011385238511421013,0.9924265815249896,0.006434894623868471,0.0,0.98,0.02,0.16508732736110687,0.6397309303283691,0.19518175721168518
2025-12-15,0.0008893301128409803,0.9985186457633972,0.0005920691764913499,0.0010846619431420053,0.9969772093863979,0.001938128670460063,0.0018603813441637144,0.9922582624371505,0.005881356218685642,0.0,1.0,0.0,0.15350668132305145,0.6648793816566467,0.1816139668226242
2025-12-16,0.0002502152055967599,0.998512327671051,0.0012374887010082603,0.00043291880108512984,0.9968722935302468,0.002694787668667983,0.0018398100710903767,0.9904167331701991,0.00774345675871053,0.0,1.0,0.0,0.16380317509174347,0.6407266855239868,0.19547010958194733
2025-12-17,0.0006656050099991262,0.9944189786911011,0.0049155037850141525,0.0017303818165688,0.988931557675842,0.009338060507589351,0.0011398840184383338,0.9951276828808414,0.003732433100720425,0.02,0.96,0.02,0.19891749322414398,0.5661376714706421,0.23494485020637512
2025-12-18,0.0002518800611142069,0.9987882971763611,0.0009598910110071301,0.0004406279476536789,0.9981605358948126,0.0013988361575338255,0.0009791097097440692,0.9967734701409721,0.002247420149283917,0.0,1.0,0.0,0.19510799646377563,0.5756041407585144,0.22928795218467712
2025-12-19,0.0002059990365523845,0.9994779229164124,0.0003161329368595034,0.0005361138080574975,0.9987252261030005,0.0007386600889420863,0.0022599997562338203,0.9954421212614623,0.0022978789823040312,0.0,1.0,0.0,0.15598361194133759,0.6573245525360107,0.18669189512729645
2025-12-22,0.0003518458688631654,0.9992454051971436,0.0004027983814012259,0.0005121032051240538,0.9986666478685731,0.0008212489263028508,0.00211323545135861,0.9959387370233649,0.0019480275252764278,0.0,1.0,0.0,0.12728404998779297,0.7163087129592896,0.1564072221517563
2025-12-23,0.0002264643699163571,0.9994359612464905,0.0003375646483618766,0.0004316577348170263,0.9987866245015707,0.0007817177636120721,0.0017400202439854522,0.997027082606864,0.0012328971491505224,0.0,1.0,0.0,0.12822619080543518,0.7174425721168518,0.1543312817811966
2025-12-24,0.0002593090175651014,0.9994242191314697,0.00031647973810322583,0.0004641587210066633,0.9986125214441245,0.0009233198348687398,0.0038416106939734556,0.9939630090959869,0.002195380210039579,0.0,1.0,0.0,0.11028074473142624,0.7544031143188477,0.13531611859798431
2025-12-26,0.00035860537900589406,0.9992927312850952,0.0003486633358988911,0.00085606976328246,0.9981828519843408,0.0009610782523769249,0.003000390291590011,0.9950811517983302,0.0019184579100798814,0.02,0.98,0.0,0.12973973155021667,0.7150348424911499,0.15522538125514984
2025-12-29,0.000501349160913378,0.999087929725647,0.00041068834252655506,0.0013952334818146876,0.9976399533918868,0.0009648131262985696,0.007758206341811952,0.9893007070711496,0.002941086587038547,0.0,1.0,0.0,0.1306859850883484,0.7118450999259949,0.15746895968914032
2025-12-30,0.0005772130680270493,0.9989087581634521,0.0005140129360370338,0.0004674713162316536,0.9989605215405948,0.0005720071431734988,0.0022664022377838875,0.9964529784761749,0.0012806192860413397,0.0,1.0,0.0,0.13470564782619476,0.7057293653488159,0.15956507623195648
2025-12-31,0.00031042395858094096,0.9982156753540039,0.0014738895697519183,0.0006104638751183451,0.9979836780603948,0.0014058580644869013,0.002336186096490321,0.9939752514871516,0.003688562416358058,0.0,1.0,0.0,0.141755610704422,0.685189962387085,0.17305441200733185
2026-01-01,0.0004558161017484963,0.9985564351081848,0.0009877702686935663,0.0006501611849848378,0.9976100942756073,0.0017397445394077304,0.0015927458483902006,0.993972573145864,0.004434681005745905,0.0,1.0,0.0,0.1507764756679535,0.6694985628128052,0.17972496151924133
2026-01-02,0.0010799289448186755,0.996323823928833,0.002596283797174692,0.0012615982516665843,0.992957317408785,0.005781084339548404,0.003229207457700159,0.9881508896131816,0.008619902929118038,0.02,0.98,0.0,0.18350887298583984,0.6049586534500122,0.21153244376182556
2026-01-05,0.00055674061877653,0.9982771873474121,0.001166071160696447,0.0009884504693080597,0.9973737588086653,0.001637790722026579,0.007323709730062101,0.984798567967892,0.007877722302045791,0.0,1.0,0.0,0.17146195471286774,0.632243812084198,0.19629427790641785
2026-01-06,0.0003411477373447269,0.9982566237449646,0.0014022723771631718,0.0009476375333499263,0.9951610498431973,0.003891312623452869,0.0014839876114013312,0.9948265785414083,0.0036894338471902344,0.02,0.98,0.0,0.16746927797794342,0.6383926868438721,0.1941380500793457
2026-01-07,0.0018034483073279262,0.9965294003486633,0.0016671218909323215,0.002551792245910623,0.9945924692644342,0.002855738489655216,0.005679906685520477,0.9790892788438577,0.0152308144706218,0.04,0.96,0.0,0.15346911549568176,0.6658931970596313,0.18063762784004211
2026-01-08,0.0006627235561609268,0.9986030459403992,0.0007341969176195562,0.0028834235880954677,0.9947812478698482,0.002335328542056387,0.0073616093131977315,0.9891242631000132,0.0035141275867890806,0.0,1.0,0.0,0.15789146721363068,0.6649216413497925,0.17718695104122162
2026-01-09,0.0004796516732312739,0.9991697072982788,0.0003506721113808453,0.0014103948895255601,0.9978601293272038,0.0007294757832705395,0.006394031245752653,0.9857764550794824,0.007829513674764914,0.0,1.0,0.0,0.17931272089481354,0.635028064250946,0.18565919995307922
2026-01-12,0.0006040772423148155,0.9988677501678467,0.00052825384773314,0.0028305357357480813,0.996402666884144,0.0007667973801080508,0.00945919153032902,0.9816779613873956,0.008862847082275496,0.02,0.98,0.0,0.19453725218772888,0.6045061349868774,0.2009565532207489
2026-01-13,0.0004985003615729511,0.999169111251831,0.00033241978962905705,0.005308721605178788,0.9939122469400956,0.0007790314547255932,0.010723711037630307,0.9845156533382814,0.004760635624088196,0.0,1.0,0.0,0.1880159229040146,0.6181097030639648,0.19387435913085938
2026-01-14,0.0028516766615211964,0.9963330030441284,0.0008153097587637603,0.011975098576079644,0.986805885866369,0.0012190155575512336,0.016093654397626223,0.9796185577343722,0.004287787868001464,0.04,0.92,0.04,0.18935522437095642,0.6213377118110657,0.18930701911449432
2026-01-16,0.9173981547355652,0.07812061160802841,0.004481183830648661,0.8746368195226463,0.12045917792479335,0.004904002552560147,0.42995309563159473,0.5453149310534673,0.024731973314937948,0.66,0.34,0.0,0.1865190863609314,0.6097742915153503,0.2037065178155899
2026-01-19,0.04315211623907089,0.9517257809638977,0.005122078116983175,0.08000386602569778,0.9165985877254084,0.003397546248893702,0.17687477830329465,0.7954317630451717,0.027693458651533526,0.12,0.88,0.0,0.18191410601139069,0.6154626607894897,0.2026231586933136
2026-01-20,0.005832490045577288,0.9935404658317566,0.0006270685116760433,0.017315638027130948,0.9818093183991082,0.0008750435737608134,0.021654315796848008,0.9663119488894069,0.012033735313744983,0.06,0.94,0.0,0.23439233005046844,0.5099416971206665,0.25566595792770386
2026-01-21,0.01801690272986889,0.9731029868125916,0.008880170993506908,0.031306035077150005,0.9618797481963035,0.006814216726546649,0.06795526388213786,0.8980371692078618,0.034007566910000266,0.1,0.8,0.1,0.2703293263912201,0.4583275020122528,0.2713431417942047
2026-01-22,0.0035364730283617973,0.9922735095024109,0.004189938306808472,0.00547292148736088,0.9892624231614405,0.00526465535119857,0.039279640668958775,0.9130097317640805,0.047710627566960685,0.0,0.96,0.04,0.260014146566391,0.47752413153648376,0.2624618113040924
2026-01-23,0.005724024027585983,0.9865395426750183,0.007736402563750744,0.02057985704644214,0.9376215610437273,0.041798581909830455,0.08338407759622726,0.8854651177014646,0.031150804702308108,0.04,0.86,0.1,0.3102876842021942,0.42289653420448303,0.26681578159332275
2026-01-27,0.0006889267824590206,0.9986442923545837,0.0006668185233138502,0.0023509112714593834,0.9962139927572593,0.001435095971281357,0.03222747056225801,0.9377289774920692,0.03004355194567279,0.02,0.98,0.0,0.20743300020694733,0.6000781059265137,0.1924889087677002
2026-01-28,0.003289229702204466,0.9951477646827698,0.001563033671118319,0.005672037244860393,0.9901676458484787,0.004160316906660993,0.014185556324380217,0.9748821166651565,0.010932327010463308,0.04,0.94,0.02,0.21361564099788666,0.5773235559463501,0.2090608775615692
2026-01-29,0.008046530187129974,0.9885011911392212,0.0034522272180765867,0.015310692319718999,0.9744399166420054,0.01024939103827567,0.0101403499991847,0.9754832757343178,0.014376374266497504,0.0,0.96,0.04,0.2310880869626999,0.5541682243347168,0.2147437036037445
2026-01-30,0.004037616774439812,0.992359459400177,0.003602903801947832,0.009963306244913431,0.9840626755497307,0.005974018205355963,0.025226390524416196,0.9531020471522148,0.021671562323369087,0.0,1.0,0.0,0.2378520667552948,0.5316379070281982,0.23050999641418457
2026-02-02,0.030360637232661247,0.05767965316772461,0.9119597673416138,0.03490690737227543,0.1574659710561645,0.8076271215715601,0.07924442746228844,0.5702705066505765,0.350485065887135,0.02,0.42,0.56,0.25117602944374084,0.4887596368789673,0.26006436347961426
2026-02-03,0.002572747180238366,0.9931939840316772,0.00423322431743145,0.010863701795853317,0.9672168575496265,0.021919440654520204,0.021777668742524937,0.9584090459385824,0.019813285318892544,0.0,0.96,0.04,0.1915285289287567,0.5750463008880615,0.23342521488666534
2026-02-04,0.0021698600612580776,0.9957297444343567,0.0021003694273531437,0.005012051031714012,0.9875113351649393,0.007476613803346614,0.03488787253507151,0.9364597079962032,0.028652419468725272,0.0,0.96,0.04,0.21678370237350464,0.5316930413246155,0.2515232264995575
2026-02-05,0.0008068358292803168,0.9976123571395874,0.0015808622119948268,0.0022859003979875457,0.9941396203019192,0.0035744793000933805,0.012613514857395522,0.9709463668593216,0.016440118283282925,0.0,0.94,0.06,0.19650748372077942,0.5507233738899231,0.2527691721916199
2026-02-06,0.0013561858795583248,0.9962636828422546,0.0023801838979125023,0.0022578068749243636,0.9945515255828854,0.0031906675421902106,0.017424587487906103,0.9666838249367836,0.01589158757531022,0.0,0.96,0.04,0.18049472570419312,0.5958573818206787,0.2236478328704834
2026-02-09,0.0025252324994653463,0.9924822449684143,0.004992508329451084,0.006529612718700646,0.9829133979290218,0.010556989352277554,0.02232925158196578,0.9588331600222272,0.01883758839580703,0.0,0.98,0.02,0.1473580300807953,0.6700261235237122,0.18261581659317017
2026-02-10,0.004697900265455246,0.9926996827125549,0.0026024309918284416,0.012428128294237674,0.9860736335507664,0.0014982381549958409,0.0300335386916719,0.9536546676076989,0.016311793700629223,0.02,0.96,0.02,0.17988932132720947,0.6293384432792664,0.19077232480049133
2026-02-11,0.003964020870625973,0.9922423362731934,0.00379363470710814,0.011237018540198249,0.9671071797080979,0.02165580175170402,0.03676000109288806,0.9494243945592932,0.013815604347818774,0.02,0.96,0.02,0.1668577790260315,0.649202287197113,0.1839398592710495
2026-02-12,0.005177822429686785,0.9856540560722351,0.009168067015707493,0.004887923670062357,0.9799623002832553,0.015149776046682413,0.03204183425181622,0.9609763053359069,0.006981860412276612,0.04,0.94,0.02,0.1792907565832138,0.62759929895401,0.19310995936393738
2026-02-13,0.002731149783357978,0.9963138699531555,0.000954987364821136,0.011491698550581415,0.9851062651217788,0.003402036327639885,0.02948150954677009,0.9616724457566481,0.008846044696581878,0.06,0.92,0.02,0.1757882833480835,0.6222624778747559,0.20194922387599945
2026-02-16,0.008965233340859413,0.9885812401771545,0.002453553257510066,0.024255291972349168,0.9692808456713192,0.006463862356331504,0.043127722251505636,0.9446132873241995,0.012258990424294923,0.02,0.98,0.0,0.16956377029418945,0.6354241967201233,0.19501200318336487
2026-02-17,0.0016317080007866025,0.997539758682251,0.0008285915828309953,0.003946917075877128,0.9920654564525482,0.003987626471574671,0.019428759190129385,0.9478654565633661,0.03270578424650453,0.0,1.0,0.0,0.18096885085105896,0.6060354709625244,0.212995707988739
2026-02-18,0.006375162862241268,0.9909639358520508,0.002660921076312661,0.018125401369909134,0.9760023609352563,0.005872237694834483,0.03093381171067737,0.9443407689342139,0.02472541935510861,0.04,0.96,0.0,0.21895630657672882,0.5490288138389587,0.23201484978199005
2026-02-19,0.011475078761577606,0.985586404800415,0.002938477322459221,0.03405771392531157,0.9489833284649316,0.016958957609756797,0.08963228594197901,0.872965081284719,0.037402632773302066,0.08,0.92,0.0,0.24064023792743683,0.5148120522499084,0.24454766511917114
2026-02-20,0.014650720171630383,0.9841832518577576,0.0011660994496196508,0.06004830523629976,0.9376582764364193,0.0022934183272809248,0.18929146301448835,0.7863252367029833,0.024383300282528362,0.1,0.9,0.0,0.1851877123117447,0.62506103515625,0.1897512525320053
2026-02-23,0.9822008609771729,0.016737278550863266,0.0010619164677336812,0.9556817917615582,0.042906273404148834,0.0014119348342928669,0.875659395889047,0.11775296793673354,0.006587636174219386,0.68,0.3,0.02,0.19935517013072968,0.5977634787559509,0.20288130640983582
2026-02-24,0.9821604490280151,0.0171440951526165,0.0006954050622880459,0.9659974596498249,0.03295819769823241,0.001044342651942565,0.8353151384438247,0.14536584137275696,0.019319020183418387,0.76,0.24,0.0,0.19979627430438995,0.6053446531295776,0.1948590725660324
2026-02-25,0.9587559103965759,0.039814673364162445,0.0014293697895482183,0.905857004123218,0.0906539105389162,0.00348908533786579,0.7110461639340055,0.27451432392665115,0.014439512139343278,0.84,0.16,0.0,0.17399753630161285,0.6434173583984375,0.18258504569530487
2026-02-26,0.9599995017051697,0.038741108030080795,0.0012593802530318499,0.9145829151504646,0.08191662705339112,0.0035004577961443993,0.7730663162474394,0.20938714616386472,0.017546537588695947,0.78,0.22,0.0,0.14854735136032104,0.6796411275863647,0.17181150615215302
2026-02-27,0.9935905933380127,0.005122734699398279,0.0012866412289440632,0.9700261322394583,0.026457104588673085,0.003516763171868573,0.880970986054696,0.09819933804665197,0.020829675898651975,0.72,0.2,0.08,0.18790683150291443,0.6077700257301331,0.20432308316230774
2026-03-02,0.9654697179794312,0.03317267447710037,0.0013576411874964833,0.883402591808292,0.11190656244271044,0.004690845748997737,0.6974179717106936,0.2426313902366994,0.059950638052606996,0.68,0.32,0.0,0.29392680525779724,0.45362088084220886,0.2524523138999939
2026-03-04,0.9809914231300354,0.01567772962152958,0.0033307902049273252,0.9329889379051736,0.05963071887866404,0.0073803432161625255,0.8803658444213959,0.08632110730267985,0.03331304827592414,0.74,0.18,0.08,0.4219064712524414,0.29947811365127563,0.2786153554916382
2026-03-05,0.9711097478866577,0.02631930075585842,0.0025709534529596567,0.9326347188629273,0.0642324090083714,0.0031328721287014133,0.8988590255757613,0.08570583432448164,0.01543514009975697,0.78,0.2,0.02,0.44182947278022766,0.2829630374908447,0.2752074599266052
2026-03-06,0.9763335585594177,0.02150840312242508,0.0021580439060926437,0.9324346076378053,0.06478529559416225,0.002780096768032392,0.8722567803524531,0.1122952110868748,0.01544800856067189,0.86,0.12,0.02,0.48338738083839417,0.24500826001167297,0.27160441875457764
2026-03-09,0.9733437299728394,0.020784109830856323,0.005872146226465702,0.9339794229997148,0.05561835187850124,0.010402225121784044,0.8812873680694693,0.08393854963593703,0.034774082294593736,0.88,0.06,0.06,0.50376957654953,0.22783610224723816,0.2683942914009094
2026-03-10,0.9858929514884949,0.010714122094213963,0.0033929329365491867,0.9296100754772282,0.05172940886587477,0.018660515656897088,0.8327510103631336,0.1392970900407457,0.027951899596120825,0.74,0.14,0.12,0.46249648928642273,0.232125923037529,0.3053775131702423
2026-03-11,0.03384193778038025,0.9481416344642639,0.01801649108529091,0.12836318568156171,0.8174322226758537,0.054204591642584656,0.22369841578856065,0.7125624108862104,0.06373917332522885,0.2,0.72,0.08,0.4767523407936096,0.23785614967346191,0.28539150953292847
2026-03-12,0.9182013869285583,0.06458266824483871,0.017215963453054428,0.7967323141802817,0.17968074709923726,0.023586938720481183,0.8227066693241021,0.14256020672143388,0.034733123954464075,0.7,0.22,0.08,0.4768531024456024,0.23806467652320862,0.28508222103118896
2026-03-13,0.07730209827423096,0.9127082228660583,0.009989681653678417,0.21758022274788122,0.7676347845989537,0.014784992653164993,0.3212886931881679,0.6261844756789603,0.05252683113287182,0.42,0.54,0.04,0.4654199779033661,0.256928026676178,0.27765190601348877
2026-03-16,0.9797062277793884,0.01714399643242359,0.003149742493405938,0.9440003702655391,0.046882187307435354,0.009117442427025706,0.9024301183758439,0.07817377673959654,0.01939610488455956,0.86,0.12,0.02,0.4446796774864197,0.2544305622577667,0.3008897006511688
2026-03-17,0.9901902675628662,0.007553252391517162,0.0022564970422536135,0.9725668418386125,0.022064869857031624,0.005368288304355822,0.8591786170916582,0.10549131792845622,0.03533006497988555,0.92,0.06,0.02,0.4637203812599182,0.24863368272781372,0.28764596581459045
2026-03-18,0.9890148043632507,0.007936444133520126,0.003048710757866502,0.9553993190774213,0.03662263366034405,0.00797804726223466,0.8398364206828213,0.0919625249707504,0.06820105434642824,0.94,0.04,0.02,0.442218154668808,0.23576593399047852,0.3220159113407135
2026-03-19,0.9639819860458374,0.03230515122413635,0.0037127917166799307,0.9452161104045758,0.044275862535303516,0.010508027060120715,0.8606619277972406,0.07535666971145448,0.06398140249130495,0.9,0.08,0.02,0.4340593218803406,0.24571873247623444,0.3202219009399414
2026-03-20,0.9812220931053162,0.016221724450588226,0.0025561554357409477,0.941374070904614,0.04774574533773748,0.010880183757648603,0.8405621133240911,0.12247232452074876,0.036965562155160184,0.84,0.12,0.04,0.4234856069087982,0.24257151782512665,0.33394286036491394
2026-03-23,0.045293379575014114,0.9376018047332764,0.01710481382906437,0.061848307012288405,0.8851960877010898,0.05295560528662171,0.12431627079138988,0.8376158287542533,0.03806790045435663,0.2,0.76,0.04,0.43520307540893555,0.25174373388290405,0.3130532205104828
2026-03-24,0.9234757423400879,0.06302807480096817,0.01349622942507267,0.8774378150905073,0.10266361811139763,0.019898566798094906,0.7352092872072872,0.2087856198418961,0.0560050929508167,0.78,0.2,0.02,0.4307994246482849,0.2491285353899002,0.32007208466529846
2026-03-25,0.964283287525177,0.029870998114347458,0.005845723208039999,0.9419137211148524,0.043402780428195294,0.01468349845695228,0.8157125054008623,0.11652349986189951,0.06776399473723829,0.84,0.08,0.08,0.4135536253452301,0.24792759120464325,0.33851873874664307
2026-03-27,0.02956381067633629,0.9076582193374634,0.06277801841497421,0.07830049267531657,0.7600765622065858,0.16162294511809752,0.14720626111166318,0.6828934244272161,0.16990031446112075,0.2,0.68,0.12,0.41987842321395874,0.22434595227241516,0.3557755649089813
2026-03-30,0.02295464649796486,0.029752185568213463,0.9472931623458862,0.029466851487728027,0.04794562779165171,0.9225875207206202,0.11861201323968926,0.11014918792271881,0.7712387988375918,0.04,0.2,0.76,0.4497496485710144,0.20556078851222992,0.3446895182132721
2026-04-01,0.013981333002448082,0.008497082628309727,0.977521538734436,0.02046770454901491,0.04846094731381106,0.931071348137174,0.01222228963330631,0.021765866345403156,0.9660118440212905,0.04,0.06,0.9,0.39967814087867737,0.22344033420085907,0.37688151001930237
2026-04-02,0.008016567677259445,0.011515614576637745,0.9804677963256836,0.005635544066521763,0.039704063283120844,0.9546603926503575,0.024825114973446884,0.045307416611122364,0.9298674684154309,0.02,0.08,0.9,0.3659971058368683,0.2447192668914795,0.38928356766700745
2026-04-06,0.008885408751666546,0.011212660931050777,0.979901909828186,0.06416118750751493,0.029716865413148642,0.9061219470793365,0.037164115546303694,0.10544983858395031,0.857386045869746,0.1,0.04,0.86,0.3392234742641449,0.26493313908576965,0.3958434462547302
2026-04-07,0.0035294457338750362,0.007693227846175432,0.9887773394584656,0.004346529112652485,0.06450396998601116,0.9311495009013364,0.03651087205553578,0.09178792591257293,0.8717012020318914,0.08,0.04,0.88,0.330456018447876,0.27355682849884033,0.3959871530532837
2026-04-08,0.011967848986387253,0.9333454966545105,0.054686639457941055,0.039536536967023105,0.8007326580198338,0.15973080501314318,0.044281702467818644,0.7796307892566895,0.17608750827549188,0.06,0.86,0.08,0.28341788053512573,0.3585716784000397,0.358010470867157
2026-04-09,0.016268035396933556,0.03751423582434654,0.9462177157402039,0.02152045300532679,0.10754722371372391,0.8709323232809493,0.022315613407308095,0.25098949223049427,0.7266948943621976,0.1,0.34,0.56,0.32659387588500977,0.3040076792240143,0.36939844489097595
2026-04-10,0.015950698405504227,0.9605183005332947,0.02353096567094326,0.04487320019905003,0.9111787279954698,0.04394807180548029,0.06979506806119966,0.8300157918170884,0.100189140121712,0.04,0.84,0.12,0.2887146472930908,0.36736971139907837,0.3439156711101532
2026-04-13,0.011224833317101002,0.06140808388590813,0.9273670315742493,0.014647619168965864,0.1498361326358133,0.8355162481952209,0.08722228782652366,0.16685271965594128,0.7459249925175351,0.12,0.2,0.68,0.31966882944107056,0.3495141267776489,0.3308170735836029
2026-04-15,0.011959375813603401,0.9837205410003662,0.0043201325461268425,0.035880380788470286,0.9572020665884292,0.006917552623100358,0.07350585762774187,0.9053540072677588,0.021140135104499323,0.02,0.96,0.02,0.27837103605270386,0.42470258474349976,0.29692643880844116
2026-04-16,0.024064093828201294,0.9707835912704468,0.005152278114110231,0.061080574127863815,0.9305321735890587,0.008387252283077492,0.19854598488439354,0.7880895652839263,0.01336444983168004,0.14,0.84,0.02,0.31936344504356384,0.3755987882614136,0.30503782629966736
2026-04-17,0.021157683804631233,0.9706502556800842,0.008192080073058605,0.06397537355564725,0.9110953325355667,0.024929293908786055,0.06443796461680301,0.9146930350539807,0.02086900032921633,0.12,0.86,0.02,0.2569633722305298,0.472997784614563,0.2700388729572296
2026-04-20,0.016060996800661087,0.9827460050582886,0.0011929795145988464,0.0744647244970044,0.919635507192692,0.005899768310303734,0.129166753478801,0.8638651942085995,0.006968052312599463,0.12,0.84,0.04,0.26149699091911316,0.43453213572502136,0.30397096276283264
2026-04-21,0.9614418745040894,0.03644506633281708,0.0021131194662302732,0.8691618715877114,0.12709831586960316,0.0037398125426852846,0.8343373758853148,0.1413265624012235,0.024336061713461934,0.74,0.26,0.0,0.27958133816719055,0.4198838770389557,0.30053475499153137
2026-04-22,0.9902089834213257,0.008995681069791317,0.000795332423876971,0.9487522900699961,0.04916710045630539,0.002080609473698487,0.8503262936409666,0.1381691440723733,0.011504562286660087,0.86,0.12,0.02,0.3041733205318451,0.4034329056739807,0.2923937737941742
2026-04-23,0.992323637008667,0.006970588117837906,0.0007057141629047692,0.9675971270602232,0.03140411817327397,0.000998754766502738,0.8976852403004283,0.08578912682428018,0.01652563287529158,0.86,0.12,0.02,0.3202311396598816,0.3732908070087433,0.3064781129360199
2026-04-24,0.9804331064224243,0.015979155898094177,0.0035877577029168606,0.9395808435056306,0.05772505658465745,0.002694099909711964,0.8681024124766966,0.1209264369704913,0.010971150552812082,0.76,0.22,0.02,0.34484830498695374,0.35782089829444885,0.2973307967185974
2026-04-27,0.963316023349762,0.03237796947360039,0.004306022077798843,0.9467561715941323,0.049912413483814026,0.003331414922053606,0.8851709533263761,0.10602111633709306,0.008807930336530823,0.72,0.2,0.08,0.3139913082122803,0.40844348073005676,0.27756521105766296
2026-04-28,0.022485071793198586,0.9700637459754944,0.007451140321791172,0.04111469489711021,0.9500447789366321,0.008840526166257707,0.05498141966560537,0.9190891724971485,0.025929407837246062,0.1,0.9,0.0,0.33241569995880127,0.3743404746055603,0.29324376583099365
2026-04-29,0.030359672382473946,0.9584164619445801,0.01122385635972023,0.06852783264112171,0.910882045568635,0.02059012179024337,0.10160151135637407,0.850505725796565,0.04789276284706092,0.14,0.78,0.08,0.3684529960155487,0.31828573346138,0.3132612407207489
2026-04-30,0.004206106066703796,0.9905602335929871,0.0052337003871798515,0.014102016055243553,0.9690502389898997,0.01684774495485658,0.05084097256147131,0.9267098682350093,0.022449159203519226,0.06,0.94,0.0,0.3492394685745239,0.35137417912483215,0.2993864119052887
2026-05-04,0.005775385536253452,0.9908688068389893,0.0033558285795152187,0.014722043889690003,0.9787554424847074,0.006522513625602697,0.11242890452791765,0.8677746747001939,0.019796420771888416,0.18,0.82,0.0,0.3540310859680176,0.34128832817077637,0.30468061566352844
2026-05-05,0.010549113154411316,0.9817066788673401,0.007744261529296637,0.03284483018323194,0.9463489335227511,0.020806236294017,0.026286013660829378,0.9358717298610452,0.03784225647812535,0.1,0.88,0.02,0.3340613842010498,0.3576284348964691,0.3083101809024811
2026-05-06,0.9484119415283203,0.04271096736192703,0.008877115324139595,0.8894116472883131,0.09909238851734063,0.011495964194346371,0.8049112513575482,0.16162327227624446,0.03346547636620738,0.7,0.24,0.06,0.255811482667923,0.4731937348842621,0.27099481225013733
2026-05-07,0.9793171286582947,0.016316931694746017,0.0043659210205078125,0.9555276448451537,0.03922622763012209,0.005246127524724326,0.7921142446078627,0.18371088469725527,0.024174870694882084,0.76,0.24,0.0,0.26342061161994934,0.4349086284637451,0.30167073011398315
2026-05-08,0.9568241834640503,0.03717264160513878,0.006003110203891993,0.8704195947930431,0.1180303563849075,0.011550048822049352,0.7496982785287036,0.21326041333684073,0.037041308134455664,0.6,0.36,0.04,0.2626337707042694,0.4335455000400543,0.3038206398487091
2026-05-11,0.009073177352547646,0.986019492149353,0.004907391034066677,0.03199014029505942,0.9595920203665951,0.008417839338345497,0.02611848002601373,0.91835083666632,0.055530683307666175,0.08,0.88,0.04,0.2935193181037903,0.345207542181015,0.3612731993198395
2026-05-12,0.002420710865408182,0.9838967323303223,0.013682614080607891,0.004254830863224451,0.9673043712796259,0.028440797857149706,0.011650600558042706,0.9274855967174549,0.06086380272450223,0.04,0.94,0.02,0.3662026822566986,0.26906266808509827,0.36473456025123596
2026-05-13,0.002984756138175726,0.9889703989028931,0.008044851012527943,0.0064104233104529205,0.9757980574341375,0.01779151925540953,0.02387796705775248,0.9270408540498261,0.04908117889242147,0.06,0.88,0.06,0.3968559205532074,0.25744298100471497,0.34570106863975525
2026-05-14,0.0026518439408391714,0.9906657934188843,0.006682445295155048,0.010871578274302981,0.9662292792733268,0.022899142452370305,0.01432907448898414,0.9483923218849859,0.037278603626030075,0.08,0.92,0.0,0.3753657937049866,0.29495978355407715,0.32967445254325867
2026-05-15,0.0021471737418323755,0.9557252526283264,0.042127564549446106,0.01173990679103963,0.8723656389930828,0.11589445421587749,0.02936766343235788,0.8356628124334811,0.13496952413416102,0.0,0.76,0.24,0.3640936613082886,0.2944697439670563,0.34143656492233276
2026-05-18,0.0023951821494847536,0.044700320810079575,0.9529045224189758,0.004068027758460982,0.08599719661313801,0.9099347756284011,0.022664058681988383,0.15168578450331635,0.8256501568146952,0.04,0.24,0.72,0.35821086168289185,0.29192763566970825,0.3498615026473999
2026-05-19,0.0015975919086486101,0.01865960843861103,0.9797428250312805,0.008632482316827231,0.07736234758634045,0.9140051700968325,0.04424416643447694,0.16766106563518215,0.788094767930341,0.02,0.08,0.9,0.3478425145149231,0.26305460929870605,0.38910287618637085
2026-05-20,0.005737537518143654,0.01928010769188404,0.9749823808670044,0.007931742371329967,0.06721647039844106,0.9248517872302291,0.027573839181178568,0.1671622210522389,0.8052639397665826,0.0,0.24,0.76,0.3334295153617859,0.27370685338974,0.3928636312484741
2026-05-21,0.004134968854486942,0.9894394278526306,0.006425566039979458,0.010641818456526769,0.9519800559869551,0.03737812555651798,0.037166354255735015,0.813005552382332,0.14982809336193303,0.02,0.86,0.12,0.3219406306743622,0.27369096875190735,0.40436840057373047
2026-05-22,0.01075736340135336,0.9769004583358765,0.012342201545834541,0.012025529691146862,0.933018267371922,0.054956202936931375,0.07406372853648822,0.8170384196829663,0.1088978517805454,0.04,0.86,0.1,0.2941015660762787,0.3317297697067261,0.37416863441467285
2026-05-25,0.9385258555412292,0.04424216225743294,0.01723191700875759,0.8286475577591751,0.13830916493795353,0.03304327730287128,0.593102699346967,0.3404216396534884,0.06647566099954465,0.66,0.28,0.06,0.2812947928905487,0.36739569902420044,0.35130953788757324
2026-05-26,0.01610558293759823,0.9692599177360535,0.01463448628783226,0.036798379742289736,0.9447821227685858,0.018419497489124543,0.09315079637975884,0.8655889014991139,0.041260302121127294,0.12,0.82,0.06,0.23770642280578613,0.43213900923728943,0.3301546275615692
2026-05-27,0.008556279353797436,0.9884824156761169,0.002961263060569763,0.019224236488492884,0.9761458037559759,0.004629959755531224,0.019269699489004685,0.9548605065506596,0.025869793960335938,0.06,0.9,0.04,0.21055868268013,0.49259087443351746,0.2968504726886749
2026-05-29,0.0046732486225664616,0.9855412840843201,0.009785433299839497,0.005460779113092056,0.9709386826982828,0.023600538188625377,0.026191334397625155,0.9301835522749674,0.04362511332740735,0.04,0.9,0.06,0.24465344846248627,0.43703973293304443,0.3183068037033081
2026-06-01,0.0007404670468531549,0.9814803004264832,0.017779236659407616,0.002356734533598213,0.9255390808556585,0.07210418461074307,0.017710019468714634,0.8276034916260402,0.15468648890524528,0.02,0.78,0.2,0.2764229476451874,0.36919668316841125,0.354380339384079
2026-06-02,0.001320687704719603,0.06405307352542877,0.9346262216567993,0.0025254100287331795,0.1442689712159404,0.8532056187553264,0.02261830936675211,0.3016806765020325,0.6757010141312153,0.02,0.22,0.76,0.3244763910770416,0.3318466246128082,0.3436770439147949
2026-06-03,0.0017646148335188627,0.9827497005462646,0.015485730953514576,0.0017025491280372995,0.9608865389747373,0.03741091189722531,0.011682253169728643,0.8529290663479467,0.13538868048232444,0.04,0.9,0.06,0.3165912926197052,0.33563345670700073,0.34777528047561646
2026-06-04,0.0034508747048676014,0.9726995825767517,0.0238494835793972,0.004149372364916588,0.9214767152270676,0.07437391240801582,0.056323543837427825,0.8413180868867048,0.10235836927586729,0.08,0.86,0.06,0.3096941113471985,0.3525945544242859,0.33771130442619324
2026-06-05,0.004220569971948862,0.022382594645023346,0.9733967781066895,0.01153214856727123,0.06208065101690248,0.9263872004158262,0.023729461492324945,0.15249651323475527,0.8237740252729198,0.04,0.12,0.84,0.31215524673461914,0.3069399297237396,0.3809048533439636
2026-06-08,0.0025670775212347507,0.012017270550131798,0.9854156374931335,0.009366908525160988,0.04071468614950086,0.9499184053253382,0.015040220274502386,0.13844801857402594,0.8465117611514716,0.0,0.12,0.88,0.28991708159446716,0.3327893316745758,0.37729352712631226
2026-06-09,0.0011336390161886811,0.02570785954594612,0.9731585383415222,0.00503639861685996,0.06843179758094764,0.9265318038021925,0.0190744691377145,0.11668127492336025,0.8642442559389252,0.0,0.1,0.9,0.2627847194671631,0.4017156958580017,0.33549952507019043
2026-06-10,0.0018899186979979277,0.0025859202723950148,0.9955241680145264,0.0019591730444273666,0.008656349533348463,0.9893844774222241,0.02589613482378318,0.07033077699815284,0.9037730881780639,0.02,0.08,0.9,0.27743953466415405,0.3762694299221039,0.34629103541374207
2026-06-11,0.004899133462458849,0.011278210207819939,0.9838226437568665,0.005729029009547571,0.03692375728431954,0.9573472137061328,0.07670057587242246,0.12867429539884612,0.7946251287287314,0.04,0.22,0.74,0.23080001771450043,0.48091885447502136,0.288281112909317
2026-06-12,0.007006642874330282,0.9866389036178589,0.0063544525764882565,0.022357745687260146,0.967033225029526,0.010609029283213773,0.05771778510074226,0.903904259305926,0.03837795559333174,0.0,0.94,0.06,0.21167898178100586,0.548626184463501,0.23969480395317078
2026-06-15,0.005487078335136175,0.9904983639717102,0.004014566540718079,0.015047620386208304,0.9707289028710234,0.014223476742768396,0.04003411831225136,0.898005301712739,0.06196057997500956,0.12,0.86,0.02,0.21236498653888702,0.5427506566047668,0.24488438665866852
2026-06-16,0.00041399768088012934,0.998728334903717,0.0008577007683925331,0.00219117875752908,0.9925254735356833,0.005283347706787566,0.009926065732404643,0.98192871719328,0.008145217074315357,0.0,1.0,0.0,0.2013094127178192,0.5560327172279358,0.24265789985656738
2026-06-17,0.0019772383384406567,0.9970009922981262,0.001021781237795949,0.01977777384770756,0.9769199555580373,0.0033022705942552123,0.0193561325291516,0.9701765612157601,0.010467306255088245,0.0,0.94,0.06,0.20130851864814758,0.5638379454612732,0.2348535805940628
2026-06-18,0.0018646259559318423,0.9971229434013367,0.00101236323826015,0.006691057862711977,0.9920601936518054,0.0012487484854825487,0.031449189947957416,0.9654247456564568,0.0031260643955858384,0.04,0.96,0.0,0.17438924312591553,0.6207693219184875,0.2048414647579193
2026-06-19,0.007530534639954567,0.990964412689209,0.0015050609363242984,0.028035992045313488,0.9698630857066125,0.0021009222480740494,0.022425152977280642,0.9736568077740968,0.003918039248622505,0.06,0.94,0.0,0.18358580768108368,0.5999674201011658,0.21644680202007294
2026-06-22,0.0070731667801737785,0.9913434982299805,0.001583336852490902,0.012779647558018978,0.986001717608756,0.0012186348332250624,0.043272933181732726,0.9479112053797544,0.00881586143851275,0.08,0.9,0.02,0.20948854088783264,0.5537711381912231,0.23674027621746063
2026-06-23,0.003597978502511978,0.9949654936790466,0.0014365626266226172,0.008473768501446396,0.9891262470361923,0.002399984462361334,0.042060386954203645,0.9324257619315567,0.025513851114239677,0.02,0.96,0.02,0.285789430141449,0.399062842130661,0.31514772772789
2026-06-24,0.006335078738629818,0.990502119064331,0.00316282594576478,0.00470694648753177,0.9934778596862157,0.0018151938262523878,0.030959189619968765,0.9488291623838779,0.020211647996153246,0.04,0.96,0.0,0.2551485002040863,0.46696677803993225,0.27788475155830383
2026-06-25,0.004338843282312155,0.9945284724235535,0.0011326567037031054,0.009965841507594286,0.9874002332233888,0.0026339252690168974,0.019992308506860075,0.9736394568522729,0.006368234640867157,0.04,0.96,0.0,0.23036547005176544,0.5152620077133179,0.2543725073337555
2026-06-29,0.0023518316447734833,0.9970117807388306,0.0006363515858538449,0.00960429545490628,0.9879858629692079,0.0024098415758857595,0.027316246469322153,0.9637129649934151,0.0089707885372628,0.02,0.98,0.0,0.2040577530860901,0.5731636881828308,0.22277861833572388
2026-06-30,0.0014944280264899135,0.9980452060699463,0.0004603155830409378,0.0030366691201853336,0.9961146929087569,0.0008486379710579235,0.023909332472051584,0.9675821554073877,0.008508512120560698,0.1,0.9,0.0,0.21640345454216003,0.5605487823486328,0.22304773330688477
2026-07-01,0.9316081404685974,0.06412378698587418,0.004268074873834848,0.8385305992608083,0.15703103829362983,0.004438362445561925,0.4975141137544892,0.49026960589786805,0.012216280347642746,0.72,0.28,0.0,0.19617316126823425,0.5932905673980713,0.21053633093833923
2026-07-02,0.003985567018389702,0.9935826659202576,0.0024317577481269836,0.006891284652794012,0.9890430243480971,0.004065690999108856,0.04253334088885042,0.9335081955919912,0.02395846351915844,0.1,0.9,0.0,0.19112874567508698,0.6127186417579651,0.19615265727043152
2026-07-03,0.0035418581683188677,0.9905608296394348,0.005897320806980133,0.009314338733087044,0.9659022245800506,0.024783436686862254,0.012080224297748259,0.9581677580475171,0.02975201765473478,0.04,0.94,0.02,0.18468904495239258,0.6274819374084473,0.18782900273799896
2026-07-06,0.006075756624341011,0.991339385509491,0.0025848119985312223,0.00509388047500078,0.9875543399529209,0.007351779572078318,0.012000113027448892,0.9775284859700155,0.010471401002535569,0.02,0.98,0.0,0.17993305623531342,0.6372274160385132,0.18283948302268982
2026-07-07,0.010029938071966171,0.9889881014823914,0.0009819567203521729,0.010874281065945795,0.9869292986550818,0.0021964202789722153,0.02712829554641647,0.9570432393230833,0.015828465130500236,0.1,0.88,0.02,0.18637682497501373,0.6179307699203491,0.19569243490695953
2026-07-08,0.004981640260666609,0.9930346012115479,0.001983742695301771,0.0075193223382644765,0.988103774000884,0.004376903660851369,0.018059752434578677,0.9643768066418852,0.017563440923536247,0.02,0.92,0.06,0.3007476031780243,0.4358539879322052,0.2633984088897705
2026-07-09,0.001738679246045649,0.9933706521987915,0.004890650976449251,0.005428783473323827,0.9886138693799713,0.005957347146704846,0.010536433596026403,0.9792796199993927,0.010183946404580882,0.02,0.98,0.0,0.27365413308143616,0.48154541850090027,0.24480050802230835
2026-07-10,0.0015998069429770112,0.9952568411827087,0.0031433135736733675,0.0024176051249292833,0.9953324872510223,0.002249907624048353,0.010036489272474332,0.9775763105900729,0.012387200137452781,0.02,0.96,0.02,0.24278588593006134,0.5189386010169983,0.23827555775642395
2026-07-13,0.002309179399162531,0.9962397813796997,0.0014510381733998656,0.004122419912091621,0.9932610723970217,0.0026165076908867832,0.004388723177801307,0.9879439562926985,0.00766732052950019,0.0,0.98,0.02,0.2784871757030487,0.476538747549057,0.2449740618467331
2026-07-14,0.0029481376986950636,0.9882614016532898,0.00879043247550726,0.020498279804605272,0.9567209684195576,0.02278075177583724,0.01782830511079646,0.9567301992749518,0.025441495614251585,0.06,0.92,0.02,0.2870285212993622,0.4651442766189575,0.24782715737819672
2026-07-15,0.0003792345814872533,0.9990658164024353,0.0005549965426325798,0.0006158970694590604,0.9986511800276643,0.0007329229028766566,0.0036441164772060422,0.9868927845670662,0.009463098955727596,0.0,1.0,0.0,0.2168390303850174,0.5679267644882202,0.21523423492908478
2026-07-16,0.00044341164175421,0.9980140924453735,0.001542421174235642,0.0014130011052692992,0.9960579848239693,0.0025290140707612025,0.022737023384731565,0.956147853156644,0.02111512345862445,0.0,1.0,0.0,0.24474583566188812,0.5114182233810425,0.2438359260559082
2026-07-17,0.9429132342338562,0.03754045441746712,0.019546300172805786,0.9000320899350541,0.07963557646856238,0.02033233359638343,0.58826925418984,0.31503365324287075,0.0966970925672893,0.7,0.24,0.06,0.27091240882873535,0.48350316286087036,0.2455843985080719
2026-07-20,0.0009625315433368087,0.9974812865257263,0.001556216273456812,0.005372210204140048,0.990856798793093,0.0037709910027670258,0.021655220992928423,0.9367546376552456,0.04159014135182604,0.02,0.98,0.0,0.2604074776172638,0.4800140857696533,0.2595784068107605
2026-07-21,0.0010597725631669164,0.9851491451263428,0.013791038654744625,0.006047864532378342,0.9791608037103254,0.014791331757296222,0.03577865361538122,0.9079140708951593,0.056307275489459484,0.02,0.96,0.02,0.2424725741147995,0.49986597895622253,0.257661372423172
2026-07-22,0.00030337332282215357,0.9986156225204468,0.0010809884406626225,0.0044308898956717515,0.9888366533229705,0.006732456781357708,0.01764339745346173,0.920419628733211,0.061936973813327224,0.04,0.94,0.02,0.31101804971694946,0.3780345022678375,0.3109475374221802
2026-07-23,0.006899903994053602,0.9887913465499878,0.004308783449232578,0.04424756953181833,0.942422795009335,0.01332963545884676,0.02765568173770332,0.9531960091931175,0.019148309069179248,0.1,0.86,0.04,0.3793417513370514,0.3019205927848816,0.31873762607574463
2026-07-24,0.0005473173223435879,0.9887832999229431,0.010669381357729435,0.0010413322812558806,0.9891548303585445,0.00980383736019965,0.019875513041535467,0.8809615185789752,0.09916296837948936,0.0,0.82,0.18,0.3471943140029907,0.3393915593624115,0.3134140968322754
2026-07-27,0.0015077284770086408,0.07039345055818558,0.9280987977981567,0.003100432823557661,0.15355710392975122,0.843342463246691,0.018466263276655816,0.522138703102566,0.4593950336207782,0.0,0.28,0.72,0.2828275263309479,0.4141971468925476,0.3029753267765045
2026-07-28,0.0009497200371697545,0.034377455711364746,0.964672863483429,0.002603174674922989,0.1050318948616603,0.8923649304634168,0.015582121316305389,0.2523523796787967,0.7320654990048979,0.0,0.28,0.72,0.21100598573684692,0.5123811960220337,0.2766128480434418
2026-07-29,0.0002579361025709659,0.997582197189331,0.002159822965040803,0.0012129696381092856,0.990840901927449,0.007946128434441625,0.00607768428023529,0.9633606804435723,0.030561635276192413,0.02,0.96,0.02,0.2107492834329605,0.5159251689910889,0.27332553267478943
2026-07-30,0.0004813899577129632,0.9965761303901672,0.0029424577951431274,0.0005296837919551687,0.9967992876109818,0.002671028597063124,0.0032356152186235223,0.9764134419581798,0.0203509428231967,0.0,0.98,0.02,0.16906657814979553,0.599564254283905,0.23136919736862183
2026-07-31,0.0002889149182010442,0.9987300038337708,0.0009811071213334799,0.0012282676420949743,0.9911631269494975,0.007608605408407444,0.005753497102551592,0.9718446767962142,0.022401826101234253,0.0,1.0,0.0,0.171913743019104,0.5986815690994263,0.22940459847450256
2026-08-03,0.0002967021137010306,0.9981380701065063,0.0015651625581085682,0.0026092990961628392,0.9945401749437128,0.0028505259601242436,0.002871329546025116,0.9915266140377379,0.005602056416236912,0.02,0.98,0.0,0.16150516271591187,0.6337172985076904,0.20477750897407532
2026-08-04,0.0002506114251445979,0.9972467422485352,0.002502626273781061,0.000915259539198152,0.9910728766011854,0.008011863859616393,0.006831756150176428,0.9768485347135207,0.016319709136302794,0.0,0.96,0.04,0.1588335782289505,0.6466304659843445,0.19453594088554382
2026-08-05,0.00038957057404331863,0.9966176152229309,0.0029928365256637335,0.0008354454172538679,0.987475921545425,0.011688633037321263,0.008347914360481011,0.9574817988716795,0.03417028676783952,0.02,0.96,0.02,0.14666680991649628,0.666854739189148,0.1864784210920334
2026-08-06,0.00036178051959723234,0.9983628392219543,0.0012753256596624851,0.0006969248965459648,0.9960077170276914,0.003295358075762697,0.0016978604870929747,0.9943383243714854,0.0039638151414216685,0.02,0.98,0.0,0.15109486877918243,0.662202000617981,0.186703160405159
2026-08-07,0.00032077208743430674,0.9981383085250854,0.0015408458421006799,0.0005506846711618503,0.9977819657278694,0.0016673496009688162,0.0031536313390583314,0.9865153084101457,0.010331060250796083,0.0,1.0,0.0,0.13308991491794586,0.6999724507331848,0.16693760454654694
2026-08-10,0.00019099617202300578,0.9992135763168335,0.0005953798536211252,0.0008135315811685582,0.998345627320105,0.0008408410987261862,0.003231515746891832,0.9923380116758628,0.004430472577245468,0.0,1.0,0.0,0.17654669284820557,0.6238027811050415,0.19965055584907532
2026-08-11,0.0004764959739986807,0.9975034594535828,0.0020200253929942846,0.0035140200073070925,0.9902979823748294,0.006187997617863516,0.0065731401502322154,0.9790883982999659,0.014338461549801973,0.0,1.0,0.0,0.2229882925748825,0.5426271557807922,0.2343844771385193
2026-08-12,0.0008964638691395521,0.9971725940704346,0.0019308759365230799,0.005994078858157943,0.9895815129006579,0.00442440824118405,0.005151844367368401,0.9889621243880075,0.005886031244624028,0.0,0.98,0.02,0.19964507222175598,0.5931589603424072,0.20719601213932037
2026-08-13,0.000541327113751322,0.9989966750144958,0.00046200535143725574,0.0016258390166455545,0.9973462650356139,0.001027895947740457,0.0026959254337452225,0.9923483521464314,0.00495572241982333,0.02,0.98,0.0,0.1708923727273941,0.6423935890197754,0.18671409785747528
2026-08-14,0.0005715531297028065,0.9986175298690796,0.000810954428743571,0.001878126919512432,0.9958280709797269,0.002293802100760525,0.0031384332265372095,0.9914372058337564,0.005424360939706539,0.0,1.0,0.0,0.18589597940444946,0.6091192960739136,0.2049846351146698
2026-08-17,0.0018178366590291262,0.9949597120285034,0.003222379833459854,0.0019527563029065954,0.9889250908572551,0.009122152839838095,0.004533468722457271,0.9909607660341299,0.004505765243412868,0.0,0.92,0.08,0.17528359591960907,0.620647668838501,0.20406882464885712
2026-08-18,0.0006066829082556069,0.9977201819419861,0.0016730990028008819,0.0009851503988284372,0.9950428572274073,0.00397199237376441,0.003831768201560229,0.9902996351248189,0.005868596673620858,0.0,1.0,0.0,0.18731217086315155,0.5985947847366333,0.21409299969673157
2026-08-19,0.0008895396022126079,0.9976714253425598,0.0014389860443770885,0.0018594206858629037,0.9930081906719767,0.005132388642160336,0.0036704955075290823,0.9886443052400473,0.007685199252423688,0.0,0.96,0.04,0.18187770247459412,0.6157849431037903,0.202337384223938
2026-08-20,0.0008589079952798784,0.997803270816803,0.001337805180810392,0.0010552555604565932,0.992850190090563,0.006094554348980432,0.007220330263251487,0.9863657864203149,0.006413883316433578,0.0,0.98,0.02,0.1977473497390747,0.5850523114204407,0.21720030903816223
2026-08-21,0.0004949774011038244,0.9986397624015808,0.0008652918040752411,0.0007643491651775568,0.9978792241012596,0.0013564267335628264,0.00903276963691792,0.9824092281400453,0.008558002223036827,0.0,0.98,0.02,0.19471654295921326,0.5960438847541809,0.20923961699008942
2026-08-24,0.0006981967599131167,0.9981650710105896,0.001136794569902122,0.0011788218713293494,0.997395655515866,0.001425522612804712,0.005170751964685549,0.9896502934209285,0.005178954614386111,0.0,1.0,0.0,0.17944952845573425,0.6149724721908569,0.20557798445224762
2026-08-25,0.00036488185287453234,0.9992311000823975,0.00040401911246590316,0.0007127002959936953,0.9985419496932654,0.0007453500107410734,0.0034589166713784145,0.9912356079856481,0.005305475342973395,0.0,1.0,0.0,0.14541244506835938,0.6764174103736877,0.17817015945911407
2026-08-26,0.0005561276921071112,0.998267650604248,0.0011762460926547647,0.0006630217668548008,0.9969234556851736,0.0024135225479716077,0.008422166870319266,0.9809357902793563,0.010642042850324428,0.02,0.96,0.02,0.11822857707738876,0.7213011980056763,0.16047020256519318
2026-08-27,0.00027392286574468017,0.9991662502288818,0.0005598812131211162,0.0004854911270373626,0.9978771731065617,0.0016373357664011155,0.001460119052034927,0.9958371230427985,0.0027027579051665668,0.0,1.0,0.0,0.12713506817817688,0.7167653441429138,0.15609955787658691
2026-08-28,0.00030190235702320933,0.9992076754570007,0.0004905025125481188,0.0006971558298380077,0.9982636875515849,0.0010391566185769074,0.0012867091057761199,0.9959135752302758,0.002799715663948212,0.0,1.0,0.0,0.12551337480545044,0.7200515866279602,0.15443502366542816
2026-08-31,0.0004690653004217893,0.9989216327667236,0.0006093663978390396,0.0010896946453206793,0.9971186756748058,0.0017916296798734653,0.008865082127266933,0.9829730533596048,0.008161864513128385,0.0,1.0,0.0,0.13678523898124695,0.7012883424758911,0.16192640364170074
2026-09-01,0.0006310807075351477,0.9980641007423401,0.0013048063265159726,0.0024993106991527004,0.9961933829622787,0.0013073063385686963,0.007396273056045651,0.9875776956478118,0.005026031296142482,0.06,0.94,0.0,0.194606214761734,0.5909450650215149,0.21444879472255707
2026-09-02,0.008975544013082981,0.9860424399375916,0.004982068669050932,0.00914463026880492,0.986401613738364,0.00445375599283121,0.027294034122771756,0.9563325529375791,0.016373412939649234,0.0,0.96,0.04,0.24093173444271088,0.5398013591766357,0.2192668616771698
2026-09-03,0.0010668481700122356,0.99854576587677,0.0003873635723721236,0.005609101506676793,0.9931234936770564,0.0012674048162667412,0.007021314661219986,0.9873373550544737,0.0056413302843061845,0.0,1.0,0.0,0.17441436648368835,0.6336045265197754,0.19198107719421387
2026-09-04,0.0032619228586554527,0.9961504936218262,0.0005876192008145154,0.0031361960677713627,0.9957057642153995,0.0011580397168291594,0.008492643122514125,0.9855400788330333,0.005967278044452666,0.0,1.0,0.0,0.16780543327331543,0.647150456905365,0.18504413962364197
2026-09-07,0.003500894410535693,0.9956803321838379,0.0008187481435015798,0.003465371228971409,0.9937400943111295,0.002794534459899098,0.027895482124139975,0.9648384229626387,0.007266094913221394,0.1,0.9,0.0,0.17073477804660797,0.6436803936958313,0.18558476865291595
2026-09-08,0.0025386004708707333,0.9959613680839539,0.001500055193901062,0.0067084907567176765,0.9913025490375134,0.0019889602057688305,0.0645050773772713,0.9252588807751988,0.010236041847529942,0.0,0.98,0.02,0.19176918268203735,0.6036557555198669,0.20457510650157928
2026-09-09,0.002564984140917659,0.9938920736312866,0.0035429049748927355,0.004768876768533195,0.9914704013031429,0.0037607219283239354,0.0142536318184135,0.9762328250414075,0.00951354314017888,0.02,0.94,0.04,0.24804683029651642,0.5105999112129211,0.24135328829288483
2026-09-10,0.00801498256623745,0.983285129070282,0.008699920028448105,0.008239302651183385,0.9863739902552486,0.005386707093567829,0.04270043655587719,0.9272384524484691,0.030061110995653718,0.06,0.88,0.06,0.3194834589958191,0.40569204092025757,0.2748245298862457
2026-09-11,0.005550808273255825,0.9818520545959473,0.012597138993442059,0.01672643098654553,0.9523706109864932,0.03090295802696133,0.08557357756508757,0.8685212702814725,0.04590515215344,0.06,0.86,0.08,0.30104997754096985,0.42215102910995483,0.2767989933490753
