Date,0,1,2,3,4,5,6,7,8,9,10,11,12,13,14
2024-12-12,0.9785355925559998,0.018934207037091255,0.002530223922803998,0.9291051002788674,0.05229246629382766,0.01860243342730489,0.7857235918006292,0.19841714074691388,0.015859267452456954,0.72,0.24,0.04,0.2652769982814789,0.4980105459690094,0.2367124855518341
2024-12-13,0.9832046627998352,0.01563047431409359,0.0011648356448858976,0.9234629709485027,0.06689825517724313,0.009638773874254113,0.9265992316247057,0.06338002502864462,0.010020743346649562,0.94,0.04,0.02,0.2982937693595886,0.4790235161781311,0.22268277406692505
2024-12-16,0.9929492473602295,0.005046635866165161,0.0020041363313794136,0.9681931708307632,0.024764761023134692,0.00704206814610219,0.9129078794694869,0.07724221315351307,0.00984990737700004,0.88,0.08,0.04,0.2790687680244446,0.5059005618095398,0.2150307595729828
2024-12-17,0.9695820808410645,0.02723250724375248,0.0031854556873440742,0.876403057614818,0.10942697159568217,0.01416997078949989,0.8309427076993301,0.15461796498055472,0.01443932732011517,0.84,0.14,0.02,0.2969381809234619,0.447063684463501,0.2559981048107147
2024-12-18,0.009490933269262314,0.987103283405304,0.0034058259334415197,0.025480588434714856,0.9660593294211236,0.008460082144161638,0.0215646718578525,0.9496082924222741,0.028827035719873263,0.08,0.9,0.02,0.2965395748615265,0.41846737265586853,0.284993052482605
2024-12-19,0.007025481201708317,0.9918071627616882,0.0011672904947772622,0.01598250598103484,0.9772204804573071,0.0067970135616580345,0.058479066350135056,0.8809189815828328,0.060601952067032144,0.02,0.94,0.04,0.3097416162490845,0.3850853443145752,0.30517303943634033
2024-12-20,0.0017391479341313243,0.9976563453674316,0.0006045089685358107,0.012388897401792482,0.9844516423471896,0.0031594602510178105,0.034898030895607876,0.9443524370032856,0.02074953210110642,0.06,0.94,0.0,0.31004953384399414,0.3753702640533447,0.31458017230033875
2024-12-23,0.006087955553084612,0.9921463131904602,0.001765783759765327,0.015823957258191544,0.9817556803950978,0.002420362346710625,0.03987155650856086,0.943788517587224,0.016339925904215076,0.06,0.94,0.0,0.31195831298828125,0.36792489886283875,0.3201168179512024
2024-12-24,0.008336550556123257,0.9903960227966309,0.001267363433726132,0.004168437905488911,0.9946221490850479,0.0012094130094631643,0.053712477042932125,0.9429279056252927,0.0033596173317751985,0.02,0.96,0.02,0.3217976987361908,0.36048761010169983,0.31771472096443176
2024-12-26,0.0049206409603357315,0.9894372224807739,0.005642147734761238,0.00949072862831817,0.9744297994261196,0.01607947194556206,0.02875807737140422,0.9452575763788792,0.025984346249716614,0.02,0.96,0.02,0.30736634135246277,0.39026227593421936,0.30237141251564026
2024-12-27,0.004525337368249893,0.9879139065742493,0.0075607337057590485,0.008111018544790594,0.9806065413644652,0.011282440090744146,0.05571810631227089,0.8982631765882526,0.046018717099476546,0.02,0.96,0.02,0.3082107603549957,0.3946645259857178,0.2971247136592865
2024-12-30,0.016085783019661903,0.9777511358261108,0.006163076963275671,0.03850614630885931,0.9369587045841291,0.024535149107011593,0.0348760529678857,0.9422500625305372,0.02287388450157701,0.12,0.82,0.06,0.3354496359825134,0.3727332651615143,0.2918171286582947
2024-12-31,0.006740958895534277,0.984417200088501,0.008841763250529766,0.016838283718914892,0.9650033195272555,0.018158396753829666,0.04095702112443885,0.9326712573070151,0.026371721568546152,0.08,0.88,0.04,0.34063053131103516,0.3692322373390198,0.29013723134994507
2025-01-01,0.01312943547964096,0.9814268946647644,0.0054437206126749516,0.03073627680536984,0.9594860744533019,0.009777648741328112,0.06796167870813871,0.8775668135167207,0.05447150777514059,0.14,0.82,0.04,0.33236002922058105,0.3765356242656708,0.29110434651374817
2025-01-02,0.9846057891845703,0.011748823337256908,0.0036454377695918083,0.9294079366461602,0.05256059657976611,0.01803146677407365,0.7654604135070865,0.17424800360655232,0.06029158288636112,0.78,0.18,0.04,0.3364764153957367,0.35428351163864136,0.30924007296562195
2025-01-03,0.9866477251052856,0.012558222748339176,0.0007940357318148017,0.9448950598587678,0.05142712666733214,0.003677813473900184,0.891114574144967,0.09475305513984088,0.01413237071519196,0.74,0.24,0.02,0.33229267597198486,0.35915932059288025,0.3085479736328125
2025-01-06,0.9733924865722656,0.022059915587306023,0.004547605291008949,0.9520599743708794,0.035580141142500056,0.012359884486620525,0.8210110831007459,0.13963632804828374,0.039352588850970455,0.78,0.16,0.06,0.31154999136924744,0.36696657538414,0.32148346304893494
2025-01-07,0.9801300764083862,0.01507339347153902,0.004796517547219992,0.946841006077773,0.04100404087745852,0.012154953044768444,0.8263984531202294,0.13895186499122475,0.03464968188854579,0.8,0.14,0.06,0.3059515953063965,0.3798547387123108,0.3141936659812927
2025-01-08,0.9673495888710022,0.015989528968930244,0.01666093058884144,0.9327891617271469,0.05031315668929212,0.016897681583561072,0.7151253440157422,0.1986168544239664,0.08625780156029124,0.7,0.14,0.16,0.2867903709411621,0.3957240879535675,0.31748560070991516
2025-01-09,0.017539693042635918,0.9720170497894287,0.010443317703902721,0.07583691929668905,0.8871819558289497,0.03698112487436135,0.09172944919454613,0.8157366278971968,0.09253392290825713,0.12,0.78,0.1,0.27791449427604675,0.4157845377922058,0.30630096793174744
2025-01-10,0.003587743965908885,0.9928977489471436,0.0035144640132784843,0.024580183857154457,0.9650619029831042,0.010357913159741229,0.028348855062607113,0.9234134575584382,0.048237687378954695,0.06,0.94,0.0,0.2819221615791321,0.4202234148979187,0.2978544533252716
2025-01-13,0.006047983653843403,0.9917363524436951,0.0022156131453812122,0.031773473330324896,0.9608476626794255,0.0073788639902494626,0.22863225923043004,0.7589231934106972,0.0124445473588727,0.08,0.92,0.0,0.3247721195220947,0.3579220175743103,0.31730589270591736
2025-01-14,0.00457021314650774,0.9941834807395935,0.0012462512822821736,0.01680384778699595,0.9793004260347831,0.0038957261782209293,0.07188854097784154,0.9202076879605785,0.007903771061579924,0.02,0.94,0.04,0.31958383321762085,0.3640664517879486,0.31634968519210815
2025-01-15,0.003454522229731083,0.9951007962226868,0.001444716821424663,0.027330583234682987,0.9689032455989891,0.0037661711663278755,0.019617971049052677,0.96494984650202,0.015432182448927278,0.02,0.98,0.0,0.31740596890449524,0.39996176958084106,0.2826322913169861
2025-01-16,0.008809149265289307,0.9840526580810547,0.007138181012123823,0.027569255477741368,0.9573295963708628,0.015101148151395969,0.056791157643291616,0.9244150491748715,0.018793793181836774,0.08,0.92,0.0,0.288026362657547,0.4464314579963684,0.2655421197414398
2025-01-17,0.03552424907684326,0.9473252892494202,0.017150498926639557,0.09263924714939081,0.8896891215607086,0.017671631289900437,0.0708073771861798,0.8642096387226291,0.06498298409119113,0.06,0.9,0.04,0.24709726870059967,0.5253974795341492,0.2275051772594452
2025-01-20,0.939475417137146,0.05305005982518196,0.00747446296736598,0.8289329872990482,0.15797360514729633,0.01309340755365536,0.5746045148817978,0.32916862585983825,0.09622685925836391,0.62,0.36,0.02,0.23141096532344818,0.5651530623435974,0.20343594253063202
2025-01-21,0.002632529241964221,0.9919952154159546,0.005372221115976572,0.011316207915347317,0.9722334991603976,0.016450292924254876,0.03569229887213427,0.9092783781440088,0.05502932298385681,0.08,0.88,0.04,0.2163010984659195,0.5670072436332703,0.21669164299964905
2025-01-22,0.0040219747461378574,0.9912971258163452,0.004680932965129614,0.03273577012714027,0.9494312115095548,0.01783301836330505,0.03135163415665331,0.8916127299519337,0.07703563589141285,0.06,0.9,0.04,0.2219742089509964,0.5593243837356567,0.21870139241218567
2025-01-23,0.0029420300852507353,0.9776306748390198,0.019427314400672913,0.006956060441120257,0.9290426342496991,0.06400130530918068,0.016987148199233387,0.903852036556776,0.0791608152439906,0.04,0.84,0.12,0.22916650772094727,0.5305313467979431,0.24030214548110962
2025-01-24,0.002658917335793376,0.969047486782074,0.028293639421463013,0.009543935605678159,0.9247380804979499,0.06571798389637193,0.014145430560708439,0.8608732874215717,0.12498128201771987,0.04,0.8,0.16,0.23132245242595673,0.5221193432807922,0.24655823409557343
2025-01-27,0.002885066671296954,0.033327922224998474,0.9637869596481323,0.01120495709436552,0.08590189200402962,0.9028931509016048,0.015915198541973645,0.21579278980223313,0.7682920116557932,0.06,0.26,0.68,0.22426268458366394,0.4837477505207062,0.2919895052909851
2025-01-28,0.004796838387846947,0.974484920501709,0.020718224346637726,0.026026555581853857,0.8999676011410612,0.07400584327708498,0.011844141938585882,0.9135050374874919,0.07465082057392215,0.04,0.84,0.12,0.2523825764656067,0.4611278772354126,0.28648945689201355
2025-01-29,0.005334264133125544,0.05480538681149483,0.9398603439331055,0.022174991001632696,0.11381051431590951,0.8640144946824578,0.029093029789047393,0.35787471594682285,0.6130322542641298,0.06,0.3,0.64,0.23325063288211823,0.48865941166877747,0.2780900001525879
2025-01-30,0.012997837737202644,0.9614347815513611,0.02556733973324299,0.04245671414366837,0.8769507441930177,0.08059254166331385,0.018122173647255185,0.8320699953122817,0.14980783104046305,0.06,0.8,0.14,0.21534864604473114,0.5212607383728027,0.26339060068130493
2025-01-31,0.002666957676410675,0.9882394075393677,0.009093665517866611,0.012793773438465834,0.967266066431188,0.019940160130346246,0.017771049166248484,0.9268369317508307,0.05539201908292071,0.06,0.94,0.0,0.22169579565525055,0.502780020236969,0.27552419900894165
2025-02-01,0.007882663980126381,0.980171799659729,0.011945610865950584,0.023904254206487747,0.9514038941271339,0.024691851666378477,0.033728537092592506,0.8890862331537341,0.0771852297536733,0.1,0.86,0.04,0.21917416155338287,0.5301221013069153,0.25070372223854065
2025-02-03,0.021858617663383484,0.9662177562713623,0.011923609301447868,0.05575655109722795,0.9196482307073773,0.024595218195394817,0.19840134664564069,0.7473477843418935,0.05425086901246563,0.1,0.86,0.04,0.2280193567276001,0.5488011837005615,0.22317947447299957
2025-02-04,0.9702733755111694,0.019860316067934036,0.009866347536444664,0.9006852217680082,0.08135871808966427,0.017956060142327552,0.7909357633507426,0.1929444708514326,0.016119765797824818,0.72,0.28,0.0,0.22300267219543457,0.5608311295509338,0.21616621315479279
2025-02-05,0.9859558343887329,0.011674702167510986,0.0023694203700870275,0.9455434900592751,0.04882666269073292,0.005629847249991807,0.8879784134386023,0.09759830161829876,0.014423284943098845,0.82,0.14,0.04,0.21130651235580444,0.5887174010276794,0.19997605681419373
2025-02-06,0.9526566863059998,0.04316052049398422,0.004182809963822365,0.8795917812712931,0.11210725596051617,0.008300962768190734,0.7296918343456069,0.2523239225882474,0.017984243066145746,0.8,0.2,0.0,0.2277134209871292,0.5546302199363708,0.21765637397766113
2025-02-07,0.9909049868583679,0.008244466967880726,0.000850602809805423,0.9474012722956103,0.043150643075244126,0.009448084629145394,0.7894572276714966,0.20473070949667502,0.0058120628318283725,0.76,0.24,0.0,0.23063740134239197,0.5558897852897644,0.21347276866436005
2025-02-10,0.02214028872549534,0.9758604764938354,0.001999279484152794,0.06932026905436461,0.9129393891440047,0.017740341801630685,0.21235584352587283,0.7698886884146444,0.017755468059482634,0.22,0.76,0.02,0.23920780420303345,0.5556148290634155,0.20517736673355103
2025-02-11,0.0014986135065555573,0.9979696869850159,0.000531631289049983,0.010031443406406517,0.987905040477403,0.00206351611619044,0.00838261262264953,0.9872375218193625,0.0043798655579880994,0.0,0.98,0.02,0.2788617014884949,0.4550040364265442,0.2661343216896057
2025-02-12,0.0027065726462751627,0.9960695505142212,0.001223897677846253,0.015433546138645695,0.9772874046810939,0.007279049180260294,0.017730091887547112,0.97349443240676,0.00877547570569286,0.02,0.96,0.02,0.2763111889362335,0.4427316188812256,0.28095710277557373
2025-02-13,0.0007029884727671742,0.9982352256774902,0.0010617765365168452,0.011113561415990816,0.9760216198749189,0.012864818709090424,0.04946974176052642,0.931736507288876,0.018793750950597456,0.04,0.9,0.06,0.2475970834493637,0.48389285802841187,0.26850998401641846
2025-02-14,0.0032980372197926044,0.9935238361358643,0.0031781496945768595,0.013589680812194907,0.9522195612380973,0.03419075794970784,0.03516290664483565,0.9133739107288751,0.051463182626289246,0.04,0.92,0.04,0.21461710333824158,0.5432709455490112,0.24211186170578003
2025-02-17,0.0014911609468981624,0.9916336536407471,0.006875136401504278,0.010230796311732883,0.9771962833029384,0.01257292038532872,0.04195383564808062,0.9065409345861923,0.05150522976572715,0.06,0.9,0.04,0.19659096002578735,0.5885488390922546,0.214860200881958
2025-02-18,0.012284730561077595,0.9801291823387146,0.007586056832224131,0.07533679145081276,0.8993590834043352,0.025304125144851884,0.032140861171268936,0.9263683521602245,0.041490786668506606,0.04,0.88,0.08,0.2166084200143814,0.5678414106369019,0.21555018424987793
2025-02-19,0.02918785996735096,0.9645808935165405,0.006231191102415323,0.056082577259981135,0.9326712373739675,0.01124618536605152,0.09673185329445458,0.8292695975778106,0.07399854912773492,0.14,0.8,0.06,0.24017897248268127,0.5258999466896057,0.23392102122306824
2025-02-20,0.9554239511489868,0.03409312665462494,0.010482896119356155,0.8727040928756393,0.09298906069245004,0.034306846431910586,0.6456181775521428,0.22123475560433795,0.1331470668435192,0.78,0.22,0.0,0.22810731828212738,0.552833616733551,0.21905900537967682
2025-02-21,0.966529905796051,0.02529454231262207,0.008175498805940151,0.8939790214373774,0.08059823908082485,0.025422739481797765,0.702542898133726,0.19660521257993938,0.10085188928633482,0.62,0.3,0.08,0.23724870383739471,0.4978351593017578,0.2649160623550415
2025-02-24,0.9767650961875916,0.02100575715303421,0.002229104284197092,0.9209728739020365,0.07315970283132636,0.005867423266637022,0.7461574326423129,0.20376366913852323,0.050078898219163843,0.74,0.22,0.04,0.28538158535957336,0.4125976860523224,0.3020206689834595
2025-02-25,0.00258401851169765,0.9945734143257141,0.0028425315394997597,0.01123992017376812,0.9851402553884806,0.003619824437751243,0.05455209216679436,0.8308457652281992,0.11460214260500635,0.04,0.9,0.06,0.23259876668453217,0.4608861804008484,0.30651503801345825
2025-02-27,0.0016640685498714447,0.9935011267662048,0.00483480840921402,0.008260629319165028,0.9842599792027678,0.00747939147806721,0.01603595157682291,0.9426540790938798,0.0413099693292972,0.0,0.82,0.18,0.24367064237594604,0.4355469346046448,0.3207823932170868
2025-02-28,0.005596465896815062,0.9921572208404541,0.002246348187327385,0.030375728456259268,0.9682156551819545,0.0014086163617863516,0.03932556786008215,0.9505233779946142,0.010151054145303663,0.06,0.94,0.0,0.2920486629009247,0.38881999254226685,0.3191313147544861
2025-03-03,0.0011072003981098533,0.9975026249885559,0.0013901331694796681,0.0017391802259515228,0.9972282874428763,0.0010325323311721412,0.008147294891388981,0.9829102394266177,0.00894246568199327,0.0,1.0,0.0,0.27678564190864563,0.3879268169403076,0.33528754115104675
2025-03-04,0.009192219004034996,0.9760164022445679,0.014791362918913364,0.039506736375127936,0.9185225971955344,0.0419706664293377,0.051030138902410135,0.9306664098039759,0.018303451293614006,0.06,0.9,0.04,0.29075413942337036,0.35527077317237854,0.3539750277996063
2025-03-05,0.0003872553934343159,0.9963561296463013,0.003256680443882942,0.0011119907147633082,0.9942052967694648,0.004682712515771908,0.010919159273625906,0.9573764398406728,0.031704400885701374,0.0,0.96,0.04,0.2896471619606018,0.34644052386283875,0.36391231417655945
2025-03-06,0.0006337686209008098,0.995452880859375,0.0039133126847445965,0.003140954757115622,0.9882555166926629,0.008603528550221437,0.029469100741056558,0.852531395959991,0.11799950329895235,0.04,0.92,0.04,0.263038694858551,0.3650085926055908,0.37195268273353577
2025-03-07,0.00260267686098814,0.9941151142120361,0.003282194724306464,0.008194726141044766,0.9757231155378291,0.016082158321126052,0.03263172525706936,0.9440480040627538,0.023320270680176804,0.0,1.0,0.0,0.2747385799884796,0.34908556938171387,0.3761758506298065
2025-03-10,0.0007440366898663342,0.9915996789932251,0.0076562571339309216,0.002485001135000984,0.9078390424914348,0.08967595637356415,0.02633494965035527,0.9345609543417035,0.0391040960079411,0.06,0.76,0.18,0.26437512040138245,0.36282169818878174,0.3728031516075134
2025-03-11,0.003977705258876085,0.9740098118782043,0.02201245352625847,0.015077867070548678,0.9380903030123744,0.0468318299170769,0.033242821690649335,0.8139407667676781,0.15281641154167247,0.06,0.82,0.12,0.2756909132003784,0.38999608159065247,0.33431297540664673
2025-03-12,0.0034329853951931,0.029510023072361946,0.9670569896697998,0.009912427173835623,0.07984561425377189,0.9102419585723925,0.03856245961145438,0.18175923589585552,0.77967830449269,0.0,0.2,0.8,0.26955509185791016,0.42304593324661255,0.3073989748954773
2025-03-13,0.0012133311247453094,0.05446723476052284,0.944319486618042,0.0076104102999176885,0.10699222382904831,0.8853973658710339,0.010275806902700664,0.28297891936689357,0.7067452737304059,0.04,0.34,0.62,0.26073476672172546,0.44904688000679016,0.290218323469162
2025-03-17,0.005677430424839258,0.035539887845516205,0.9587826728820801,0.016427116681954308,0.09482841296700975,0.888744470351036,0.023427225100749655,0.3124188021952603,0.6641539727039901,0.0,0.32,0.68,0.25746291875839233,0.5000030398368835,0.2425341010093689
2025-03-18,0.026907265186309814,0.024710632860660553,0.9483821392059326,0.053420512485368166,0.06941128875071766,0.8771681987639142,0.26809249161937226,0.22257591975371227,0.5093315886269154,0.08,0.26,0.66,0.2260056585073471,0.5443176031112671,0.2296767234802246
2025-03-19,0.03285424783825874,0.045659590512514114,0.9214861392974854,0.08417618758026409,0.11663279576232675,0.7991910166574092,0.22676265199089235,0.31373289693613027,0.45950445107297727,0.1,0.1,0.8,0.20816956460475922,0.5682751536369324,0.22355526685714722
2025-03-20,0.014814525842666626,0.9825553894042969,0.0026300575118511915,0.027728962471981398,0.9682962033508742,0.003974834177144194,0.04320400560322553,0.9164670017003226,0.04032899269645186,0.04,0.94,0.02,0.18981550633907318,0.6018214821815491,0.20836304128170013
2025-03-21,0.011768708005547523,0.9871968030929565,0.0010345521150156856,0.032217350155316224,0.9658227029085981,0.0019599469360857885,0.1066139570043074,0.8634920758671683,0.029893967128524313,0.02,0.96,0.02,0.19261915981769562,0.599488377571106,0.20789247751235962
2025-03-24,0.8854020237922668,0.10976874083280563,0.00482918182387948,0.6990540043875978,0.2952823949487775,0.005663600663624605,0.4215326354342521,0.5370481330206188,0.041419231545128964,0.68,0.28,0.04,0.1783367395401001,0.6360421180725098,0.18562114238739014
2025-03-25,0.06198717653751373,0.9322283267974854,0.005784534849226475,0.12596937342358636,0.8648319002651351,0.009198726311278603,0.1228590113724987,0.8428711063735571,0.034269882253944124,0.1,0.84,0.06,0.17218704521656036,0.649986207485199,0.17782674729824066
2025-03-26,0.041041672229766846,0.9556869268417358,0.003271395806223154,0.17881908467917906,0.8169496978442065,0.004231217476614475,0.3964015866629892,0.5791553575839895,0.02444305575302134,0.12,0.82,0.06,0.23613013327121735,0.5564044117927551,0.20746539533138275
2025-03-27,0.985302209854126,0.0131668820977211,0.0015309249283745885,0.951689909749228,0.045805754932711704,0.0025043353180603215,0.915097598752114,0.07036590976332059,0.01453649148456538,0.84,0.16,0.0,0.2687525749206543,0.5318378210067749,0.1994096338748932
2025-03-28,0.9740577936172485,0.023515673354268074,0.002426559804007411,0.9466877280392181,0.04855773490983696,0.004754537050945004,0.801242219660847,0.1696405705565028,0.0291172097826503,0.76,0.24,0.0,0.2614539563655853,0.5211300253868103,0.21741600334644318
2025-04-01,0.9693682193756104,0.02832392230629921,0.0023079230450093746,0.8711808300312396,0.12491168498679808,0.0039074849819623215,0.7640566193195617,0.20015934262509755,0.03578403805534076,0.82,0.18,0.0,0.2894919216632843,0.43035566806793213,0.28015244007110596
2025-04-02,0.9882197380065918,0.010040944442152977,0.0017393610905855894,0.9472236292569232,0.05027190516558292,0.00250446557749409,0.9253014081389268,0.04254169293781449,0.03215689892325857,0.74,0.24,0.02,0.26783832907676697,0.5008875727653503,0.23127411305904388
2025-04-03,0.011734096333384514,0.9799586534500122,0.008307228796184063,0.021764507834679994,0.9555998128640824,0.022635679301237537,0.11323476068692875,0.8212588748524565,0.06550636446061482,0.16,0.76,0.08,0.20846769213676453,0.5272072553634644,0.2643250524997711
2025-04-04,0.0015172673156484962,0.9928638339042664,0.005618967115879059,0.02058487869391276,0.9466237730770831,0.032791348229004,0.014787558512931905,0.9326046461674474,0.0526077953196209,0.06,0.76,0.18,0.18994666635990143,0.48982134461402893,0.3202320337295532
2025-04-07,0.0017536685336381197,0.003701576264575124,0.9945447444915771,0.008250894496150291,0.034277538949414973,0.9574715665544347,0.01881877964695349,0.10035133272050593,0.8808298876325407,0.06,0.12,0.82,0.21183732151985168,0.39590445160865784,0.3922582268714905
2025-04-08,0.00503610260784626,0.011483649723231792,0.9834802746772766,0.005711828327855626,0.026747882778258163,0.9675402888938863,0.030036834901362948,0.11227358076540263,0.8576895843332343,0.04,0.06,0.9,0.2243863344192505,0.38339558243751526,0.39221811294555664
2025-04-09,0.0059431008994579315,0.014920621179044247,0.9791362881660461,0.005642275907941503,0.03309572340360364,0.9612620006884548,0.028541047886540334,0.11223013590970451,0.8592288162037551,0.06,0.18,0.76,0.29264673590660095,0.3614225387573242,0.34593066573143005
2025-04-11,0.016783298924565315,0.025448588654398918,0.9577680826187134,0.02736735385285462,0.06750599635570134,0.9051266497914441,0.027251958363376676,0.13082353026927043,0.841924511367353,0.06,0.22,0.72,0.31331998109817505,0.4498477578163147,0.23683223128318787
2025-04-15,0.020392104983329773,0.024629438295960426,0.9549784660339355,0.027276078771262147,0.04884578820709168,0.9238781330216461,0.08630301108017512,0.2300775085999598,0.6836194803198651,0.02,0.12,0.86,0.21621231734752655,0.5606521368026733,0.22313553094863892
2025-04-16,0.029214758425951004,0.04502812772989273,0.925757110118866,0.041602792707764485,0.1025277485120751,0.8558694587801604,0.06197290673548204,0.19088509138870702,0.7471420018758109,0.06,0.18,0.76,0.227948859333992,0.456969290971756,0.3150818943977356
2025-04-17,0.004436494782567024,0.9889010190963745,0.00666243489831686,0.016465434009746028,0.9741957742158874,0.009338791774366318,0.020146158169812047,0.9305003630189037,0.04935347881128416,0.02,0.88,0.1,0.21178694069385529,0.5215393304824829,0.26667365431785583
2025-04-21,0.00755069637671113,0.941932201385498,0.05051705613732338,0.016861684527142613,0.8747861751904252,0.1083521402824322,0.04368910647525235,0.9002817519427282,0.05602914158201944,0.06,0.82,0.12,0.20318274199962616,0.5260505080223083,0.2707667648792267
2025-04-22,0.0050645447336137295,0.993311882019043,0.0016235857037827373,0.013824433311633336,0.9831110270172704,0.0030645396710963038,0.01724315609283747,0.9765480323155299,0.006208811591632683,0.08,0.86,0.06,0.22709843516349792,0.5176120400428772,0.2552894353866577
2025-04-23,0.004557930864393711,0.9945691823959351,0.0008728639222681522,0.020543191952906853,0.9730219578767237,0.006434850170369387,0.01190534268898239,0.9812965726808937,0.0067980846301239845,0.1,0.9,0.0,0.22547857463359833,0.5411363840103149,0.23338507115840912
2025-04-24,0.004092382732778788,0.9939802885055542,0.0019273560028523207,0.006439451036034007,0.9908034554267052,0.0027570935372608642,0.012601762680899804,0.9804042255653859,0.006994011753714468,0.02,0.98,0.0,0.20480136573314667,0.6132206916809082,0.18197788298130035
2025-04-25,0.0005290826666168869,0.9981552958488464,0.0013156087370589375,0.0012991442530440951,0.9861484485774576,0.012552407169498183,0.021752680875122693,0.9645331069512497,0.013714212173627525,0.02,0.98,0.0,0.21514877676963806,0.5863150358200073,0.198536217212677
2025-04-28,0.002369258552789688,0.993241548538208,0.004389218986034393,0.006889406138285406,0.9904165358679329,0.002694057993781864,0.023564350986547897,0.9566613108776906,0.01977433813576138,0.0,0.96,0.04,0.1845235377550125,0.6517843008041382,0.16369213163852692
2025-04-29,0.0010526744881644845,0.995101809501648,0.0038455177564173937,0.002792648730129516,0.99172933706898,0.005478014200890368,0.007745223943342861,0.9798265888814858,0.012428187175171235,0.0,0.96,0.04,0.19639438390731812,0.6249484419822693,0.1786571741104126
2025-04-30,0.0006288172444328666,0.996834933757782,0.0025362710002809763,0.0026659923393117318,0.9926835379444213,0.004650469716266874,0.01002663118447662,0.9783568110585739,0.011616557756949412,0.0,0.96,0.04,0.18587365746498108,0.6424980163574219,0.17162826657295227
2025-05-02,0.001281819073483348,0.9975760579109192,0.0011421709787100554,0.0057374157506996665,0.9914648825714901,0.0027977016778101696,0.006845245245228207,0.9892171812722035,0.003937573482568174,0.04,0.92,0.04,0.20178085565567017,0.6019176840782166,0.1963014304637909
2025-05-05,0.0019151369342580438,0.9920513033866882,0.006033600773662329,0.006528488464650052,0.9818520258802498,0.011619485655100115,0.03019838399115674,0.9511453531004279,0.01865626290841526,0.04,0.9,0.06,0.1817573606967926,0.6591678261756897,0.1590747833251953
2025-05-06,0.0040688058361411095,0.9875937104225159,0.008337492123246193,0.01867521689502484,0.976308979306657,0.0050158037983181174,0.07880574713167098,0.8861482369386652,0.03504601592966382,0.06,0.84,0.1,0.20717120170593262,0.6050592660903931,0.1877695620059967
2025-05-07,0.006958920508623123,0.9840661287307739,0.008974951691925526,0.029831151869605374,0.9595462148860084,0.010622633244386226,0.057386300983503565,0.9263230455264467,0.016290653490049677,0.02,0.88,0.1,0.22052274644374847,0.5694729089736938,0.2100042700767517
2025-05-08,0.02373952604830265,0.05366634950041771,0.9225941300392151,0.04288575609586112,0.09736871819917599,0.8597455257049629,0.10931104974165072,0.25270558713697755,0.6379833631213717,0.08,0.28,0.64,0.24728412926197052,0.5198547840118408,0.23286102712154388
2025-05-09,0.010003119707107544,0.040722236037254333,0.9492746591567993,0.03161689194393571,0.1128538256579031,0.8555292823981612,0.0374248321661171,0.20096987285675277,0.7616052949771301,0.0,0.24,0.76,0.2959251403808594,0.4324192702770233,0.2716555893421173
2025-05-12,0.0021807942539453506,0.9943521022796631,0.00346708158031106,0.007390245654208855,0.985348299418033,0.007261454927758145,0.006687240794551508,0.9844722337025243,0.008840525502924097,0.04,0.94,0.02,0.21553124487400055,0.6120327711105347,0.17243601381778717
2025-05-13,0.0020295900758355856,0.9928938746452332,0.0050765136256814,0.008703792770135778,0.9672107582513966,0.02408544897846779,0.010890506833129738,0.9743648621495575,0.014744631017312729,0.02,0.98,0.0,0.2401513308286667,0.5663514733314514,0.19349712133407593
2025-05-14,0.0025350626092404127,0.9924737215042114,0.00499127758666873,0.005229697968701481,0.9664934428662348,0.028276859165063773,0.07742164430805026,0.8805152523158962,0.042063103376053415,0.04,0.9,0.06,0.22607801854610443,0.5997746586799622,0.17414730787277222
2025-05-15,0.0018286722479388118,0.9959434866905212,0.0022278011310845613,0.006532799663052963,0.9848878649943591,0.008579335342587884,0.007065031691247538,0.987258341456678,0.005676626852074545,0.0,0.98,0.02,0.18641898036003113,0.6359667778015137,0.1776142120361328
2025-05-16,0.006591669283807278,0.9887872338294983,0.004621099215000868,0.009188902105650092,0.9819839339020351,0.008827163992314766,0.005080361243986944,0.99076217730293,0.004157461453083041,0.08,0.92,0.0,0.14413417875766754,0.7269784808158875,0.128887340426445
2025-05-19,0.0008049129974097013,0.9989328980445862,0.00026212341617792845,0.002768614215328973,0.9966998527140971,0.00053153307057401,0.003975936851645259,0.9903459254583024,0.005678137690052565,0.02,0.98,0.0,0.19738632440567017,0.6080998778343201,0.19451384246349335
2025-05-20,0.000506053795106709,0.9992755055427551,0.00021851006022188812,0.001504023708295119,0.9980498398125254,0.0004461364791793646,0.0021536255445925834,0.9880495890713371,0.009796785384070255,0.0,0.98,0.02,0.20469319820404053,0.5644420981407166,0.2308647334575653
2025-05-21,0.0032427108380943537,0.9952244758605957,0.001532814814709127,0.006454844873363859,0.9920413633100994,0.0015037918165367072,0.012782180236551212,0.975641278971705,0.011576540791743814,0.04,0.94,0.02,0.21959704160690308,0.536994218826294,0.24340875446796417
2025-05-22,0.0015888524940237403,0.9976951479911804,0.0007159449742175639,0.0025850050789203434,0.9963194211414006,0.0010955737796789972,0.00707649836759392,0.9837166824173649,0.00920681921504139,0.0,0.98,0.02,0.2296781986951828,0.5006721019744873,0.2696496844291687
2025-05-23,0.002313705161213875,0.9965106844902039,0.0011756481835618615,0.002755612266850563,0.9930558957877789,0.004188491945370615,0.006125085906882119,0.985882214042903,0.007992700050214895,0.0,0.98,0.02,0.22365285456180573,0.5100714564323425,0.26627570390701294
2025-05-26,0.00427672266960144,0.9937137961387634,0.002009485848248005,0.010733310270908954,0.9845724575764917,0.004694232152599309,0.017440993047017406,0.9715382011131141,0.011020805839868414,0.02,0.94,0.04,0.20281542837619781,0.547303318977356,0.24988123774528503
2025-05-27,0.000763154705055058,0.9984517097473145,0.0007850652327761054,0.002228971406008101,0.9961837625055329,0.001587266088459082,0.022310992720055493,0.9356233584393108,0.04206564884063385,0.0,1.0,0.0,0.17750507593154907,0.595824658870697,0.2266702800989151
2025-05-28,0.0008744046790525317,0.9983839988708496,0.00074165896512568,0.0060238787332019626,0.9921736399862582,0.0018024812805398235,0.024327745836329705,0.9600607163131247,0.01561153785054549,0.04,0.92,0.04,0.18738503754138947,0.5680906176567078,0.2445242553949356
2025-05-29,0.0011572280200198293,0.9925715327262878,0.006271273363381624,0.007065940991874743,0.9827332527671964,0.010200806240928912,0.017780562642027195,0.9506383766616376,0.03158106069633522,0.0,0.94,0.06,0.13199424743652344,0.705295205116272,0.1627105474472046
2025-05-30,0.002449621679261327,0.9848294854164124,0.012720894068479538,0.005358387331372737,0.9819927907797525,0.012648821888874647,0.03218963505215841,0.9269937321986605,0.04081663274918094,0.0,0.92,0.08,0.14190873503684998,0.6614335179328918,0.1966577172279358
2025-06-02,0.0028759923297911882,0.9724074602127075,0.02471654675900936,0.005178807232385821,0.9635174493771933,0.031303743390420705,0.01599234377160636,0.9309053679253875,0.05310228830300625,0.02,0.88,0.1,0.15819604694843292,0.6575412154197693,0.1842627227306366
2025-06-03,0.0024879961274564266,0.06372416019439697,0.9337878227233887,0.002870699334966743,0.1511649975506493,0.8459643031143841,0.009890245882209374,0.3356879361043346,0.654421818013456,0.0,0.38,0.62,0.1873183399438858,0.583377480506897,0.22930416464805603
2025-06-04,0.00195566238835454,0.040724605321884155,0.9573197364807129,0.00477368444577103,0.13295943811649535,0.8622668774377337,0.017044874904140438,0.24766989852174298,0.7352852265741167,0.0,0.36,0.64,0.16646860539913177,0.6151954531669617,0.21833601593971252
2025-06-05,0.0008325669332407415,0.9925820827484131,0.00658540241420269,0.006145842152440273,0.9465496480561579,0.047304509791401765,0.01897366558210967,0.7195831706605775,0.2614431637573128,0.02,0.88,0.1,0.16656847298145294,0.6263936758041382,0.20703791081905365
2025-06-06,0.0011490631150081754,0.994723916053772,0.004127021878957748,0.003460084528774585,0.9860008655589644,0.010539049912261046,0.0043334861630396175,0.9821862505386509,0.013480263298309387,0.0,1.0,0.0,0.1789812594652176,0.6353600025177002,0.18565866351127625
2025-06-09,0.0007914985180832446,0.9919595122337341,0.007248926442116499,0.003646126815147347,0.975854686185512,0.02049918699934083,0.006818828570743414,0.9740280385628847,0.019153132866371925,0.0,1.0,0.0,0.15566089749336243,0.6749794483184814,0.16935966908931732
2025-06-10,0.0006069866358302534,0.9939123392105103,0.005480682011693716,0.0032597720789095427,0.9760499136167804,0.020690314304310148,0.013077055573863168,0.9330416386838793,0.05388130574225742,0.0,0.98,0.02,0.16980251669883728,0.6338894963264465,0.19630806148052216
2025-06-11,0.0019177024951204658,0.9885651469230652,0.00951719656586647,0.006645246733380401,0.9808283611928474,0.01252639207377224,0.011965751433091308,0.973970074975071,0.014064173591837663,0.04,0.9,0.06,0.164682999253273,0.6690815091133118,0.16623550653457642
2025-06-12,0.0008369700517505407,0.9953680038452148,0.003795031225308776,0.005804165560313557,0.9747247511601317,0.01947108327955476,0.006266878748244134,0.9751466881620333,0.018586433089722618,0.0,1.0,0.0,0.1479460746049881,0.6854467391967773,0.16660720109939575
2025-06-13,0.002762710442766547,0.9883509874343872,0.008886323310434818,0.00375272954937173,0.9767678741745048,0.01947939627612321,0.013561313344216917,0.9601955746341093,0.026243112021673797,0.02,0.96,0.02,0.1802998036146164,0.5911484360694885,0.2285517305135727
2025-06-16,0.0009563153726048768,0.9936385750770569,0.005405050236731768,0.0019946306042911924,0.9872915498889362,0.010713819506772705,0.00753018364608393,0.90002674999631,0.092443066357606,0.0,1.0,0.0,0.18275277316570282,0.6067208051681519,0.21052640676498413
2025-06-17,0.0016935102175921202,0.9864240288734436,0.01188250444829464,0.004618468371959883,0.9415567220324952,0.05382480959554488,0.008095242644090556,0.9318624646836203,0.060042292672289076,0.04,0.92,0.04,0.18475385010242462,0.6088986396789551,0.20634758472442627
2025-06-18,0.0014641153393313289,0.9668471813201904,0.031688716262578964,0.007264321136526178,0.9418384584092142,0.050897220454259755,0.005497309312896142,0.8321152111680611,0.16238747951904273,0.0,0.84,0.16,0.18299445509910583,0.6217214465141296,0.19528402388095856
2025-06-19,0.004241215996444225,0.049152445048093796,0.9466063976287842,0.003765495098760054,0.16236650717865347,0.8338679977225866,0.008082817183713212,0.19914245782844822,0.7927747249878386,0.04,0.2,0.76,0.1925383359193802,0.6099786162376404,0.19748300313949585
2025-06-20,0.004114024341106415,0.06382819265127182,0.932057797908783,0.013601436019299874,0.166565208916966,0.8198333550637341,0.02922578202387383,0.20351941244405108,0.7672548055320751,0.04,0.28,0.68,0.19536307454109192,0.6224395632743835,0.18219739198684692
2025-06-23,0.002093986375257373,0.04349444434046745,0.9544116258621216,0.0032407679177222236,0.09379658351735576,0.902962648564922,0.01464537924057663,0.3866576339494928,0.5986969868099307,0.02,0.28,0.7,0.1407250612974167,0.6897987127304077,0.16947630047798157
2025-06-24,0.003373522311449051,0.9881850481033325,0.008441385813057423,0.018306492314070284,0.9579584828639689,0.02373502482196092,0.01768750340380742,0.7834230445045753,0.19888945209161746,0.02,0.94,0.04,0.12989352643489838,0.7093051671981812,0.16080129146575928
2025-06-25,0.002597386483103037,0.9937430024147034,0.00365956942550838,0.00851041244809957,0.9782791935595448,0.013210393992355584,0.011454543582921587,0.9562073057493583,0.03233815066772024,0.0,0.98,0.02,0.1251191943883896,0.7298622727394104,0.14501850306987762
2025-06-26,0.0018495599506422877,0.9968312382698059,0.001319235423579812,0.0023731931340189366,0.9968883993259315,0.0007384075400496821,0.003157875811458866,0.9943532751843782,0.002488849004162907,0.02,0.98,0.0,0.12613226473331451,0.7320521473884583,0.14181557297706604
2025-06-27,0.0006994724390096962,0.9983841180801392,0.0009164356160908937,0.0016058950715200073,0.9966493878279219,0.0017447171005580372,0.0021571219055111124,0.9954724809583017,0.0023703971361870566,0.02,0.98,0.0,0.13544204831123352,0.7038119435310364,0.16074606776237488
2025-06-30,0.0004105424741283059,0.9980417490005493,0.0015476713888347149,0.0011630097517478296,0.982529101324128,0.016307888924124235,0.0017183560506214062,0.9969834728610156,0.0012981710883629538,0.0,1.0,0.0,0.13647571206092834,0.7024354934692383,0.16108885407447815
2025-07-01,0.0003477692371234298,0.9991647005081177,0.0004875629092566669,0.0026537418775317277,0.9949654893492718,0.0023807687731964315,0.044327948084163536,0.9453818428960014,0.010290209019835,0.0,1.0,0.0,0.16365838050842285,0.6638941764831543,0.17244742810726166
2025-07-02,0.0004005749651696533,0.9992547631263733,0.00034469139063730836,0.0019184220427800667,0.9971937811589099,0.0008877967983099229,0.012714768119548378,0.9796298684272559,0.007655363453195898,0.04,0.96,0.0,0.16870199143886566,0.6756955981254578,0.15560239553451538
2025-07-03,0.0012502633035182953,0.9969527721405029,0.0017968961037695408,0.0033159705293088694,0.9919444751105684,0.004739554360122728,0.013946011497012759,0.9780919158325786,0.007962072670408606,0.02,0.96,0.02,0.17700813710689545,0.6600903272628784,0.16290150582790375
2025-07-04,0.0014780692290514708,0.9953769445419312,0.0031449657399207354,0.004296802459284237,0.9908329203022761,0.004870277238439681,0.016066166553791006,0.975636044330865,0.008297789115343868,0.0,0.98,0.02,0.17560340464115143,0.6614946126937866,0.16290199756622314
2025-07-07,0.001975683029741049,0.9953448176383972,0.0026794872246682644,0.007345729465654937,0.985270501981449,0.00738376855289607,0.00918907796905329,0.9864390540310296,0.004371867999917146,0.02,0.94,0.04,0.1931857317686081,0.6297698020935059,0.17704443633556366
2025-07-08,0.004554918501526117,0.9919554591178894,0.0034896954894065857,0.018138976792460296,0.9678366187987054,0.01402440440883421,0.02048681649302324,0.9737364085337267,0.00577677497325005,0.04,0.92,0.04,0.1990566998720169,0.6280575394630432,0.1728857457637787
2025-07-09,0.004111429210752249,0.989713191986084,0.006175415590405464,0.008639671772188216,0.9719770378813318,0.019383290346479842,0.009672355683809433,0.9800239029980613,0.010303741318129108,0.06,0.9,0.04,0.15104521811008453,0.703364908695221,0.14558985829353333
2025-07-10,0.000754661625251174,0.9949319958686829,0.004313366953283548,0.0025078902814960717,0.9904305078156312,0.00706160190287269,0.020210217158317303,0.9526832818749252,0.027106500966757385,0.02,0.96,0.02,0.1553889662027359,0.6813864707946777,0.16322457790374756
2025-07-11,0.0007939971401356161,0.990874171257019,0.008331862278282642,0.005160280386928249,0.975373994945227,0.019465724667844783,0.008564591530311224,0.9723075594025234,0.019127849067165505,0.02,0.94,0.04,0.18577265739440918,0.6209235191345215,0.19330377876758575
2025-07-14,0.0006856468971818686,0.9974230527877808,0.001891360618174076,0.0025360018950462073,0.9925100251019283,0.004953973003025311,0.007015496214159643,0.9690487343155336,0.023935769470306754,0.04,0.92,0.04,0.18080264329910278,0.6257230639457703,0.19347429275512695
2025-07-15,0.000845043919980526,0.9970017075538635,0.002153195906430483,0.004261738629649205,0.9934016134266984,0.00233664794365238,0.008517570916825808,0.9716626259996969,0.01981980308347745,0.0,0.94,0.06,0.18263179063796997,0.6259455680847168,0.19142261147499084
2025-07-16,0.000996537390165031,0.9972376823425293,0.0017657200805842876,0.002362847665665461,0.9944174260615091,0.0032197262728254307,0.01985525288396776,0.958386345448052,0.02175840166798017,0.02,0.96,0.02,0.18713310360908508,0.6319354176521301,0.18093152344226837
2025-07-17,0.003454270539805293,0.9945847392082214,0.0019610044546425343,0.013007541863631214,0.984359353562531,0.0026331045738377423,0.009079081377289506,0.9781668981706927,0.012754020452017881,0.02,0.96,0.02,0.19234903156757355,0.6375144720077515,0.1701364666223526
2025-07-18,0.0015495195984840393,0.9974889755249023,0.0009614769951440394,0.004404865525154126,0.9945271272330194,0.0010680072418264843,0.003742620324166972,0.9913325597284742,0.004924819947358734,0.0,1.0,0.0,0.18761400878429413,0.6342309713363647,0.1781550496816635
2025-07-21,0.001461612875573337,0.9970753192901611,0.0014631309313699603,0.0047847108983810095,0.9904958110700225,0.00471947803159635,0.019513292459500217,0.9744084629569626,0.0060782445835371735,0.0,1.0,0.0,0.1765970140695572,0.6541578769683838,0.16924507915973663
2025-07-22,0.002019998151808977,0.9970625042915344,0.000917478057090193,0.002488106226225757,0.9962800812373775,0.001231812536396654,0.007741943117850857,0.9761094748888866,0.016148581993262443,0.02,0.96,0.02,0.15845820307731628,0.6876566410064697,0.153885155916214
2025-07-23,0.0010625263676047325,0.9985249638557434,0.0004125702544115484,0.002467305260287796,0.9965798021915031,0.0009528925482092088,0.007174421609207551,0.9895516803448026,0.003273898045989954,0.0,1.0,0.0,0.16099444031715393,0.691012442111969,0.1479930430650711
2025-07-24,0.00040719035314396024,0.9983769655227661,0.0012158243916928768,0.003878074443630117,0.9929694930801832,0.0031524324761866176,0.006390044452934644,0.9896480428172647,0.003961912729800698,0.02,0.98,0.0,0.17093145847320557,0.6645222306251526,0.1645464152097702
2025-07-25,0.00044382584746927023,0.9984316229820251,0.0011245517525821924,0.0013845771431285781,0.9952209761419823,0.003394446714889131,0.004260324518222636,0.9897251156335894,0.006014559848188046,0.02,0.98,0.0,0.1937694102525711,0.6064239144325256,0.19980667531490326
2025-07-28,0.00825063232332468,0.9891595244407654,0.0025898078456521034,0.01731604575873613,0.9774463615490744,0.0052375926921896096,0.02198265431749677,0.9508287656734262,0.02718858000907721,0.02,0.98,0.0,0.23940172791481018,0.5103619694709778,0.2502363324165344
2025-07-29,0.005534736439585686,0.9926549196243286,0.0018103293841704726,0.014161555596721713,0.9772124119050419,0.008626032498236406,0.02030816299254386,0.9699645056918946,0.009727331315561635,0.02,0.98,0.0,0.24190078675746918,0.530516505241394,0.22758273780345917
2025-07-30,0.003522551851347089,0.9949104189872742,0.0015670021530240774,0.018563082922587813,0.9798455149280472,0.001591402149364942,0.017288921884284374,0.9745396042847473,0.008171473830968444,0.02,0.98,0.0,0.23082730174064636,0.5633481740951538,0.20582453906536102
2025-07-31,0.015059636905789375,0.9791160225868225,0.005824352614581585,0.05324901775148872,0.9361423579335851,0.010608624314925994,0.028637467425819085,0.9541427020076035,0.017219830566577325,0.14,0.8,0.06,0.22411122918128967,0.5771326422691345,0.19875608384609222
2025-08-01,0.002079164842143655,0.9965792298316956,0.0013416584115475416,0.005120680845618652,0.9926580055092985,0.0022213136450828334,0.010800206349309498,0.9741551305864224,0.015044663064268125,0.06,0.94,0.0,0.21921321749687195,0.5518124103546143,0.2289743721485138
2025-08-04,0.002561925444751978,0.9961925745010376,0.0012454729294404387,0.004627514251347631,0.9946390107422426,0.0007334750064097219,0.0042908412991937,0.990415310733205,0.005293847967601441,0.02,0.98,0.0,0.18685242533683777,0.6139342784881592,0.19921323657035828
2025-08-05,0.004094607196748257,0.9851862788200378,0.010719137266278267,0.005195033480678468,0.9660741704736934,0.028730796045628084,0.012437707000264787,0.9578846053099405,0.029677687689794653,0.02,0.92,0.06,0.1994207352399826,0.579655647277832,0.22092363238334656
2025-08-06,0.001375410589389503,0.9912386536598206,0.007385899778455496,0.005221369611999945,0.991019019543122,0.0037596108448779432,0.017456543990217524,0.9492325111078379,0.033310944901944646,0.04,0.88,0.08,0.17550501227378845,0.6247724294662476,0.19972257316112518
2025-08-07,0.001621090341359377,0.9828187823295593,0.01556007843464613,0.004836961639791249,0.9190498339876454,0.07611320437256337,0.0137171869095127,0.9214485552980921,0.06483425779239524,0.06,0.82,0.12,0.17257623374462128,0.6355907917022705,0.19183297455310822
2025-08-08,0.002024260815232992,0.03520018979907036,0.962775468826294,0.007565551317922509,0.1276487395579464,0.864785709124131,0.01289053539429261,0.14675367652568702,0.8403557880800204,0.02,0.34,0.64,0.2180722951889038,0.5579211115837097,0.22400662302970886
2025-08-11,0.0015366628067567945,0.9810582399368286,0.017405066639184952,0.007413152089040818,0.9627686076884672,0.029818240222492035,0.021024524730990746,0.9329651577252404,0.04601031754376888,0.02,0.96,0.02,0.2210334688425064,0.5644876956939697,0.21447880566120148
2025-08-12,0.0028894483111798763,0.04973837733268738,0.9473721385002136,0.005504534354953473,0.11578483490553447,0.8787106307395122,0.025951370470052314,0.23107406265464256,0.7429745668753052,0.0,0.22,0.78,0.21363839507102966,0.5804966688156128,0.20586492121219635
2025-08-13,0.00463157007470727,0.9840340614318848,0.0113343745470047,0.013540000396235794,0.9654955374745728,0.02096446212919134,0.018571921033842413,0.9266707312513103,0.05475734771484738,0.08,0.82,0.1,0.1905221790075302,0.6232525706291199,0.1862252950668335
2025-08-14,0.008504766970872879,0.985072672367096,0.006422597914934158,0.02604348195756115,0.9639260653115487,0.010030452730890137,0.04521978496070798,0.9094626299232295,0.04531758511606239,0.08,0.92,0.0,0.18826453387737274,0.6336154937744141,0.17811989784240723
2025-08-18,0.026500092819333076,0.9670096039772034,0.0064902943558990955,0.0562267660130379,0.9329501976559896,0.010823036330972542,0.09652253495072351,0.8870862560102911,0.016391209038985426,0.02,0.96,0.02,0.187577024102211,0.6453219056129456,0.16710101068019867
2025-08-19,0.01397557184100151,0.9824934601783752,0.0035309940576553345,0.05582441654007994,0.9358966262444778,0.008278957215442294,0.11662877886420203,0.8550219617605326,0.028349259375265442,0.02,0.94,0.04,0.18414756655693054,0.6298530101776123,0.18599939346313477
2025-08-20,0.948997974395752,0.04132626950740814,0.009675685316324234,0.8734803977607926,0.11175724159960625,0.014762360639601105,0.6731842126069545,0.3099456844759751,0.01687010291707047,0.68,0.32,0.0,0.19250459969043732,0.6199823617935181,0.187513068318367
2025-08-21,0.9429917931556702,0.04557562246918678,0.011432605795562267,0.8897451367041914,0.09095708178960311,0.019297781506205373,0.7952777230816589,0.18350403250817485,0.02121824441016616,0.56,0.44,0.0,0.19318819046020508,0.6170648336410522,0.1897469460964203
2025-08-22,0.003916590940207243,0.992954671382904,0.0031287879683077335,0.011671787925357337,0.9844158851299576,0.003912326944685052,0.03714586783383895,0.9576670626529651,0.005187069513196125,0.02,0.94,0.04,0.1666898876428604,0.6761425733566284,0.15716756880283356
2025-08-25,0.0059027825482189655,0.9926896691322327,0.0014074828941375017,0.01444833635070193,0.9808314851639605,0.004720178485337501,0.034033272000910865,0.9526594418830355,0.013307286116053592,0.02,0.96,0.02,0.16822022199630737,0.679794192314148,0.15198558568954468
2025-08-26,0.0043152072466909885,0.9943219423294067,0.0013628407614305615,0.011653236284106513,0.981629909788631,0.006716853927262473,0.031223504163610104,0.9590832918716172,0.0096932039647728,0.06,0.94,0.0,0.20297415554523468,0.6187300086021423,0.17829576134681702
2025-08-28,0.002899033483117819,0.9955474138259888,0.0015535895945504308,0.013857463465826345,0.9794626136524296,0.006679922881744137,0.01506407180581564,0.9663625577999919,0.018573370394192434,0.0,0.96,0.04,0.22419053316116333,0.5785430669784546,0.1972663402557373
2025-08-29,0.0029959166422486305,0.9960784316062927,0.0009257050114683807,0.004960950733714087,0.9940325587926523,0.0010064904736334914,0.03442928970688331,0.9575299728355156,0.008040737457601144,0.04,0.96,0.0,0.24041436612606049,0.5225118398666382,0.23707373440265656
2025-09-01,0.004834790248423815,0.9940400123596191,0.001125277136452496,0.008970105124916215,0.9892569709497682,0.0017729239253155972,0.02644229757635733,0.9628439474934392,0.01071375493020363,0.04,0.96,0.0,0.23258425295352936,0.5568146109580994,0.2106010466814041
2025-09-02,0.003490333678200841,0.9954687356948853,0.001040913164615631,0.01336058444015242,0.9852682124957365,0.0013712030641111414,0.04469002129555369,0.9410763362099583,0.014233642494488061,0.02,0.98,0.0,0.21054036915302277,0.5993803143501282,0.19007931649684906
2025-09-03,0.005723577458411455,0.9930794835090637,0.0011969550978392363,0.0221642578153824,0.9767355076842502,0.0011002345003673542,0.05931703547725767,0.9356992350045215,0.004983729518220947,0.08,0.88,0.04,0.18975688517093658,0.6459867358207703,0.16425636410713196
2025-09-04,0.00199470529332757,0.9971821308135986,0.0008231358951888978,0.009426222104592118,0.98812342951236,0.002450348383047767,0.016803004613579964,0.9786966735193952,0.004500321867024858,0.02,0.98,0.0,0.18654093146324158,0.6472026705741882,0.166256383061409
2025-09-05,0.003973661456257105,0.9875773191452026,0.008449041284620762,0.009035590033805031,0.9599322846736169,0.031032125292577994,0.03329566219329162,0.9388441063214069,0.027860231485301437,0.02,0.96,0.02,0.17151637375354767,0.6714966297149658,0.15698696672916412
2025-09-08,0.0025967122055590153,0.9963280558586121,0.0010752812959253788,0.0132855813121005,0.9839520987902383,0.002762319897661223,0.01928298925755552,0.9668390987660415,0.013877911976403094,0.02,0.96,0.02,0.1524917036294937,0.7034397721290588,0.14406846463680267
2025-09-09,0.002073631389066577,0.9960695505142212,0.001856813090853393,0.0092720334748187,0.9859744649519325,0.004753501573248829,0.02007689881034347,0.9696917028371029,0.010231398352553626,0.04,0.94,0.02,0.1414158046245575,0.7272481322288513,0.13133610785007477
2025-09-10,0.010538832284510136,0.9888125658035278,0.0006485897465609014,0.015271107368639247,0.9834687594124669,0.001260133218893862,0.032052276816448275,0.9590497193724948,0.008898003811057018,0.08,0.92,0.0,0.1549951285123825,0.7114536166191101,0.1335512101650238
2025-09-11,0.005505852401256561,0.9934826493263245,0.0010115234181284904,0.020085287115017652,0.9780033042502735,0.00191140863470867,0.020211353319698647,0.972840944416748,0.006947702263553452,0.08,0.88,0.04,0.1475282609462738,0.7169862389564514,0.13548541069030762
2025-09-12,0.002742590382695198,0.9967170357704163,0.0005404071416705847,0.00667402642179639,0.9925356194642544,0.0007903541139490418,0.05041921242516497,0.9453097021316937,0.004271085443141264,0.0,1.0,0.0,0.1684006154537201,0.6966416835784912,0.1349576860666275
2025-09-15,0.003609241684898734,0.9949445128440857,0.0014462894760072231,0.010546246460886116,0.9881015046967547,0.0013522488423592576,0.028691039239723434,0.9684231988238052,0.00288576193647124,0.04,0.9,0.06,0.17520560324192047,0.6861730813980103,0.1386212855577469
2025-09-16,0.0035412018187344074,0.9958804845809937,0.0005782612133771181,0.010902900567513304,0.987421826219766,0.0016752732127205802,0.10022456053903685,0.8941714413854243,0.005603998075538718,0.06,0.94,0.0,0.16991573572158813,0.6990973949432373,0.13098682463169098
2025-09-17,0.034835442900657654,0.9635478258132935,0.0016166886780411005,0.07400725109513519,0.9228222261566382,0.003170522748226489,0.06987015287629969,0.9248047111814566,0.005325135942243669,0.14,0.86,0.0,0.17614975571632385,0.6818867921829224,0.14196349680423737
2025-09-18,0.9627126455307007,0.03581593558192253,0.0014714309945702553,0.8691539786066671,0.12628910799852525,0.004556913394807718,0.5581874159308043,0.42972320440250855,0.012089379666686956,0.74,0.24,0.02,0.19681791961193085,0.6520816683769226,0.15110045671463013
2025-09-19,0.9581572413444519,0.040151529014110565,0.0016913075232878327,0.8775190178778292,0.11873373397530337,0.003747248146867437,0.605992105911258,0.3826780206979023,0.011329873390839742,0.7,0.3,0.0,0.20428094267845154,0.6300351023674011,0.16568399965763092
2025-09-22,0.9794778823852539,0.017879044637084007,0.002643073443323374,0.9428848510445142,0.0526501570894923,0.00446499186599335,0.8551469467521086,0.11780171308997774,0.027051340157913707,0.64,0.32,0.04,0.19795314967632294,0.6390095353126526,0.16303735971450806
2025-09-23,0.9636350870132446,0.03325216844677925,0.00311279296875,0.9177641092346622,0.07583266056478583,0.006403230200551907,0.7946359653897723,0.19775263129485823,0.007611403315369348,0.76,0.22,0.02,0.2108781635761261,0.6140719056129456,0.17504991590976715
2025-09-24,0.014374650083482265,0.9821089506149292,0.0035164046566933393,0.021147417686579316,0.9743897804974928,0.004462801815927897,0.057200503648443625,0.9304195208892615,0.012379975462294782,0.02,0.98,0.0,0.2495041936635971,0.5510265827178955,0.1994691789150238
2025-09-25,0.011306938715279102,0.9858852624893188,0.0028078360483050346,0.022979329232218605,0.9694866173470312,0.00753405342075023,0.09165375298508373,0.8998696382703205,0.008476608744595902,0.04,0.96,0.0,0.266443133354187,0.5186372399330139,0.21491962671279907
2025-09-26,0.003978827968239784,0.9953765869140625,0.0006445425096899271,0.014833723547809728,0.9837569297990445,0.0014093466531459383,0.047279245000436766,0.9366544115887112,0.016066343410852,0.02,0.98,0.0,0.28968411684036255,0.4818917512893677,0.228424072265625
2025-09-29,0.002321947133168578,0.9964291453361511,0.0012489446671679616,0.011691424193028278,0.9854050362092245,0.002903539597747215,0.050581417453131994,0.935261558386825,0.014157024160042959,0.02,0.96,0.02,0.2746393084526062,0.48911580443382263,0.23624484241008759
2025-09-30,0.004171198233962059,0.9942329525947571,0.001595807378180325,0.016912236722776045,0.9799391407311362,0.003148622546087605,0.06976347148236561,0.908337137205012,0.021899391312622363,0.14,0.86,0.0,0.26290032267570496,0.5001243352890015,0.23697534203529358
2025-10-01,0.0045536234974861145,0.984533429145813,0.010912969708442688,0.008281813027049322,0.953182350815705,0.03853583615724579,0.09997825640892237,0.8167989551240742,0.08322278846700351,0.02,0.94,0.04,0.20267097651958466,0.611242949962616,0.18608616292476654
2025-10-03,0.006099309306591749,0.9878578186035156,0.00604293355718255,0.013735897837567568,0.9750793673676338,0.011184734794798675,0.054495635240258196,0.9194925096230196,0.02601185513672229,0.02,0.94,0.04,0.1880396604537964,0.6322053670883179,0.17975494265556335
2025-10-06,0.0008879606612026691,0.9980311989784241,0.0010808391962200403,0.0035844781206944396,0.9941360983232687,0.0022794235560367874,0.05623604392181024,0.9299343572132514,0.013829598864938553,0.0,1.0,0.0,0.21298453211784363,0.6022466421127319,0.18476881086826324
2025-10-07,0.008768372237682343,0.9890224933624268,0.0022090845741331577,0.021909983423628994,0.975708762301167,0.0023812542752040767,0.05134176880316423,0.9427336409679404,0.005924590228895341,0.06,0.94,0.0,0.21301546692848206,0.5998882055282593,0.18709637224674225
2025-10-08,0.013239498250186443,0.9834144711494446,0.003346020355820656,0.017066837742310114,0.9754770031400268,0.007456159117663177,0.08841623622437576,0.9029471323662519,0.008636631409372361,0.02,0.96,0.02,0.20964600145816803,0.6191768646240234,0.17117713391780853
2025-10-09,0.024224646389484406,0.9726350903511047,0.003140304470434785,0.0369793494182245,0.9577723782123834,0.005248272369392327,0.05835443152940055,0.9328139007009112,0.00883166776968844,0.02,0.94,0.04,0.2143324464559555,0.6170876622200012,0.1685798168182373
2025-10-10,0.006376843433827162,0.9730427265167236,0.02058044821023941,0.02310148940199893,0.9139479751854204,0.06295053541258074,0.04043021059917106,0.7605775722813811,0.19899221711944784,0.04,0.72,0.24,0.17896093428134918,0.6499893069267273,0.17104971408843994
2025-10-13,0.009915792383253574,0.03097841702401638,0.9591057896614075,0.013076785669256913,0.11078394026271277,0.8761392740680303,0.02479563739266818,0.24262440283267153,0.7325799597746604,0.02,0.18,0.8,0.16467536985874176,0.6748692989349365,0.16045528650283813
2025-10-14,0.0037072598934173584,0.017355315387248993,0.9789374470710754,0.0034764309098193934,0.04413649371431758,0.952387075375863,0.02223758041485233,0.1337590150017515,0.8440034045833961,0.02,0.16,0.82,0.16308757662773132,0.6717610955238342,0.16515131294727325
2025-10-15,0.0052373674698174,0.044352442026138306,0.9504101276397705,0.011461703217021467,0.10803507846705436,0.8805032183159242,0.02914709548772285,0.2655724658514393,0.7052804386608379,0.04,0.3,0.66,0.15999899804592133,0.685168445110321,0.15483251214027405
2025-10-16,0.004049742594361305,0.9888681173324585,0.007082089316099882,0.01703477727884141,0.9699105763860351,0.01305464633512342,0.025475321343778647,0.9424742695636632,0.032050409092558095,0.02,0.9,0.08,0.13783235847949982,0.7061592936515808,0.15600842237472534
2025-10-17,0.0006662814994342625,0.9988683462142944,0.00046545409713871777,0.0027805044204135825,0.9957991209194219,0.0014203746601644562,0.009389669628931658,0.9836854739249183,0.006924856446149904,0.04,0.96,0.0,0.16050344705581665,0.6856852769851685,0.1538112461566925
2025-10-20,0.0008212419343180954,0.9989816546440125,0.00019710369815584272,0.0029264253459967272,0.9957859384125592,0.0012876362414438263,0.006443568785046485,0.9845807961772282,0.00897563503772534,0.0,1.0,0.0,0.16170670092105865,0.6740896701812744,0.16420359909534454
2025-10-21,0.006126411724835634,0.9930292963981628,0.000844300608150661,0.013014240106781356,0.9814564412321969,0.005529318661021723,0.01921702386765892,0.9656632455316682,0.015119730600673004,0.0,0.98,0.02,0.15810826420783997,0.6906006932258606,0.15129104256629944
2025-10-23,0.006208810023963451,0.9928688406944275,0.0009223122033290565,0.03850865586277633,0.9562370206619353,0.005254323475288332,0.0452654207423304,0.9419698669663302,0.012764712291339174,0.1,0.9,0.0,0.20014828443527222,0.6526012420654297,0.14725050330162048
2025-10-24,0.006781346630305052,0.9914094805717468,0.0018092396203428507,0.01472979672311444,0.9762972063516284,0.008972996925256929,0.03201265667011266,0.9464719335188897,0.021515409810997605,0.06,0.9,0.04,0.19622381031513214,0.6555923223495483,0.1481838822364807
2025-10-27,0.0016632723854854703,0.9977898597717285,0.0005468357121571898,0.02233656860064748,0.9691573116530828,0.008506119746269579,0.02756838502603814,0.955240434353084,0.017191180620877735,0.04,0.94,0.02,0.19372209906578064,0.6631866097450256,0.14309124648571014
2025-10-28,0.005077766720205545,0.9925812482833862,0.002340941922739148,0.022094448544750372,0.9644316117143386,0.013473939740911038,0.05341934072186661,0.9091393600513175,0.037441299226816,0.1,0.9,0.0,0.20371848344802856,0.6457604169845581,0.15052111446857452
2025-10-29,0.9186277389526367,0.07639435678720474,0.004977889358997345,0.8020267947898327,0.17207930351225498,0.025893901697912218,0.5898806351671507,0.3714816129075651,0.038637751925284125,0.64,0.36,0.0,0.19780397415161133,0.6627180576324463,0.1394779533147812
2025-10-30,0.011678113602101803,0.9845171570777893,0.0038047500420361757,0.04493199025262461,0.9464979153418651,0.008570094405510174,0.12920912744894103,0.8374274283229016,0.03336344422815731,0.04,0.96,0.0,0.22349552810192108,0.6051194667816162,0.17138509452342987
2025-10-31,0.001664489507675171,0.9961559176445007,0.002179560251533985,0.004077218790403852,0.9929732251166729,0.0029495560929232462,0.0652685947584666,0.9042932719244641,0.030438133317069273,0.02,0.94,0.04,0.24327746033668518,0.5687094330787659,0.18801309168338776
2025-11-03,0.0037749717012047768,0.9921417236328125,0.004083241801708937,0.006963343133001049,0.9861072583363313,0.006929398530667706,0.02897932031896073,0.9439595636827116,0.02706111599832777,0.02,0.98,0.0,0.2443731427192688,0.5586561560630798,0.1969706267118454
2025-11-04,0.0014613654930144548,0.9979785084724426,0.0005601940210908651,0.008434146915314468,0.9901855700994947,0.0013802829851909538,0.02039030700040474,0.9623497435620515,0.01725994943754362,0.0,0.96,0.04,0.23432433605194092,0.5519536733627319,0.21372197568416595
2025-11-06,0.0010450237896293402,0.9974460601806641,0.0015089486259967089,0.006587489425055511,0.9891736706229701,0.00423883995197436,0.0177454929748419,0.9607626896310111,0.021491817394147,0.02,0.94,0.04,0.1969945728778839,0.5884288549423218,0.2145765870809555
2025-11-07,0.0016215710202232003,0.9965008497238159,0.0018775603966787457,0.007534534822751526,0.9900416444833796,0.0024238206938687803,0.012094318574573508,0.9732599226421884,0.014645758783238061,0.0,0.96,0.04,0.1890450119972229,0.6019861698150635,0.208968847990036
2025-11-10,0.00039218334131874144,0.9991757273674011,0.00043202482629567385,0.0011104811302320519,0.9980978773431682,0.0007916415265997323,0.015433573437747091,0.9747843762401841,0.009782050322068775,0.0,1.0,0.0,0.1763593852519989,0.6460390686988831,0.17760147154331207
2025-11-11,0.00022382623865269125,0.9994447827339172,0.00033143413020297885,0.0005533044814632569,0.9986226866668565,0.0008240088516803006,0.012737851500214012,0.9817192345478198,0.005542913951966094,0.0,1.0,0.0,0.1750171184539795,0.6677054762840271,0.1572774350643158
2025-11-12,0.0013707118341699243,0.9973948001861572,0.0012344855349510908,0.0011740511813274836,0.996454286823528,0.0023716619951445993,0.013081491710103657,0.9703223589218564,0.01659614936803981,0.02,0.94,0.04,0.1447470635175705,0.7062368392944336,0.14901606738567352
2025-11-13,0.0016715608071535826,0.9976801872253418,0.0006481941090896726,0.002105956476711539,0.9972669039361403,0.0006271395871483294,0.009979641507411811,0.9857820282053751,0.004238330287213159,0.02,0.98,0.0,0.1749829202890396,0.6591938734054565,0.16582316160202026
2025-11-14,0.0017248713411390781,0.9975553154945374,0.0007199012907221913,0.0027271591920306304,0.9963826478974408,0.000890192910528652,0.030413082718837945,0.9620248830528966,0.007562034228265349,0.0,1.0,0.0,0.17493312060832977,0.674048125743866,0.15101873874664307
2025-11-17,0.001303101540543139,0.9974780678749084,0.0012188020627945662,0.0030647738834302736,0.9950605601446126,0.0018746659719568863,0.033641452107013706,0.9495805300140339,0.01677801787895244,0.0,1.0,0.0,0.16649217903614044,0.6730436086654663,0.16046424210071564
2025-11-18,0.0012342508416622877,0.9970310926437378,0.0017346054082736373,0.0035097808792974973,0.9918779343027689,0.004612284817933692,0.00878330039037374,0.9698360775636231,0.02138062204600294,0.0,1.0,0.0,0.15697063505649567,0.6773783564567566,0.16565100848674774
2025-11-19,0.002607014263048768,0.9952715039253235,0.002121491590514779,0.004878281535310194,0.9882387824047228,0.006882936059966941,0.024302684835696375,0.9602408099756,0.01545650518870361,0.0,1.0,0.0,0.18322426080703735,0.6399602890014648,0.1768154352903366
2025-11-20,0.0022835596464574337,0.9960281848907471,0.0016882370691746473,0.004407564659575817,0.9897742002517036,0.00581823508872054,0.010596614771685964,0.9648740731889479,0.024529312039366126,0.0,1.0,0.0,0.1723618507385254,0.6487075090408325,0.17893067002296448
2025-11-21,0.0010879451874643564,0.9906691312789917,0.008242901414632797,0.004649085429265671,0.9828556616056071,0.012495252965127341,0.013183832301497545,0.8703491740953254,0.11646699360317703,0.0,0.98,0.02,0.15264402329921722,0.6758641600608826,0.17149189114570618
2025-11-24,0.0018341082613915205,0.9961452484130859,0.0020206046756356955,0.0037806205562859645,0.988170994908311,0.008048384535403116,0.009150104945560412,0.9792464220776208,0.011603472976818803,0.0,1.0,0.0,0.18322907388210297,0.6400420665740967,0.17672885954380035
2025-11-25,0.0010033329017460346,0.9951334595680237,0.0038631372153759003,0.001622670630565743,0.9823585397744358,0.016018789594998577,0.013050730163742731,0.9758698570699568,0.011079412766300556,0.0,0.98,0.02,0.15760289132595062,0.6891927719116211,0.1532042771577835
2025-11-26,0.0009383069700561464,0.9977121353149414,0.0013495123712345958,0.002946254638681721,0.9961650036796388,0.000888741681679458,0.024604280938411518,0.9681181589839885,0.007277560077600015,0.0,0.98,0.02,0.1545080542564392,0.7026035785675049,0.1428884118795395
2025-11-27,0.0011802713852375746,0.996525228023529,0.002294459380209446,0.0031932175293165866,0.9953568786877703,0.0014499037829130389,0.012577981224770005,0.9841521215472594,0.0032698972279705764,0.0,0.96,0.04,0.15141887962818146,0.7054535746574402,0.14312750101089478
2025-11-28,0.0008077363600023091,0.99616938829422,0.0030228733085095882,0.002137800838646146,0.9789946678986611,0.018867531262692732,0.014703087405145185,0.9738409655904242,0.011455947004430523,0.02,0.98,0.0,0.1499434858560562,0.7162699699401855,0.13378652930259705
2025-12-01,0.0003496975696180016,0.9991633892059326,0.0004869479453191161,0.0013862866360339866,0.9976370466012998,0.0009766667626661986,0.008435239839284184,0.9868790414321487,0.00468571872856698,0.0,1.0,0.0,0.1481730341911316,0.7194684147834778,0.1323586404323578
2025-12-02,0.0003148946270812303,0.9992907047271729,0.0003944025083910674,0.001333546057312431,0.9978368904657509,0.0008295634769366128,0.009651470437203102,0.9883039429922944,0.002044586570502544,0.02,0.98,0.0,0.1688057780265808,0.6828985810279846,0.14829562604427338
2025-12-03,0.0008834339096210897,0.9980520009994507,0.0010645424481481314,0.0019133548697191703,0.9956617921414628,0.0024248529888181002,0.0037531030414126895,0.9872796094113663,0.008967287547220941,0.0,0.98,0.02,0.18823550641536713,0.6441336274147034,0.1676308810710907
2025-12-04,0.0020403428934514523,0.9959217309951782,0.0020379694178700447,0.006617051349495046,0.9876432622986909,0.005739686351814014,0.006136257920715219,0.9887145184131849,0.0051492236660998225,0.0,1.0,0.0,0.20186208188533783,0.6300699710845947,0.16806788742542267
2025-12-05,0.0017222940223291516,0.9973099231719971,0.0009677885100245476,0.008495975905167387,0.9898941479378853,0.0016098761569471863,0.011783800922212621,0.9829013027995823,0.005314896278205041,0.04,0.94,0.02,0.1860884726047516,0.6616062521934509,0.15230531990528107
2025-12-08,0.0007129813311621547,0.998724639415741,0.0005623794277198613,0.001501956669820877,0.9975250747879701,0.000972968542208916,0.00587404100087314,0.9901775710762681,0.003948387922858846,0.0,1.0,0.0,0.1756819784641266,0.668496310710907,0.15582174062728882
2025-12-09,0.0018428200855851173,0.997198224067688,0.0009589855326339602,0.003647089739096017,0.9945587096003236,0.001794200660580333,0.008496286354251687,0.9851050821445556,0.006398631501192592,0.0,1.0,0.0,0.19244404137134552,0.6327155828475952,0.17484036087989807
2025-12-10,0.002682698890566826,0.9896960258483887,0.0076212496496737,0.007666467111579214,0.9766265491870969,0.01570698370132366,0.014322015719709954,0.9751265189520711,0.010551465328218922,0.06,0.94,0.0,0.19647453725337982,0.6142239570617676,0.18930144608020782
2025-12-11,0.0005065984441898763,0.9972842931747437,0.0022090496495366096,0.001904493514244151,0.9946937720490977,0.0034017344366582794,0.014285259250332347,0.9648471985187491,0.020867542230918634,0.06,0.94,0.0,0.1642916351556778,0.6633864641189575,0.17232191562652588
2025-12-12,0.0007343635079450905,0.994122326374054,0.0051432582549750805,0.0024583472135434182,0.9866682197686019,0.010873433017854685,0.011784309152933008,0.9750860402553604,0.013129650591706779,0.0,0.98,0.02,0.17272497713565826,0.6572945713996887,0.1699805110692978
2025-12-15,0.0006186937680467963,0.9974409341812134,0.0019403421320021152,0.0016499032442357764,0.9931464007658315,0.005203695989932693,0.009935430611783733,0.9828571251470009,0.0072074442412154195,0.0,1.0,0.0,0.1727331578731537,0.6600890159606934,0.16717787086963654
2025-12-16,0.0011190585792064667,0.9909456968307495,0.007935242727398872,0.0017840498161273916,0.9826480068702258,0.015567943313646656,0.007032989703179206,0.9835438914439082,0.009423118852912565,0.0,1.0,0.0,0.17134444415569305,0.6471055150032043,0.1815500110387802
2025-12-17,0.0018839151598513126,0.9934511184692383,0.004664994310587645,0.00449330526063093,0.9807752553769227,0.014731439362446424,0.014366485779423377,0.9536051292975211,0.03202838492305554,0.0,0.98,0.02,0.18827539682388306,0.6119582653045654,0.1997663527727127
2025-12-18,0.0023310731630772352,0.9948335886001587,0.0028353699017316103,0.0034544226557414325,0.9922971631994684,0.004248414144790191,0.017668051953324992,0.9628456784678059,0.019486269578869078,0.02,0.94,0.04,0.18246930837631226,0.6193140149116516,0.1982167363166809
2025-12-19,0.005445396527647972,0.9936709403991699,0.0008836994529701769,0.0037114032298287336,0.993414040493515,0.00287455627665615,0.0040541209738958655,0.9909011701040699,0.00504470892203439,0.0,0.96,0.04,0.1554293930530548,0.6825399994850159,0.16203056275844574
2025-12-22,0.0007307912455871701,0.9987108707427979,0.0005583034944720566,0.0037827237268462876,0.9943612654098176,0.0018560108633360489,0.00794545575843206,0.9870045511528978,0.0050499930886702205,0.0,1.0,0.0,0.1428259015083313,0.7127472758293152,0.14442677795886993
2025-12-23,0.0005993139347992837,0.9987466335296631,0.0006539893802255392,0.0020844499886171716,0.9966904725556507,0.001225077455732228,0.008225731926581149,0.9894254327213725,0.002348835352046445,0.06,0.94,0.0,0.14942361414432526,0.7103754878044128,0.1402009129524231
2025-12-24,0.0005819467478431761,0.9985723495483398,0.0008457454387098551,0.0023387801641197316,0.9958555980028111,0.0018056218330693545,0.005452444718954702,0.9913464791735113,0.0032010761075340964,0.04,0.96,0.0,0.13241618871688843,0.7430627942085266,0.12452107667922974
2025-12-26,0.00025323836598545313,0.9991268515586853,0.0006199186318553984,0.00195033151420816,0.9964697106163071,0.0015799578694847315,0.009461155577544062,0.9858651498258206,0.004673694596635498,0.0,1.0,0.0,0.15209345519542694,0.7085278034210205,0.13937875628471375
2025-12-29,0.00022639859525952488,0.9989399313926697,0.0008336490718647838,0.003603606307949965,0.9906192518355922,0.005777141856457763,0.005035284953052902,0.9885119082062326,0.0064528068407144895,0.02,0.98,0.0,0.14484968781471252,0.7115833163261414,0.14356695115566254
2025-12-30,0.0008008469012565911,0.9981840252876282,0.001015126472339034,0.003171635628500873,0.9938993845093886,0.0029289798621105877,0.003812053486335547,0.9845206361305616,0.011667310383102815,0.0,1.0,0.0,0.15397101640701294,0.6922022104263306,0.15382680296897888
2025-12-31,0.0035017956979572773,0.9895839095115662,0.006914225406944752,0.008923156157552832,0.9795718057830999,0.011505038059347156,0.004387175476058449,0.9902386761340195,0.005374148389922102,0.04,0.96,0.0,0.14338602125644684,0.7132280468940735,0.14338593184947968
2026-01-01,0.003434225916862488,0.9933828115463257,0.0031829471699893475,0.013678421063330127,0.9811890170461776,0.005132561890492249,0.00876624919461065,0.9865329995522609,0.004700751253128463,0.04,0.96,0.0,0.1430070400238037,0.7175873517990112,0.13940559327602386
2026-01-02,0.9395834803581238,0.05603577569127083,0.004380776081234217,0.8444129855689112,0.14733769818780787,0.008249316243280938,0.5210344194119594,0.44369520392440853,0.035270376663632155,0.64,0.32,0.04,0.1734859198331833,0.6705815196037292,0.15593253076076508
2026-01-05,0.020752977579832077,0.9780634045600891,0.0011836157646030188,0.046420522733180994,0.948271820173847,0.005307657092971943,0.06607853130570641,0.9202877210795005,0.01363374761479308,0.06,0.88,0.06,0.16402274370193481,0.6922973990440369,0.14367982745170593
2026-01-06,0.02013230510056019,0.9772970676422119,0.002570556942373514,0.06067809391708533,0.9346600381363012,0.004661867946613459,0.023122246596803304,0.9657962782245046,0.011081475178692197,0.08,0.9,0.02,0.165865957736969,0.6946804523468018,0.13945358991622925
2026-01-07,0.0013977921335026622,0.9974639415740967,0.0011382668744772673,0.010058867385149559,0.9873891560019766,0.0025519766128737653,0.020505937745977268,0.96555013599457,0.013943926259452816,0.04,0.96,0.0,0.1485508531332016,0.718785285949707,0.13266384601593018
2026-01-08,0.008301659487187862,0.9867739677429199,0.004924381151795387,0.020718324757001586,0.9717509676722995,0.007530707570699001,0.038602616641830886,0.9386814855360606,0.022715897822108574,0.02,0.98,0.0,0.17326895892620087,0.6740682125091553,0.15266285836696625
2026-01-09,0.02019098773598671,0.9766106605529785,0.0031984089873731136,0.05654013938087902,0.9245181914750822,0.018941669144038765,0.18147988775697863,0.7955920803885146,0.022928031854506883,0.14,0.84,0.02,0.20352695882320404,0.6160826683044434,0.1803903728723526
2026-01-12,0.9610093235969543,0.032722242176532745,0.00626849802210927,0.8862674608802859,0.10266918679584716,0.011063352323867,0.8444118646579648,0.1251153845268138,0.030472750815221224,0.7,0.28,0.02,0.2143104374408722,0.6001265048980713,0.18556298315525055
2026-01-13,0.9339138269424438,0.060988184064626694,0.0050980038940906525,0.8124290267408157,0.177209430558325,0.010361542700859221,0.6679486014132512,0.3085152038921636,0.02353619469458527,0.66,0.3,0.04,0.21176177263259888,0.6077418327331543,0.18049640953540802
2026-01-14,0.037728309631347656,0.955124020576477,0.0071477037854492664,0.11858967232547996,0.8714127468339953,0.009997580840524602,0.05605044124515809,0.9321757108746921,0.01177384788014979,0.2,0.78,0.02,0.2107028216123581,0.6263903975486755,0.1629067063331604
2026-01-16,0.904331624507904,0.0829608216881752,0.012707591988146305,0.8140673453138774,0.1759936045140763,0.009939050172046293,0.674848113550016,0.2974879920672628,0.027663894382721377,0.64,0.36,0.0,0.2027486115694046,0.6293599009513855,0.1678915172815323
2026-01-19,0.026156067848205566,0.9695843458175659,0.004259629640728235,0.07324678849743921,0.9171476752360979,0.009605536266462744,0.13076783291628352,0.8503582588256653,0.018873908258051096,0.3,0.68,0.02,0.22134914994239807,0.5955674052238464,0.1830834448337555
2026-01-20,0.0035948047880083323,0.9903020262718201,0.006103185936808586,0.007442524343730915,0.9758645296774582,0.01669294597881073,0.011268041432347834,0.9799470175703263,0.008784940997325708,0.04,0.88,0.08,0.3007485866546631,0.43741583824157715,0.2618354856967926
2026-01-21,0.010046673938632011,0.9870251417160034,0.002928182715550065,0.009802554933163322,0.9839551143881846,0.006242330678652106,0.012588993418777433,0.9781333424560552,0.009277664125167366,0.04,0.96,0.0,0.31431639194488525,0.39633962512016296,0.28934401273727417
2026-01-22,0.0018432182259857655,0.9941620230674744,0.003994697239249945,0.0035809760662575737,0.9879950398784766,0.008423984055265966,0.014669670651944413,0.9287164304831445,0.056613898864911076,0.06,0.9,0.04,0.31255221366882324,0.3975289463996887,0.28991881012916565
2026-01-23,0.011790317483246326,0.9795191884040833,0.008690481074154377,0.05154190698358967,0.9273946648790605,0.0210634281373498,0.03340309922367238,0.9374980363554596,0.029098864420868086,0.1,0.84,0.06,0.33503252267837524,0.39149442315101624,0.2734731137752533
2026-01-27,0.009617038071155548,0.05400430038571358,0.9363786578178406,0.022449491046092555,0.14365821766640566,0.8338922912875018,0.03972682924837638,0.29192367957298754,0.6683494911786361,0.02,0.26,0.72,0.27814093232154846,0.4834291636943817,0.23842987418174744
2026-01-28,0.002620944520458579,0.9935441017150879,0.003834989620372653,0.0062219067368822585,0.9740119031396899,0.019766190123427774,0.05309206799031202,0.8683677511539701,0.07854018085571776,0.04,0.88,0.08,0.28213146328926086,0.4740731120109558,0.24379542469978333
2026-01-29,0.003438483225181699,0.9917717576026917,0.004789696540683508,0.0069817756143601035,0.9688095830537046,0.024208641331935357,0.023942580006763744,0.9557610092387782,0.020296410754458257,0.06,0.92,0.02,0.29321423172950745,0.4751230478286743,0.23166275024414062
2026-01-30,0.007891462184488773,0.9796374440193176,0.012471076101064682,0.014759434738977176,0.9684739235900952,0.016766641670927524,0.11827219147157275,0.8280973363646023,0.0536304721638249,0.06,0.82,0.12,0.2836509644985199,0.46758726239204407,0.24876180291175842
2026-02-02,0.025131579488515854,0.044376734644174576,0.9304917454719543,0.042267766190309,0.07078270980382673,0.8869495240058644,0.0989415497312432,0.2729064372681471,0.6281520130006097,0.04,0.12,0.84,0.27884069085121155,0.44718483090400696,0.2739744782447815
2026-02-03,0.005829314235597849,0.9876910448074341,0.006479684263467789,0.01832501982814345,0.9755601559111888,0.006114824260667874,0.10992223730619806,0.8404289269554914,0.049648835738310595,0.1,0.86,0.04,0.21784308552742004,0.5237305164337158,0.2584264278411865
2026-02-04,0.008905603550374508,0.9884556531906128,0.0026387651450932026,0.017737724060328846,0.9748663634549618,0.007395912484709281,0.022507124345307866,0.9656984045059899,0.011794471148702135,0.06,0.92,0.02,0.23314188420772552,0.48483261466026306,0.2820254862308502
2026-02-05,0.0005913135828450322,0.9973856806755066,0.002023053355515003,0.002157612951998575,0.9952413987747527,0.0026009882732488825,0.003155832083959746,0.9689123548298645,0.027931813086175636,0.06,0.92,0.02,0.19352205097675323,0.5207942724227905,0.2856837511062622
2026-02-06,0.0008166534244082868,0.9984490871429443,0.0007342552416957915,0.0016800554910523925,0.99745351403806,0.0008664304708874396,0.02575406395800669,0.9185674013544141,0.055678534687579356,0.0,1.0,0.0,0.1861872524023056,0.579279363155365,0.23453333973884583
2026-02-09,0.0018864881712943316,0.9972981810569763,0.0008153025410138071,0.0036315646222689377,0.9917401230894457,0.00462831228828549,0.03738971470205256,0.9527802761084506,0.009830009189496726,0.06,0.94,0.0,0.15846030414104462,0.6884071230888367,0.15313254296779633
2026-02-10,0.004171931184828281,0.9936834573745728,0.002144579077139497,0.011331731688792618,0.981742290569134,0.006925977742073396,0.05247212919861317,0.9253093279929341,0.02221854280845278,0.02,0.96,0.02,0.19298946857452393,0.6428890824317932,0.16412152349948883
2026-02-11,0.005408655386418104,0.9903130531311035,0.004278350155800581,0.027677061997977596,0.955513829267637,0.016809108734385323,0.09582823123418466,0.8679770112745001,0.0361947574913151,0.04,0.94,0.02,0.18629008531570435,0.652102530002594,0.16160742938518524
2026-02-12,0.0032306613866239786,0.9948358535766602,0.0019334719981998205,0.014759824932376127,0.9759038387318217,0.009336336335802059,0.04577614626225036,0.9399240314855295,0.0142998222522202,0.08,0.9,0.02,0.20577645301818848,0.6186862587928772,0.17553730309009552
2026-02-13,0.005811669863760471,0.9936273097991943,0.0005609942018054426,0.01546352121665051,0.9837320735667074,0.0008044052166421914,0.028396127408808328,0.9622583987325646,0.009345473858626992,0.02,0.98,0.0,0.2150205373764038,0.556801974773407,0.2281775176525116
2026-02-16,0.003987858071923256,0.9954527020454407,0.0005594620015472174,0.016323938564512763,0.9825122444163451,0.0011638170191422268,0.016076288089891044,0.9531513899013947,0.030772322008714298,0.14,0.82,0.04,0.19818153977394104,0.5892754197120667,0.2125430405139923
2026-02-17,0.004151967819780111,0.9917987585067749,0.00404925225302577,0.009311890929239874,0.9826532874588002,0.008034821611959812,0.014584585090272044,0.9497481675474861,0.03566724736224187,0.08,0.82,0.1,0.19094759225845337,0.5967856645584106,0.2122667133808136
2026-02-18,0.006763558369129896,0.9905923008918762,0.0026441728696227074,0.012362782844809907,0.9830543941002192,0.004582823054970831,0.03455636221625127,0.9560084488381144,0.009435188945634295,0.06,0.9,0.04,0.20506425201892853,0.6062749624252319,0.18866084516048431
2026-02-19,0.03446922451257706,0.958667516708374,0.006863294169306755,0.08359115563081565,0.886132075178157,0.03027676919102729,0.13137955716955102,0.850617637035068,0.018002805795380966,0.02,0.98,0.0,0.22022715210914612,0.5744329690933228,0.20533981919288635
2026-02-20,0.03380550071597099,0.9615309834480286,0.004663515370339155,0.08940817259962901,0.9068614162010409,0.003730411199330126,0.19119837751322755,0.7976109349660164,0.011190687520756061,0.2,0.78,0.02,0.2150265872478485,0.6225550174713135,0.162418395280838
2026-02-23,0.9268439412117004,0.0681360587477684,0.005019998177886009,0.8149894682972535,0.17793110453512184,0.007079427167624717,0.5109084053084644,0.47882014542708834,0.01027144926444723,0.72,0.28,0.0,0.21172669529914856,0.6152911186218262,0.17298223078250885
2026-02-24,0.9610447883605957,0.03384355455636978,0.005111683625727892,0.9102593214331505,0.08293628129831664,0.006804397268533039,0.7395689224108292,0.24708762457904043,0.013343453010130546,0.8,0.16,0.04,0.23150919377803802,0.5829647183418274,0.18552610278129578
2026-02-25,0.9548702836036682,0.04102226719260216,0.004107401706278324,0.8948660220279276,0.0985974149497456,0.006536563022326659,0.6328733958605486,0.35386982909660775,0.013256775042843559,0.64,0.34,0.02,0.19968989491462708,0.629324197769165,0.17098601162433624
2026-02-26,0.9591081142425537,0.03891380503773689,0.0019781244918704033,0.8758233512303251,0.1184866977025904,0.0056899510670845015,0.6281024571201976,0.357177574237242,0.01471996864256032,0.7,0.26,0.04,0.18968215584754944,0.6389874219894409,0.17133042216300964
2026-02-27,0.9672015905380249,0.018891358748078346,0.013907029293477535,0.9289217011929753,0.06303613990576071,0.008042158901263866,0.7097504891081702,0.25135429175976237,0.03889521913206734,0.7,0.3,0.0,0.22451986372470856,0.5495032668113708,0.22597689926624298
2026-03-02,0.9722551703453064,0.026599839329719543,0.001144941197708249,0.8872341737096988,0.10776873834824913,0.004997087942052134,0.7033499392341148,0.267768852698422,0.028881208067463138,0.68,0.24,0.08,0.32284015417099,0.4204343855381012,0.25672540068626404
2026-03-04,0.9753469228744507,0.022544221952557564,0.002108850749209523,0.9434000914228351,0.050839260996171906,0.005760647580993045,0.9015224488210031,0.08307412735833584,0.015403423820660908,0.8,0.18,0.02,0.39944761991500854,0.35123565793037415,0.2493167221546173
2026-03-05,0.9702024459838867,0.024866241961717606,0.004931353032588959,0.8844634134620432,0.10482061228145258,0.010715974256504252,0.920281219765769,0.0655326777154905,0.01418610251874044,0.74,0.2,0.06,0.4254538118839264,0.35683950781822205,0.21770665049552917
2026-03-06,0.9897423982620239,0.008663940243422985,0.0015936746494844556,0.9529998940622323,0.043268695141999075,0.0037314107957684968,0.9233473785320035,0.055045699761495946,0.02160692170650055,0.86,0.08,0.06,0.4456759989261627,0.36403772234916687,0.19028624892234802
2026-03-09,0.9906163811683655,0.007242764346301556,0.0021408353932201862,0.934678098622637,0.06065563464987794,0.004666266727484986,0.9335739378026839,0.0463078515590882,0.020118210638227906,0.88,0.12,0.0,0.45971086621284485,0.33750516176223755,0.20278404653072357
2026-03-10,0.9790995717048645,0.018408464267849922,0.002491982886567712,0.9260893456112561,0.06725160404886021,0.006659050339883628,0.7987690678610413,0.16646881894311902,0.03476211319583976,0.84,0.14,0.02,0.3786821961402893,0.3142942190170288,0.3070235550403595
2026-03-11,0.06543341279029846,0.9289740920066833,0.005592538509517908,0.22973426819446172,0.7439523195099399,0.026313412295598335,0.337963634712492,0.6208004599335816,0.04123590535392641,0.32,0.66,0.02,0.39938682317733765,0.3167131245136261,0.28390008211135864
2026-03-12,0.9226984977722168,0.07344401627779007,0.0038574899081140757,0.8079099840259157,0.18468349588573185,0.007406520088352392,0.783134276796345,0.19258682114294304,0.024278902060711878,0.7,0.3,0.0,0.4014131426811218,0.32817918062210083,0.27040767669677734
2026-03-13,0.06410294771194458,0.9287525415420532,0.007144552189856768,0.21693089188217923,0.7679235268889694,0.015145581228851332,0.17148953546787205,0.8171175421193059,0.011392922412822113,0.18,0.78,0.04,0.35621073842048645,0.3480973541736603,0.29569196701049805
2026-03-16,0.9119555950164795,0.08488108217716217,0.0031633235048502684,0.8027327255990225,0.18353251652545982,0.013734757875517551,0.5692685645271468,0.4230248757593922,0.007706559713460905,0.62,0.34,0.04,0.3135228753089905,0.3570336699485779,0.32944345474243164
2026-03-17,0.9383585453033447,0.05125419795513153,0.010387330316007137,0.8650742361226874,0.12773624602227315,0.007189517855039342,0.7633245586896832,0.1975556144652356,0.03911982684508133,0.78,0.22,0.0,0.4064987301826477,0.3350123167037964,0.2584889829158783
2026-03-18,0.028494371101260185,0.9667477011680603,0.00475793331861496,0.11157117737763635,0.877886341993495,0.010542480628868733,0.19775707079504504,0.7725337544994395,0.029709174705515394,0.16,0.82,0.02,0.3612947165966034,0.321913480758667,0.3167917728424072
2026-03-19,0.035985518246889114,0.9530913829803467,0.010923093184828758,0.10752044190399619,0.8780884907683432,0.014391067327660724,0.07539239793808897,0.8967087223599836,0.0278988797019274,0.16,0.84,0.0,0.3221324384212494,0.34807685017585754,0.32979074120521545
2026-03-20,0.9366939663887024,0.05176056548953056,0.01154541689902544,0.7040034008487888,0.2855543825319866,0.010442216619224677,0.7167636395290358,0.2692068153171284,0.014029545153835763,0.7,0.3,0.0,0.2905566692352295,0.3506564795970917,0.3587868809700012
2026-03-23,0.013492148369550705,0.9693784117698669,0.017129451036453247,0.02884831723647397,0.9294976372354887,0.041654045528037247,0.03951411191925217,0.9325993603092081,0.02788652777153963,0.02,0.88,0.1,0.27078187465667725,0.38357681035995483,0.34564128518104553
2026-03-24,0.005443827249109745,0.9842111468315125,0.010344977490603924,0.02158513226027455,0.9567872144775211,0.021627653262204366,0.01618491281796569,0.9702363431263067,0.013578744055727681,0.06,0.86,0.08,0.25536978244781494,0.38069581985473633,0.3639344274997711
2026-03-25,0.0066329101100564,0.976498007774353,0.01686912029981613,0.022684851083311246,0.9545470601295907,0.022768088787098135,0.04683844992501536,0.933548702474677,0.01961284760030765,0.12,0.88,0.0,0.27975577116012573,0.3710246682167053,0.34921953082084656
2026-03-27,0.022568710148334503,0.965022087097168,0.012409251183271408,0.07469787023378689,0.8906391626777941,0.034662967088418935,0.06064002692402292,0.926200205965107,0.013159767110870125,0.1,0.88,0.02,0.28685200214385986,0.3537619113922119,0.35938605666160583
2026-03-30,0.014672340825200081,0.0264878012239933,0.9588398337364197,0.007121543291855701,0.10167821478864338,0.891200241919501,0.11975890184376349,0.14373087396645826,0.7365102241897783,0.14,0.16,0.7,0.3125314712524414,0.35107648372650146,0.33639204502105713
2026-04-01,0.012647993862628937,0.02213982306420803,0.9652121663093567,0.016580760171069187,0.06737461220274274,0.9160446276261881,0.04394197141308092,0.03209913196787189,0.9239588966190472,0.1,0.18,0.72,0.2666449248790741,0.3328115940093994,0.4005434215068817
2026-04-02,0.002955567790195346,0.01041889376938343,0.9866255521774292,0.005150538897123215,0.035626079708451074,0.9592233813944256,0.02797608368975841,0.041023295766163446,0.9310006205440783,0.12,0.08,0.8,0.2643805742263794,0.3205375373363495,0.4150819182395935
2026-04-06,0.002619063714519143,0.014043177478015423,0.9833378195762634,0.0036986459907753194,0.038337915983649745,0.9579634380255749,0.06952643275300516,0.06476277230779737,0.8657107949391974,0.04,0.1,0.86,0.2620934844017029,0.34447404742240906,0.39343246817588806
2026-04-07,0.0014345028903335333,0.019482672214508057,0.9790827631950378,0.004997881502740049,0.06614125002260253,0.9288608684746575,0.024782462931592003,0.056757722189487395,0.9184598148789206,0.0,0.06,0.94,0.23581303656101227,0.3814487159252167,0.38273823261260986
2026-04-08,0.007033501751720905,0.9445094466209412,0.04845699295401573,0.009780984545975188,0.887133717204641,0.10308529824938384,0.011413431970584363,0.9165214220192928,0.07206514601012295,0.0,0.66,0.34,0.18113410472869873,0.5000757575035095,0.31879010796546936
2026-04-09,0.0027770015876740217,0.033295173197984695,0.9639278054237366,0.010463711199803077,0.13618923950174944,0.8533470492984475,0.0253433094911683,0.17552316910782712,0.7991335214010047,0.04,0.24,0.72,0.19859294593334198,0.4428434371948242,0.35856354236602783
2026-04-10,0.004662108141928911,0.9629464745521545,0.03239143267273903,0.019122606256084668,0.8914888902539111,0.08938850349000417,0.02654346112727508,0.9042230728504738,0.06923346602225125,0.0,0.76,0.24,0.18934127688407898,0.49223291873931885,0.3184257447719574
2026-04-13,0.004618196748197079,0.0672076940536499,0.9281740784645081,0.00694763016797712,0.15165388390777268,0.8413984859242502,0.03698844584509632,0.22865515268440845,0.7343564014704953,0.0,0.32,0.68,0.2116083949804306,0.473442941904068,0.3149486780166626
2026-04-15,0.007660034112632275,0.9861329793930054,0.0062070246785879135,0.021982516141572626,0.9695784542238544,0.008439029634573105,0.030813319922045335,0.9568395997181228,0.012347080359831848,0.02,0.88,0.1,0.22650252282619476,0.5064119100570679,0.26708561182022095
2026-04-16,0.0030837133526802063,0.9934566617012024,0.003459634492173791,0.01812102160280694,0.974652840687568,0.007226137709625279,0.016180974255660178,0.9561802534845603,0.02763877225977955,0.02,0.96,0.02,0.24869824945926666,0.47674527764320374,0.27455639839172363
2026-04-17,0.022016271948814392,0.9651385545730591,0.012845130637288094,0.04334329680928652,0.9253464854319545,0.031310217758758876,0.0402207929605562,0.9264471987430638,0.03333200829637987,0.08,0.86,0.06,0.21575887501239777,0.5424956679344177,0.2417454868555069
2026-04-20,0.006324968300759792,0.9903719425201416,0.003303077071905136,0.0588175620619722,0.9317615181705002,0.009420919767527595,0.05541600568546119,0.9198147022538941,0.024769292060644658,0.08,0.88,0.04,0.20702172815799713,0.5260884761810303,0.2668897807598114
2026-04-21,0.9192187190055847,0.07435127347707748,0.006430063862353563,0.7266863807748754,0.25395552008942873,0.019358099135695812,0.7092767404350387,0.28025790345449697,0.01046535611046425,0.78,0.2,0.02,0.2303338497877121,0.5192866325378418,0.2503795027732849
2026-04-22,0.015056552365422249,0.9829577803611755,0.001985686831176281,0.07642917746530023,0.9139256000450152,0.009645222489684649,0.11333139244687265,0.8769414571246541,0.00972715042847345,0.08,0.88,0.04,0.26359227299690247,0.4706626534461975,0.2657451331615448
2026-04-23,0.030877472832798958,0.9652637243270874,0.003858755575492978,0.08258552462803859,0.9118160817530632,0.005598393618898059,0.18086469496377464,0.8065160179040609,0.01261928713216438,0.08,0.9,0.02,0.2840450406074524,0.44589677453041077,0.2700580954551697
2026-04-24,0.006520246155560017,0.9903163313865662,0.0031633954495191574,0.018772473984901252,0.9711160409467295,0.01011148506836927,0.015151086754077031,0.9735271688361576,0.011321744409765357,0.04,0.94,0.02,0.33530592918395996,0.400960773229599,0.26373323798179626
2026-04-27,0.005146186798810959,0.9924759268760681,0.002377874683588743,0.04017484117871835,0.9530500519350312,0.006775106886250509,0.014657904415228106,0.9763583640941637,0.008983731490608257,0.02,0.9,0.08,0.31455764174461365,0.4329155385494232,0.25252681970596313
2026-04-28,0.00805591233074665,0.9873878359794617,0.004556263331323862,0.02219305863841396,0.9618901219276882,0.015916819433897923,0.018206918208471867,0.9715691371061819,0.01022394468534623,0.04,0.96,0.0,0.30736038088798523,0.4207039475440979,0.27193567156791687
2026-04-29,0.011211325414478779,0.979005753993988,0.009782913140952587,0.020282636576331566,0.9641545815661604,0.015562781857508087,0.050818498737328244,0.9417279628907335,0.007453538371938196,0.12,0.86,0.02,0.33617863059043884,0.40742260217666626,0.2563987374305725
2026-04-30,0.012310992926359177,0.9791582226753235,0.008530780673027039,0.016084439594870093,0.9714293378821698,0.012486222522960099,0.049068243921591564,0.9282647493128123,0.02266700676559619,0.08,0.92,0.0,0.3072171211242676,0.43588918447494507,0.25689366459846497
2026-05-04,0.032135363668203354,0.9544727206230164,0.01339192595332861,0.1297604479030772,0.8622256301653782,0.00801392193154457,0.27738100467626886,0.6765026908021394,0.046116304521591676,0.2,0.76,0.04,0.3041626811027527,0.4698663651943207,0.22597095370292664
2026-05-05,0.9237263798713684,0.058952607214450836,0.017321033403277397,0.8417192156295135,0.12590263785367148,0.03237814651681516,0.6780425108907745,0.27991305063602995,0.04204443847319557,0.66,0.32,0.02,0.2820880115032196,0.4739256501197815,0.2439863383769989
2026-05-06,0.9633427858352661,0.03342662751674652,0.0032305996865034103,0.8757376229068646,0.12009248711738432,0.004169889975751069,0.8673417541848969,0.10126647429143092,0.031391771523672195,0.88,0.12,0.0,0.22159622609615326,0.5663618445396423,0.2120419293642044
2026-05-07,0.9763607978820801,0.02090211771428585,0.0027370715979486704,0.9328482114370885,0.0643371103905714,0.00281467817234004,0.8822268140561549,0.09656226159922808,0.021210924344616966,0.82,0.14,0.04,0.2112908512353897,0.5634012222290039,0.22530794143676758
2026-05-08,0.97004234790802,0.02601439878344536,0.0039432295598089695,0.921459071869942,0.0663369020715311,0.012204026058527032,0.6902062831785627,0.29183984359036896,0.01795387323106837,0.76,0.2,0.04,0.2024618685245514,0.5885173678398132,0.20902077853679657
2026-05-11,0.012764263898134232,0.9778948426246643,0.009340859949588776,0.030791726883726042,0.9426575025291858,0.026550770587088154,0.03200583788509111,0.9396909301994538,0.028303231915455074,0.1,0.82,0.08,0.22766833007335663,0.4841047525405884,0.2882268726825714
2026-05-12,0.007150007411837578,0.9837226271629333,0.00912743341177702,0.029879220493992477,0.9372384550044784,0.03288232450152924,0.0347140437357381,0.934429884290264,0.030856071973998027,0.1,0.88,0.02,0.2811098098754883,0.36721816658973694,0.35167196393013
2026-05-13,0.008320063352584839,0.9895154237747192,0.002164562465623021,0.003794507557025634,0.9924351479424386,0.003770344500535843,0.033091393008683426,0.9423074454798348,0.024601161511481746,0.02,0.92,0.06,0.30659422278404236,0.3621395528316498,0.3312661647796631
2026-05-14,0.003116104518994689,0.9934857487678528,0.003398200264200568,0.0054794064957984865,0.9893805828566625,0.00514001064753894,0.012226039790866932,0.9690887937171083,0.0186851664920247,0.04,0.92,0.04,0.3176021873950958,0.38546186685562134,0.2969358563423157
2026-05-15,0.0009465806069783866,0.998572587966919,0.00048078870167955756,0.003801293221153992,0.9939377729054749,0.0022609338733710653,0.01277641939406167,0.9800933798993333,0.007130200706604944,0.0,0.98,0.02,0.33272629976272583,0.39352190494537354,0.27375176548957825
2026-05-18,0.001539188320748508,0.9963288903236389,0.002131933579221368,0.013656297522913115,0.975980908905875,0.010362793571211866,0.011568709899808542,0.9767985146632504,0.011632775436940933,0.02,0.98,0.0,0.3421838879585266,0.3863493502140045,0.2714667320251465
2026-05-19,0.003955160267651081,0.9929389953613281,0.00310582690872252,0.014925939817831562,0.9742485127607248,0.010825547421443715,0.010509605642236611,0.9661232725066241,0.023367121851139275,0.0,0.98,0.02,0.3244101107120514,0.370593786239624,0.304996132850647
2026-05-20,0.002984371967613697,0.9952623844146729,0.001753262709826231,0.01390895345191134,0.983407996221175,0.0026830503269135338,0.024622783019679552,0.9276461936403445,0.04773102333997593,0.04,0.96,0.0,0.2929454743862152,0.3986508548259735,0.3084036707878113
2026-05-21,0.012157083489000797,0.9831478595733643,0.0046950592659413815,0.01727836083936763,0.9724187859301712,0.01030285323046126,0.02009508781495937,0.9405498004996358,0.039355111685404766,0.06,0.88,0.06,0.2784348428249359,0.40965861082077026,0.31190651655197144
2026-05-22,0.008605320937931538,0.9874261617660522,0.003968524280935526,0.017905963291520922,0.9765686562469453,0.005525380461533598,0.029022589997245773,0.9221388294287715,0.04883858057398278,0.1,0.84,0.06,0.24640366435050964,0.47707390785217285,0.27652236819267273
2026-05-25,0.9661352038383484,0.02146228961646557,0.012402474880218506,0.9077477592631213,0.0824589137768638,0.00979332696001482,0.7328678058939816,0.19052185778640654,0.07661033631961178,0.68,0.24,0.08,0.22994638979434967,0.502417266368866,0.26763638854026794
2026-05-26,0.9774705171585083,0.015761934220790863,0.0067674992606043816,0.9334984382192135,0.05404770004349607,0.012453861737290286,0.893743345676514,0.07434958465838339,0.03190706966510239,0.78,0.18,0.04,0.19469021260738373,0.5705093145370483,0.2348005175590515
2026-05-27,0.970539391040802,0.024937978014349937,0.004522561561316252,0.9156717787234544,0.07827978769973722,0.006048433576808418,0.8906580426825931,0.04239676107536249,0.06694519624204433,0.76,0.16,0.08,0.18020500242710114,0.6064208149909973,0.21337415277957916
2026-05-29,0.004232930485159159,0.9829177260398865,0.012849387712776661,0.013258706976782008,0.9626270057702931,0.02411428725292478,0.06675459826316286,0.8681113327906466,0.06513406894619064,0.08,0.86,0.06,0.21782369911670685,0.5149824619293213,0.26719388365745544
2026-06-01,0.0023930715397000313,0.9843665361404419,0.013240453787147999,0.0028068955766256116,0.9674231817916867,0.029769922631687575,0.022431708227178312,0.9489528944842668,0.02861539728855499,0.04,0.82,0.14,0.23172903060913086,0.45589983463287354,0.3123711943626404
2026-06-02,0.001233309623785317,0.9975058436393738,0.0012609155382961035,0.0024278423410404614,0.9897506434988922,0.007821514160067482,0.018669875139741065,0.9599249291450188,0.021405195715240185,0.02,0.96,0.02,0.2603150010108948,0.44297492504119873,0.2967101037502289
2026-06-03,0.0006508462829515338,0.9968163371086121,0.0025328299961984158,0.00549036944087623,0.9773659720488983,0.017143658510225417,0.043053088202841434,0.9168141802942307,0.040132731502927926,0.0,0.96,0.04,0.2740410566329956,0.43220606446266174,0.2937529385089874
2026-06-04,0.0007539581856690347,0.9963411688804626,0.0029048346914350986,0.0036261989615887194,0.980727370249481,0.015646430788930264,0.01440526225929375,0.9442700299824716,0.04132470775823458,0.0,0.98,0.02,0.26414361596107483,0.479270875453949,0.25658556818962097
2026-06-05,0.004815989639610052,0.9646141529083252,0.030569853261113167,0.05320134874535606,0.8360457558762698,0.11075289537837409,0.021242021040673187,0.8450117583965822,0.13374622056274477,0.0,0.82,0.18,0.253728449344635,0.46734780073165894,0.27892372012138367
2026-06-08,0.005611096508800983,0.02407730743288994,0.9703116416931152,0.017452578317823406,0.07759740017775897,0.9049500215044175,0.028169207592131523,0.21129305300573778,0.7605377394021307,0.0,0.24,0.76,0.2597174048423767,0.4214107394218445,0.3188718855381012
2026-06-09,0.0025564185343682766,0.01760786771774292,0.9798357486724854,0.004655362068220106,0.06816922511048064,0.9271754128212992,0.004204684490354662,0.06351967170772169,0.9322756438019236,0.04,0.18,0.78,0.24215050041675568,0.45108598470687866,0.3067634403705597
2026-06-10,0.0010839374735951424,0.02425893023610115,0.9746571779251099,0.0026624031676204503,0.04208077861390787,0.9552568182184717,0.008749035532730584,0.11410327428569464,0.8771476901815749,0.0,0.12,0.88,0.2452373206615448,0.4524293839931488,0.302333265542984
2026-06-11,0.0032192447688430548,0.021926309913396835,0.9748544692993164,0.0066822925631543845,0.0517314879414969,0.9415862194953488,0.07713795092132425,0.052420873207607105,0.8704411758710685,0.12,0.1,0.78,0.22254899144172668,0.5112140774726868,0.2662369906902313
2026-06-12,0.002106098923832178,0.9966802597045898,0.0012136648874729872,0.023244412211349316,0.9643185245575797,0.012437063231071063,0.06544930195543766,0.8962419844372528,0.038308713607309516,0.02,0.9,0.08,0.21055276691913605,0.5670477747917175,0.22239935398101807
2026-06-15,0.004213090520352125,0.9916464686393738,0.004140520468354225,0.03035279466126611,0.9605024699064729,0.009144735432260964,0.048130130707609964,0.9074709306586427,0.044398938633747276,0.06,0.94,0.0,0.19862791895866394,0.5803831219673157,0.22098903357982635
2026-06-16,0.002193922409787774,0.9934608936309814,0.004345225635915995,0.009024886304695175,0.9832988815240682,0.007676232171236722,0.009132576071681888,0.9845223833025103,0.006345040625807915,0.02,0.92,0.06,0.16446320712566376,0.6281284093856812,0.2074083685874939
2026-06-17,0.0006030298536643386,0.9986518025398254,0.0007451976416632533,0.003703947162797104,0.9891219596736653,0.00717409316353761,0.009482160408578055,0.9837616693811234,0.0067561702102985725,0.0,1.0,0.0,0.1689264178276062,0.6284647583961487,0.2026088982820511
2026-06-18,0.00016848856466822326,0.9996432065963745,0.00018834765069186687,0.0006940847722582247,0.9988622176819986,0.00044369754574308544,0.0017338141358320654,0.9923951304630652,0.005871055401102735,0.02,0.98,0.0,0.15441201627254486,0.6843445301055908,0.16124342381954193
2026-06-19,0.000519217865075916,0.9986139535903931,0.0008668560767546296,0.0033286945250869666,0.9950456760377148,0.001625629437198359,0.012599908255236,0.969910773670277,0.017489318074487087,0.04,0.96,0.0,0.15125715732574463,0.6900591850280762,0.1586836874485016
2026-06-22,0.0006936186691746116,0.9979840517044067,0.0013223453424870968,0.0035557311889029154,0.9941583832369387,0.0022858855741583464,0.010201695768415842,0.9609804389735194,0.028817865258064755,0.02,0.92,0.06,0.17546868324279785,0.6512196660041809,0.17331166565418243
2026-06-23,0.009967374615371227,0.972305417060852,0.017727196216583252,0.020257865843762334,0.9663053138395654,0.013436820316672206,0.032911012642917854,0.9050943201333389,0.061994667223743125,0.1,0.82,0.08,0.2287888526916504,0.50362229347229,0.2675888240337372
2026-06-24,0.0010401788167655468,0.9935575127601624,0.005402259062975645,0.0073841101854715905,0.9751907756254602,0.017425114189068246,0.024542475406300508,0.8414040479365645,0.13405347665713513,0.02,0.88,0.1,0.21429304778575897,0.5388137698173523,0.24689316749572754
2026-06-25,0.0005061029805801809,0.9891875386238098,0.010306326672434807,0.0030388357509326855,0.9477053327662852,0.04925583148278215,0.012817130461271645,0.9488246606800841,0.038358208858644084,0.0,0.8,0.2,0.1852191984653473,0.6065914034843445,0.20818936824798584
2026-06-29,0.002081847982481122,0.044336285442113876,0.9535818696022034,0.00300746736952553,0.10750258727797729,0.8894899453524973,0.019986684663944425,0.40265647769507135,0.5773568376409842,0.0,0.32,0.68,0.16855286061763763,0.642585277557373,0.1888618916273117
2026-06-30,0.0005332084838300943,0.06445065140724182,0.9350161552429199,0.0020314473055695974,0.12185494781046369,0.8761136048839667,0.014376840699811976,0.3757067077386114,0.6099164515615766,0.0,0.28,0.72,0.1764475256204605,0.651261031627655,0.17229147255420685
2026-07-01,0.002833533100783825,0.9957442879676819,0.0014221278252080083,0.005660291553956952,0.9883884952320015,0.005951213214041645,0.02539903265337264,0.9603709611794085,0.014230006167218992,0.02,0.98,0.0,0.17907562851905823,0.6699744462966919,0.1509498804807663
2026-07-02,0.005611394066363573,0.990405261516571,0.003983307629823685,0.016997329130255482,0.9682253897793249,0.014777281090419633,0.01174549261339834,0.9787716481146501,0.009482859271951643,0.0,1.0,0.0,0.18458658456802368,0.6626465320587158,0.1527668982744217
2026-07-03,0.004960871767252684,0.9913188815116882,0.0037202651146799326,0.008244137893229003,0.9845046072494359,0.0072512548573352206,0.01183756188207923,0.9775562733553855,0.01060616476253527,0.02,0.98,0.0,0.18408355116844177,0.6601958274841309,0.15572065114974976
2026-07-06,0.0019985269755125046,0.9969923496246338,0.0010091062868013978,0.005699030688318486,0.9921169332155186,0.0021840360961628753,0.003116830364441112,0.9951045672248069,0.001778602410752015,0.02,0.96,0.02,0.19019047915935516,0.6552944779396057,0.15451504290103912
2026-07-07,0.00479262275621295,0.9935560822486877,0.0016513351583853364,0.011157221005027567,0.9875576442644939,0.0012851347304786947,0.022332952353214502,0.9583684148299136,0.019298632816871726,0.0,0.98,0.02,0.20854319632053375,0.6298986077308655,0.1615581512451172
2026-07-08,0.0015217160107567906,0.9981885552406311,0.00028972566360607743,0.0037486232941396185,0.9959605349984422,0.000290841707418324,0.01262200427962386,0.9678879355725946,0.019490060147781554,0.0,1.0,0.0,0.2703659236431122,0.5279985666275024,0.201635479927063
2026-07-09,0.0020920957904309034,0.9974997639656067,0.00040811297367326915,0.010908260654250946,0.9884902602387017,0.0006014791070472263,0.02191534758181703,0.9632418220869973,0.0148428303311859,0.02,0.98,0.0,0.24861344695091248,0.5531195402145386,0.19826702773571014
2026-07-10,0.005549490451812744,0.9938574433326721,0.0005930248298682272,0.01897969292429741,0.9800324752862679,0.0009878317894345852,0.03179339468169703,0.9562695322135925,0.011937073104710488,0.06,0.92,0.02,0.22511015832424164,0.5999969244003296,0.17489293217658997
2026-07-13,0.008924534544348717,0.9906423687934875,0.00043313257629051805,0.02678461714535348,0.9719069357736819,0.001308447080964517,0.06602050248788388,0.9033090777942799,0.030670419717836187,0.06,0.9,0.04,0.2543085515499115,0.5886166095733643,0.15707482397556305
2026-07-14,0.007600587792694569,0.9908186793327332,0.0015807172749191523,0.036338140752873956,0.9619108339820731,0.0017510252650529846,0.031111383182601798,0.9567782603876156,0.01211035642978254,0.08,0.9,0.02,0.23912174999713898,0.6025403738021851,0.15833787620067596
2026-07-15,0.0028722495771944523,0.9965749382972717,0.0005527613684535027,0.006354669407408503,0.9923668196514174,0.001278510941174233,0.017832368364603564,0.9760316594637032,0.0061359721716931605,0.02,0.98,0.0,0.20085082948207855,0.6521477103233337,0.1470014601945877
2026-07-16,0.0070546637289226055,0.9915008544921875,0.0014444381231442094,0.011312667380293432,0.9870461578692775,0.0016411747504288968,0.06317156018838978,0.9241143785874719,0.01271406122413822,0.04,0.96,0.0,0.21648743748664856,0.6253165006637573,0.1581961214542389
2026-07-17,0.9439820647239685,0.045753058046102524,0.010264872573316097,0.8670030474396954,0.11032036256143038,0.022676589998874234,0.6940074956303542,0.2672881102968432,0.038704394072802635,0.68,0.22,0.1,0.2375321388244629,0.6031062602996826,0.1593615561723709
2026-07-20,0.017238952219486237,0.9755022525787354,0.007258780300617218,0.01962277242673147,0.9714166400908978,0.008960587482370646,0.053949067096388366,0.9273351353750406,0.018715797528571183,0.02,0.96,0.02,0.2170325368642807,0.6128696799278259,0.17009784281253815
2026-07-21,0.008948244154453278,0.9844881296157837,0.006563554517924786,0.030724765027454103,0.9636459467896423,0.005629288182903428,0.16061641269472796,0.8286920229705145,0.010691564334757497,0.04,0.88,0.08,0.20529471337795258,0.6345887184143066,0.16011662781238556
2026-07-22,0.004961277358233929,0.9828485250473022,0.012190259993076324,0.01351675172228435,0.9652836367716929,0.02119961150602261,0.05999569347149372,0.91007608261203,0.02992822391647636,0.04,0.9,0.06,0.2405107021331787,0.5698971748352051,0.1895921230316162
2026-07-23,0.03555511310696602,0.937156081199646,0.02728877030313015,0.1029818537069501,0.8399209993651836,0.05709714692786628,0.07797908748476381,0.8759518934827827,0.04606901903245347,0.16,0.76,0.08,0.2877216339111328,0.5238858461380005,0.18839256465435028
2026-07-24,0.03240349516272545,0.0698854997754097,0.8977109789848328,0.03060927619221839,0.14587001739141067,0.823520706416371,0.10185326534851759,0.31614497754621135,0.5820017571052709,0.06,0.24,0.7,0.27568209171295166,0.5071092247962952,0.2172086536884308
2026-07-27,0.015086132101714611,0.036585964262485504,0.948327898979187,0.02519702151105237,0.09239009349191385,0.8824128849970337,0.07974843470838365,0.3761795430548875,0.5440720222367289,0.04,0.4,0.56,0.20918455719947815,0.5928530693054199,0.19796228408813477
2026-07-28,0.0035726777277886868,0.03006589040160179,0.9663614630699158,0.005224081646766758,0.08038510591931401,0.9143908124339193,0.030417621466192958,0.2277384369674502,0.7418439415663568,0.02,0.24,0.74,0.15169763565063477,0.6805580258369446,0.16774432361125946
2026-07-29,0.00989548210054636,0.9864633083343506,0.0036412226036190987,0.015545075149176513,0.978714880293141,0.005740044557682488,0.09639895756235009,0.8654014593185596,0.0381995831190903,0.06,0.92,0.02,0.15748226642608643,0.6706887483596802,0.1718289703130722
2026-07-30,0.0009400331182405353,0.9981186985969543,0.0009412450599484146,0.006503169916141142,0.9923746077886685,0.0011222222951903277,0.02518233743983293,0.9632726448498597,0.01154501771030722,0.08,0.88,0.04,0.15018832683563232,0.6857609152793884,0.16405075788497925
2026-07-31,0.007714963052421808,0.9908864498138428,0.001398618333041668,0.008288615359122679,0.9884689076685654,0.0032424769723119213,0.04139387044193053,0.9496498129628951,0.008956316595174482,0.04,0.94,0.02,0.15360581874847412,0.6928383708000183,0.15355581045150757
2026-08-03,0.0006494055851362646,0.9988721013069153,0.0004785202909260988,0.00228159585964709,0.9967435502268422,0.0009748539135106618,0.008374969881384167,0.9856240763833958,0.006000953735220042,0.04,0.96,0.0,0.1535222977399826,0.6950344443321228,0.1514432430267334
2026-08-04,0.00032832290162332356,0.9991477727890015,0.0005238705198280513,0.001040096084138812,0.9979820106375071,0.000977893278354102,0.005761099364752526,0.9857631604163057,0.008475740218941744,0.02,0.98,0.0,0.16289061307907104,0.6868391036987305,0.15027032792568207
2026-08-05,0.0012671006843447685,0.9966785907745361,0.0020543031860142946,0.0018117641760849994,0.9873154060537467,0.010872829770168279,0.011710862505991303,0.9796482786297293,0.008640858864279463,0.04,0.92,0.04,0.1555422991514206,0.7001017928123474,0.14435593783855438
2026-08-06,0.0039957077242434025,0.9945776462554932,0.0014266257639974356,0.00771525191206457,0.9872320106999195,0.005052737388015736,0.010972215288938906,0.9831926332723206,0.005835151438740352,0.0,1.0,0.0,0.16035079956054688,0.6976330280303955,0.14201617240905762
2026-08-07,0.0021800075192004442,0.993811845779419,0.004008108749985695,0.007026268785828162,0.9666207086269673,0.026353022587204546,0.015136366918746856,0.97748039342768,0.007383239653573225,0.06,0.94,0.0,0.15324124693870544,0.7131370306015015,0.1336217224597931
2026-08-10,0.0008874042541719973,0.9985584616661072,0.0005541426362469792,0.012081360545219851,0.9837669205418209,0.004151718912959307,0.015318008837830159,0.9777534023303174,0.006928588831852469,0.04,0.96,0.0,0.18246744573116302,0.6698440909385681,0.14768844842910767
2026-08-11,0.0026682703755795956,0.9969377517700195,0.0003940290189348161,0.0076419355665354165,0.991183401831885,0.0011746626015798139,0.012685531723361268,0.9777538095091464,0.009560658767492363,0.04,0.96,0.0,0.2204848974943161,0.6119922399520874,0.1675228625535965
2026-08-12,0.004058877006173134,0.9949743747711182,0.0009667088161222637,0.008754863341582077,0.9872477884664569,0.003997348191960955,0.009711850446126248,0.9855532723762767,0.004734877177596859,0.04,0.92,0.04,0.22330449521541595,0.6148074269294739,0.16188813745975494
2026-08-13,0.0016288026235997677,0.9976646900177002,0.0007064957753755152,0.005974389375575915,0.9899344272901301,0.004091183334293892,0.02385725276341284,0.9673937293030592,0.008749017933527892,0.02,0.94,0.04,0.18686430156230927,0.6601107716560364,0.15302492678165436
2026-08-14,0.0006549913086928427,0.9988735318183899,0.00047143117990344763,0.001623630544259274,0.997420118063529,0.0009562513922118105,0.020918233790443257,0.9643029629012978,0.014778803308258842,0.0,1.0,0.0,0.1947513073682785,0.6430127024650574,0.1622360497713089
2026-08-17,0.0007219766266644001,0.9968833327293396,0.002394662005826831,0.008199660852422614,0.9865949562414116,0.00520538290616589,0.027123365021876535,0.96121375951623,0.011662875461893372,0.02,0.96,0.02,0.1872563511133194,0.6397512555122375,0.17299231886863708
2026-08-18,0.0008990309434011579,0.9955956339836121,0.0035052900202572346,0.008347702774903489,0.9849549096622251,0.006697387562871433,0.016969152029778282,0.9657586090978351,0.01727223887238665,0.0,0.92,0.08,0.20627520978450775,0.5947563648223877,0.19896847009658813
2026-08-19,0.002252095378935337,0.9971730709075928,0.0005748642724938691,0.008752645796832775,0.9889460746488135,0.002301279554353923,0.046699080425605666,0.9282840553733358,0.025016864201058493,0.02,0.98,0.0,0.21944373846054077,0.5691388249397278,0.21141743659973145
2026-08-20,0.0011712510604411364,0.9977039694786072,0.0011248192749917507,0.004622781446287157,0.9935287858479913,0.0018484327057216245,0.031567002820069766,0.9581008939773258,0.0103321032026043,0.0,1.0,0.0,0.23087908327579498,0.5734373927116394,0.1956835240125656
2026-08-21,0.00256799696944654,0.993557870388031,0.0038741661701351404,0.01001416988672841,0.9825726338509729,0.0074131962622985105,0.036813255634684995,0.941076984527206,0.022109759838109158,0.0,1.0,0.0,0.21909122169017792,0.5950643420219421,0.18584440648555756
2026-08-24,0.01925937831401825,0.9735399484634399,0.007200678810477257,0.02976361460388116,0.9554222216629538,0.014814163733165088,0.162551582906509,0.7793536282059922,0.05809478888749879,0.0,0.96,0.04,0.1892097145318985,0.637152373790741,0.17363786697387695
2026-08-25,0.0012567609082907438,0.9983317255973816,0.00041152010089717805,0.004629464792365333,0.993807965088794,0.0015625701188405163,0.018264109537230497,0.9721708451559459,0.009565045306823575,0.04,0.96,0.0,0.16119958460330963,0.6806687712669373,0.15813159942626953
2026-08-26,0.002267902484163642,0.992815375328064,0.004916702397167683,0.008752320533373043,0.9826221899972079,0.008625489469419243,0.010575132865079969,0.9618692221432993,0.027555644991620738,0.0,0.96,0.04,0.12512311339378357,0.731039822101593,0.1438370794057846
2026-08-27,0.0005156176048330963,0.9967545866966248,0.002729796338826418,0.001682906109752139,0.9847197546437826,0.01359733924646521,0.0048093407453603364,0.9678174421389989,0.027373217115640624,0.0,0.96,0.04,0.1616555005311966,0.6729310750961304,0.16541343927383423
2026-08-28,0.00031553528970107436,0.9969130754470825,0.0027714166790246964,0.0010879580488411837,0.9958582409678283,0.003053800983330325,0.004185189272014688,0.986262545183824,0.009552265544161317,0.0,0.98,0.02,0.15109829604625702,0.6889656186103821,0.1599360555410385
2026-08-31,0.0012571184197440743,0.9972324967384338,0.001510413596406579,0.007349007717005297,0.987412931044931,0.00523806123806374,0.022701565002931412,0.9673217995018867,0.009976635495181897,0.02,0.98,0.0,0.17558299005031586,0.64995938539505,0.1744575947523117
2026-09-01,0.006671714596450329,0.9875231385231018,0.005805196240544319,0.04696883717073528,0.9409635529026134,0.012067609926651412,0.03812057718515811,0.9199833395798375,0.041896083235004294,0.1,0.86,0.04,0.19481700658798218,0.6250854730606079,0.1800975352525711
2026-09-02,0.9253031015396118,0.06051986292004585,0.014177057892084122,0.8151875448011772,0.17455550644003984,0.010256948758783095,0.6799758831545295,0.2890662391286312,0.030957877716839402,0.64,0.36,0.0,0.24681980907917023,0.5628284811973572,0.1903517097234726
2026-09-03,0.018786950036883354,0.9770501852035522,0.004162831697613001,0.047773618070918566,0.940557974114892,0.011668407814189631,0.05514802154616076,0.9250651292438814,0.019786849209957814,0.06,0.92,0.02,0.19575907289981842,0.6162250638008118,0.1880159229040146
2026-09-04,0.9093729257583618,0.08667508512735367,0.0039520044811069965,0.7105808612759176,0.27762247471030466,0.011796664013777854,0.5312868344220707,0.43078399408349694,0.03792917149443246,0.62,0.36,0.02,0.17992497980594635,0.6485452651977539,0.17152974009513855
2026-09-07,0.057569753378629684,0.9383800625801086,0.004050196148455143,0.1535217629422852,0.8368394251862329,0.009638811871481922,0.18671892550020527,0.770588840445925,0.04269223405386971,0.08,0.9,0.02,0.19025690853595734,0.6306622624397278,0.1790807843208313
2026-09-08,0.010214768350124359,0.9874633550643921,0.00232183956541121,0.038452674061058977,0.9512918187562325,0.010255507182708469,0.07988516276362252,0.8879244930565328,0.03219034417984468,0.04,0.94,0.02,0.20979540050029755,0.5895795226097107,0.20062510669231415
2026-09-09,0.010496453382074833,0.9849669337272644,0.004536643158644438,0.018903697812734866,0.9464456624193348,0.034650639767930355,0.02876652650667435,0.9536236974430489,0.01760977605027694,0.02,0.94,0.04,0.25572213530540466,0.49969804286956787,0.24457979202270508
2026-09-10,0.00953724142163992,0.9848008155822754,0.005661999341100454,0.027339291339705092,0.9647567950281815,0.007903913632113433,0.025615450886987672,0.964284483275234,0.010100065837778447,0.06,0.9,0.04,0.31790077686309814,0.448828786611557,0.23327046632766724
2026-09-11,0.0019274315563961864,0.9956606030464172,0.002411934547126293,0.008719523081124508,0.9770685541565421,0.014211922762333405,0.03575970089068437,0.9289209156628211,0.03531938344649442,0.0,0.96,0.04,0.3266178071498871,0.4383963942527771,0.23498579859733582
